{
    "type": "FeatureCollection",
    "features": [
      {
        "type": "Feature",
        "geometry": {
          "type": "Polygon",
          "coordinates": [
            [ [ -2.943129470228472, 56.500599416076618 ], [ -2.943100370042356, 56.500409134287111 ], [ -2.942837451143946, 56.500420112427143 ], [ -2.941813595250321, 56.50059772696423 ], [ -2.941092832929048, 56.500683128438887 ], [ -2.932475226490815, 56.501025762236296 ], [ -2.932180445513052, 56.501064800146395 ], [ -2.931103437175006, 56.501261586020313 ], [ -2.930068396603109, 56.501520920306689 ], [ -2.927570668531923, 56.50214694480637 ], [ -2.926360052866039, 56.502403876436254 ], [ -2.926049185985897, 56.502443110412322 ], [ -2.923077807310162, 56.502577502672125 ], [ -2.9224817464148, 56.502582830019591 ], [ -2.92228069495575, 56.502533127192976 ], [ -2.922073468993978, 56.502427693642595 ], [ -2.920239518106569, 56.501155654423719 ], [ -2.91976456066448, 56.500928342452916 ], [ -2.920111498380793, 56.500702936108738 ], [ -2.920006343488784, 56.500652519115832 ], [ -2.920255771553774, 56.500488012327871 ], [ -2.920183461475436, 56.500449927396069 ], [ -2.920293783184889, 56.500381746610692 ], [ -2.920237871487143, 56.500351623349808 ], [ -2.920496009452875, 56.500209505041639 ], [ -2.919778993372575, 56.499847376765459 ], [ -2.920212044597012, 56.499417449978957 ], [ -2.920164776699659, 56.499345947192595 ], [ -2.918381725669482, 56.496540797168514 ], [ -2.917276514888572, 56.496382712573997 ], [ -2.915660325378221, 56.496377569795833 ], [ -2.915005869709068, 56.496317722971455 ], [ -2.914477744396654, 56.496376399850384 ], [ -2.91414599046808, 56.496425545783779 ], [ -2.913780715130668, 56.496500984468412 ], [ -2.913409247910606, 56.49659182616054 ], [ -2.913201594499047, 56.496667001771108 ], [ -2.912683416897651, 56.496939451457024 ], [ -2.912496384368891, 56.49706477176445 ], [ -2.912275299141718, 56.497395213794107 ], [ -2.912169700969262, 56.497465147992905 ], [ -2.911992604332221, 56.497530308090703 ], [ -2.911845295140088, 56.497547556514242 ], [ -2.911599636070496, 56.497534988162336 ], [ -2.910725416762364, 56.497314074438371 ], [ -2.910624376437329, 56.4973004439005 ], [ -2.910463773089284, 56.497310603430215 ], [ -2.910120429436901, 56.497351739706176 ], [ -2.909543911952207, 56.497493382058003 ], [ -2.908545082713895, 56.497773823349441 ], [ -2.908368616803662, 56.497798465610721 ], [ -2.908162272962187, 56.497794585442065 ], [ -2.907946538956755, 56.497739577732766 ], [ -2.907914752362509, 56.49763113121076 ], [ -2.907737400047433, 56.497416777426992 ], [ -2.907395568947863, 56.497184763251006 ], [ -2.90705550594692, 56.497021085532836 ], [ -2.905483752591726, 56.496504247987488 ], [ -2.904790422042505, 56.496239758827812 ], [ -2.904585978871584, 56.496112809442486 ], [ -2.904544919759143, 56.496025087793321 ], [ -2.904537704042757, 56.49592445552851 ], [ -2.904362830346555, 56.495948182901984 ], [ -2.904009082375516, 56.495895071052303 ], [ -2.903709518621782, 56.495800248150076 ], [ -2.902582322150936, 56.495389714809235 ], [ -2.902120078986084, 56.495279003995009 ], [ -2.9019314509967, 56.495270493406792 ], [ -2.901623115296521, 56.495285305646803 ], [ -2.900954354136091, 56.49537188793191 ], [ -2.900303480459017, 56.495252655978092 ], [ -2.899351758397345, 56.495119430050387 ], [ -2.899225887373853, 56.495086119422517 ], [ -2.89650777293359, 56.493193903675198 ], [ -2.894900506035264, 56.493363650137695 ], [ -2.894142093791112, 56.49343557151871 ], [ -2.89408277935317, 56.49347012847219 ], [ -2.893955227569804, 56.493501583238391 ], [ -2.893727961490508, 56.493506809924959 ], [ -2.89326346239215, 56.493645861953986 ], [ -2.892977561637756, 56.493708991786349 ], [ -2.892392691039425, 56.493843425563838 ], [ -2.892154801455099, 56.493881060086785 ], [ -2.891932633527145, 56.493892533227218 ], [ -2.891819149735767, 56.493901521206297 ], [ -2.891732102419109, 56.493929988774738 ], [ -2.891641917186395, 56.493967460379331 ], [ -2.891623898280231, 56.493958608010161 ], [ -2.89123107923949, 56.493762838459126 ], [ -2.891101881163553, 56.49372424532703 ], [ -2.89039439319238, 56.494375279069004 ], [ -2.889819686714605, 56.494869975329735 ], [ -2.889546192483744, 56.495126115077348 ], [ -2.889255618262019, 56.495545125010835 ], [ -2.889065215388074, 56.495947160901906 ], [ -2.881729552215972, 56.494742505345364 ], [ -2.881640553419759, 56.494894927225673 ], [ -2.881463479983222, 56.49482432934154 ], [ -2.881397079772194, 56.494761928085254 ], [ -2.881294405602033, 56.494186748258578 ], [ -2.881192157630518, 56.493981791137195 ], [ -2.88098846326527, 56.494021856708201 ], [ -2.876365203091369, 56.494483954614026 ], [ -2.876345633079645, 56.49440774852647 ], [ -2.876274775427404, 56.494296784388048 ], [ -2.875908452490379, 56.494114342780016 ], [ -2.875692582565875, 56.494120355011141 ], [ -2.875159138037021, 56.494164529613876 ], [ -2.875186156338353, 56.494279305143259 ], [ -2.874870071217821, 56.494306679099537 ], [ -2.874870935545447, 56.494483703191094 ], [ -2.874898594650464, 56.494626317499545 ], [ -2.86892865305048, 56.49522434228453 ], [ -2.86396641966351, 56.49593364567653 ], [ -2.862672019988278, 56.496085537665614 ], [ -2.86261336053713, 56.495932267513695 ], [ -2.862230121131454, 56.495940315897478 ], [ -2.862079536272617, 56.495884775681525 ], [ -2.862056400642687, 56.495797813614587 ], [ -2.861754869632191, 56.495824155342937 ], [ -2.861503135820108, 56.495182629223294 ], [ -2.861313994886077, 56.494649347312951 ], [ -2.86078864499505, 56.492753709724639 ], [ -2.860607310136795, 56.49227435277809 ], [ -2.856602023685777, 56.492558003890821 ], [ -2.856422130362664, 56.492573614086631 ], [ -2.85645696331734, 56.49260400245943 ], [ -2.851575175355404, 56.492912389742187 ], [ -2.851529101990684, 56.492595559973935 ], [ -2.851452764158324, 56.492595184650639 ], [ -2.850426317215676, 56.492594131573384 ], [ -2.849830446041437, 56.491662041272853 ], [ -2.849776932015329, 56.491664204166646 ], [ -2.848598260500764, 56.491681241931865 ], [ -2.847203980685542, 56.491649441130136 ], [ -2.846031388401727, 56.491644857011373 ], [ -2.844866069240648, 56.491684222920981 ], [ -2.843988696529967, 56.491737879297418 ], [ -2.840303554372015, 56.491955066557296 ], [ -2.839405192765936, 56.492016826707037 ], [ -2.839312305557321, 56.492079517839557 ], [ -2.839247846575612, 56.492174261561296 ], [ -2.839207240438653, 56.492318243459231 ], [ -2.839193191120511, 56.492494470337284 ], [ -2.838353402830397, 56.492486666888517 ], [ -2.838071156348484, 56.492281901430225 ], [ -2.837930322306847, 56.492156208519638 ], [ -2.836707653895221, 56.490766443319259 ], [ -2.836401862689284, 56.490452256147549 ], [ -2.836207831296805, 56.490269436343262 ], [ -2.836099918996673, 56.490160495830921 ], [ -2.836016102561651, 56.490045195725251 ], [ -2.835951912641911, 56.489933356327995 ], [ -2.835920492017557, 56.489831984143194 ], [ -2.835918826833166, 56.489829300957389 ], [ -2.835846417720642, 56.489562941160663 ], [ -2.835829829429955, 56.489472337460541 ], [ -2.835688713290082, 56.488894683876723 ], [ -2.835686895879588, 56.488812064863438 ], [ -2.835645704142703, 56.48871084814499 ], [ -2.836420159525479, 56.488333704469511 ], [ -2.839022660140798, 56.487053866850665 ], [ -2.839353370838195, 56.486878196028144 ], [ -2.83879708355743, 56.48646690702536 ], [ -2.838359753081352, 56.486076279967605 ], [ -2.83826638448009, 56.48597092487433 ], [ -2.838051747152556, 56.485733369796876 ], [ -2.837952947488545, 56.485600207855484 ], [ -2.837611370116235, 56.485058039207161 ], [ -2.837770397113419, 56.484977927776228 ], [ -2.837911129946402, 56.484881772267428 ], [ -2.83924524831607, 56.483971632266027 ], [ -2.84225231897779, 56.482057404910165 ], [ -2.842844642750441, 56.481680468168818 ], [ -2.843376714314187, 56.481291453914928 ], [ -2.843740007019382, 56.480982622543131 ], [ -2.844053120855997, 56.480675028478089 ], [ -2.843779971750237, 56.480587965348342 ], [ -2.843533694095835, 56.4804629951796 ], [ -2.843467420264499, 56.480402279268382 ], [ -2.842631062050415, 56.478931003778499 ], [ -2.843894485848404, 56.478800189456706 ], [ -2.844823649103126, 56.478675317857196 ], [ -2.84510455284069, 56.478606044691212 ], [ -2.845244489884524, 56.478542221041209 ], [ -2.845330661171692, 56.47848047000025 ], [ -2.845490456046033, 56.47850902198018 ], [ -2.845715577082228, 56.477900148267537 ], [ -2.845515959042316, 56.477832347537756 ], [ -2.84112546198581, 56.475825452662214 ], [ -2.839377467916137, 56.474665698254924 ], [ -2.839171337655748, 56.474519790605193 ], [ -2.838656562835327, 56.474070408307661 ], [ -2.837660260596456, 56.47320294006829 ], [ -2.833755847947591, 56.46980277027447 ], [ -2.833282921637183, 56.469390869515266 ], [ -2.832603597679699, 56.468799186613339 ], [ -2.832205920784805, 56.46845280425056 ], [ -2.832197400107975, 56.468444070239094 ], [ -2.832212318635922, 56.468446930584136 ], [ -2.832229319050906, 56.468445019803646 ], [ -2.832234040136534, 56.468438249961366 ], [ -2.832228739255921, 56.468418520086104 ], [ -2.832223487515632, 56.468401035949299 ], [ -2.832236986747284, 56.468387469076653 ], [ -2.832259657205938, 56.468385071080604 ], [ -2.832285760043708, 56.468391185135694 ], [ -2.83229082508373, 56.468400135462439 ], [ -2.832292752573307, 56.468414048166387 ], [ -2.8323035368337, 56.468424757016955 ], [ -2.832341756298972, 56.468465379300802 ], [ -2.832366619690258, 56.468489020976016 ], [ -2.832390327682297, 56.468496947914495 ], [ -2.83241468983297, 56.468497683046103 ], [ -2.832423497461616, 56.468492233445673 ], [ -2.832460055890437, 56.468456949728541 ], [ -2.832499751779347, 56.468416703618928 ], [ -2.832523007552337, 56.468403969738418 ], [ -2.832546499247462, 56.46840201539824 ], [ -2.832561252169768, 56.468408654697861 ], [ -2.832570492321974, 56.468422967585468 ], [ -2.832576673611585, 56.468445836037922 ], [ -2.832578006076282, 56.468469635424924 ], [ -2.832588057665706, 56.468483942870925 ], [ -2.832596486429868, 56.468498261196125 ], [ -2.832611131251075, 56.468499959864829 ], [ -2.832627241599039, 56.468494461288643 ], [ -2.832649666296387, 56.468480834529423 ], [ -2.832670359992102, 56.468462278023168 ], [ -2.832681326517474, 56.468444235948901 ], [ -2.832701990680607, 56.468424331994704 ], [ -2.832727621637261, 56.468408886868467 ], [ -2.832746254671058, 56.468407414283504 ], [ -2.832756970223223, 56.468414979059744 ], [ -2.832756424304886, 56.468427111487181 ], [ -2.832743716992497, 56.468439774677975 ], [ -2.832741440075561, 56.468446977363286 ], [ -2.832736896072148, 56.468461831881427 ], [ -2.832731707809146, 56.468484327350282 ], [ -2.832741818457932, 56.468501329668932 ], [ -2.832750891536097, 56.468508007032035 ], [ -2.832770385200514, 56.46850877474003 ], [ -2.832785654611995, 56.46850193414182 ], [ -2.832793454099266, 56.46848750700444 ], [ -2.83279946357586, 56.468465455239674 ], [ -2.832803255142652, 56.468453301046708 ], [ -2.832815013350209, 56.468434355224709 ], [ -2.832828659894522, 56.468427525504481 ], [ -2.832852200759528, 56.468427816844596 ], [ -2.832877541477651, 56.468436181953578 ], [ -2.832891699420133, 56.468452707902429 ], [ -2.832901760956589, 56.468467464469363 ], [ -2.832915761559804, 56.468476804053466 ], [ -2.832930367045572, 56.468476706094044 ], [ -2.832951296654767, 56.468468929084921 ], [ -2.833005041830825, 56.468440268136092 ], [ -2.833026782819913, 56.468432485671869 ], [ -2.833037390232763, 56.468435109799756 ], [ -2.83304007039066, 56.468446322160453 ], [ -2.833041176901961, 56.46845979114488 ], [ -2.833040660582527, 56.468473271015185 ], [ -2.83305300887949, 56.468481274026558 ], [ -2.833071838673575, 56.468488784343918 ], [ -2.833093776419664, 56.468489984819215 ], [ -2.833102593787009, 56.468484984319296 ], [ -2.833113589627525, 56.468468289651881 ], [ -2.833120557894421, 56.468452969643678 ], [ -2.833135005968217, 56.468445685299322 ], [ -2.833160804008843, 56.46843787559402 ], [ -2.833177902752698, 56.46844045615974 ], [ -2.833206528564277, 56.468450596015373 ], [ -2.83322441905477, 56.468452272835449 ], [ -2.833244517497728, 56.468443602926783 ], [ -2.833266219083119, 56.468434023831051 ], [ -2.833279280436058, 56.468437529899845 ], [ -2.833276329954644, 56.468451026103708 ], [ -2.833271795997064, 56.468466329786565 ], [ -2.833273020661362, 56.468485188538253 ], [ -2.833286844251294, 56.468486443423913 ], [ -2.833314215921011, 56.468476377060078 ], [ -2.833335115931741, 56.468467252544592 ], [ -2.833340589199949, 56.468457782332507 ], [ -2.833346637718086, 56.46843752713491 ], [ -2.833355514081598, 56.468435221502602 ], [ -2.833379787645343, 56.46843191411746 ], [ -2.833400972997608, 56.468435814868947 ], [ -2.833421504394846, 56.46844690742217 ], [ -2.833440452338031, 56.468459807452945 ], [ -2.833459282196748, 56.468467317710811 ], [ -2.833481239625402, 56.468469416412624 ], [ -2.833494905746636, 56.468463484915397 ], [ -2.833499508508187, 56.468451325257803 ], [ -2.833502508120786, 56.468440074786933 ], [ -2.833517678952794, 56.468428742625633 ], [ -2.833544942253976, 56.468413735589785 ], [ -2.833569127203234, 56.468406385840744 ], [ -2.833600880632782, 56.468411114049402 ], [ -2.833627893547417, 56.468421713847547 ], [ -2.83364927579162, 56.468434597505457 ], [ -2.833662652180949, 56.468452476251834 ], [ -2.833676662806835, 56.4684622648955 ], [ -2.833702667477105, 56.468463887174991 ], [ -2.833722844573498, 56.46845881036954 ], [ -2.833728347278474, 56.468450687583754 ], [ -2.833735325141353, 56.468435816691326 ], [ -2.833746320692438, 56.468419121971081 ], [ -2.833766320549488, 56.468405960505173 ], [ -2.833785646812017, 56.468399092547898 ], [ -2.833801162133139, 56.468403480512798 ], [ -2.833819982188514, 56.468410541568112 ], [ -2.833846837627605, 56.468413954959338 ], [ -2.833875325746551, 56.468417806595326 ], [ -2.833889237949226, 56.468423103740577 ], [ -2.833894372292109, 56.468435198029283 ], [ -2.833902811378142, 56.468449965407764 ], [ -2.833918435047881, 56.468459293978881 ], [ -2.833933842091621, 56.468458741305433 ], [ -2.833944252630955, 56.468452382407314 ], [ -2.833952061519629, 56.46843840434957 ], [ -2.833963175144748, 56.468427099379831 ], [ -2.833980720993262, 56.468413055932331 ], [ -2.834004846771154, 56.468403011215109 ], [ -2.834012744258754, 56.468393075480193 ], [ -2.834037986722618, 56.468396948875977 ], [ -2.83405369903858, 56.468410319756309 ], [ -2.834070906163169, 56.46841784081947 ], [ -2.834095912276464, 56.468410934666629 ], [ -2.834123185187094, 56.468396376653864 ], [ -2.834148904196059, 56.468384973567098 ], [ -2.834178144638013, 56.468386124799274 ], [ -2.834199330044748, 56.468390025413896 ], [ -2.83421736830301, 56.468398439300707 ], [ -2.834240117445305, 56.46839963412301 ], [ -2.834258145866227, 56.468407598856395 ], [ -2.834269751936387, 56.468418751226281 ], [ -2.834291035881723, 56.468427143298065 ], [ -2.834318525461555, 56.468422466483943 ], [ -2.834336971256766, 56.46841245986208 ], [ -2.834361691611344, 56.468392528384534 ], [ -2.83438820225549, 56.468380221502883 ], [ -2.834416414529876, 56.468371496890228 ], [ -2.834439203073472, 56.468374488265304 ], [ -2.834457290641972, 56.468385147853162 ], [ -2.834470598416506, 56.468399882477527 ], [ -2.834487013910243, 56.468408307228962 ], [ -2.834509733505219, 56.468408154559881 ], [ -2.83453563963237, 56.468405285192276 ], [ -2.834553362636471, 56.468399326317027 ], [ -2.834565366321254, 56.468391609020706 ], [ -2.834582636005724, 56.468364989367643 ], [ -2.834599163236798, 56.46834151919623 ], [ -2.834611206313793, 56.468335598484735 ], [ -2.834638804195467, 56.46833586222057 ], [ -2.834656812957665, 56.468342928601054 ], [ -2.834679115326357, 56.468360747244382 ], [ -2.834689236658399, 56.468378198542389 ], [ -2.834693727382309, 56.468397933751859 ], [ -2.83470349391634, 56.468399215748263 ], [ -2.834720513895318, 56.468398202922735 ], [ -2.834735713919096, 56.46838821805855 ], [ -2.834761859744394, 56.468359292651442 ], [ -2.834780791530351, 56.468334458652947 ], [ -2.834793734702206, 56.468332574794708 ], [ -2.834802817952604, 56.468339701151571 ], [ -2.834805636618441, 56.468357201529344 ], [ -2.834811641796988, 56.468371985205742 ], [ -2.83482569211441, 56.468383570305619 ], [ -2.834842692436908, 56.468381659208809 ], [ -2.834868936905075, 56.468357225338103 ], [ -2.834892113118794, 56.468340897921394 ], [ -2.834911537839705, 56.468338521326956 ], [ -2.834926330662376, 56.468346956978579 ], [ -2.834933978473502, 56.46836262805801 ], [ -2.834945624227941, 56.468375576990077 ], [ -2.834962654145875, 56.468375013334693 ], [ -2.83499009446471, 56.468368090727225 ], [ -2.835010162997289, 56.468358073161589 ], [ -2.835022810445722, 56.468342714905219 ], [ -2.835042869096013, 56.468332248187011 ], [ -2.83506708342194, 56.468326245670248 ], [ -2.835085013476998, 56.468329718869512 ], [ -2.835095056159921, 56.468343576989348 ], [ -2.835106711824571, 56.468356975053588 ], [ -2.835120614392835, 56.468361822958144 ], [ -2.835137723190934, 56.468364852456425 ], [ -2.835163501188805, 56.468356144129672 ], [ -2.835185846132683, 56.468338923817747 ], [ -2.835211535343305, 56.468326173156072 ], [ -2.835239034754252, 56.468321945376736 ], [ -2.83526512830431, 56.46832760973944 ], [ -2.835290380856308, 56.468331932110026 ], [ -2.835315406558811, 56.468325924089832 ], [ -2.835338720648017, 56.468315884650366 ], [ -2.835341301920061, 56.468307781452744 ], [ -2.835343194603654, 56.468297886030506 ], [ -2.835349409750595, 56.468285266266186 ], [ -2.835350993127717, 56.468283458766642 ], [ -2.835350953673005, 56.46828166217783 ], [ -2.835360572297582, 56.468276206946655 ], [ -2.835363798232811, 56.468275286830497 ], [ -2.835367043895615, 56.468275265008657 ], [ -2.835370269830602, 56.468274344892322 ], [ -2.83538000681874, 56.468274279426048 ], [ -2.835383291937691, 56.468276054192586 ], [ -2.835386557328747, 56.468276930664636 ], [ -2.835388199888453, 56.468277818047838 ], [ -2.835391524464748, 56.468281389402954 ], [ -2.835399816179729, 56.468289419495967 ], [ -2.835406425879845, 56.468294765616697 ], [ -2.835412996124141, 56.468298315148296 ], [ -2.835424375679881, 56.468299137061386 ], [ -2.835427641073899, 56.468300013532343 ], [ -2.83543575523611, 56.468299958973418 ], [ -2.835437358339112, 56.46829904976719 ], [ -2.835440584274397, 56.468298129649035 ], [ -2.835445393582589, 56.468295402030058 ], [ -2.835445334393722, 56.468292707146894 ], [ -2.835461030005065, 56.468268344077686 ], [ -2.83546583930797, 56.468265616457913 ], [ -2.835469025779354, 56.468262899750243 ], [ -2.83547874303388, 56.468261935981815 ], [ -2.835480385595095, 56.468262823363801 ], [ -2.835498256464866, 56.468263601620258 ], [ -2.835504787250268, 56.468265354558234 ], [ -2.835508032912097, 56.468265332732713 ], [ -2.835511318036277, 56.468267107495862 ], [ -2.835512980329704, 56.468268893171796 ], [ -2.8355375990409, 56.468281305597998 ], [ -2.8355489785941, 56.468282127499648 ], [ -2.835550621157852, 56.468283014880704 ], [ -2.835562000711843, 56.46828383678119 ], [ -2.835576606197007, 56.468283738558931 ], [ -2.835600889472072, 56.468280879968241 ], [ -2.83560736106476, 56.468279938017709 ], [ -2.835621848145244, 56.46827445002392 ], [ -2.835628260534345, 56.4682708131892 ], [ -2.835631446994376, 56.468268096477338 ], [ -2.835636256284809, 56.468265368850943 ], [ -2.835639442743801, 56.46826265213889 ], [ -2.835642569999394, 56.46825724054365 ], [ -2.835642491062157, 56.46825364736619 ], [ -2.835648804773441, 56.468245519058549 ], [ -2.835655256624213, 56.468243678811127 ], [ -2.835660105379235, 56.46824274777255 ], [ -2.835674710848053, 56.468242649538738 ], [ -2.835677976242925, 56.468243526003121 ], [ -2.83568284473262, 56.468243493258015 ], [ -2.835687732957685, 56.468244358807077 ], [ -2.835692640918475, 56.468246122650299 ], [ -2.835697529144106, 56.46824698819897 ], [ -2.835702437105698, 56.468248752041816 ], [ -2.83574643114951, 56.46825654196946 ], [ -2.83576928893687, 56.468262677205232 ], [ -2.835770931504944, 56.46826356458336 ], [ -2.835774196903861, 56.468264441045221 ], [ -2.835779085133728, 56.468265306590681 ], [ -2.835787199287709, 56.468265252008784 ], [ -2.835788802380687, 56.468264342797987 ], [ -2.835792048042191, 56.468264320965041 ], [ -2.835793651135011, 56.468263411754201 ], [ -2.835796877058424, 56.468262491626774 ], [ -2.835798480151049, 56.46826158241587 ], [ -2.835804931997163, 56.468259742160676 ], [ -2.83580813818171, 56.468257923738626 ], [ -2.835811364104293, 56.468257003610823 ], [ -2.835812947457947, 56.468255196105375 ], [ -2.835814550549871, 56.468254286894258 ], [ -2.835819300609574, 56.468248864377721 ], [ -2.835819261132512, 56.468247067789036 ], [ -2.835828623076167, 56.468229934695032 ], [ -2.835831671346535, 56.468220929917585 ], [ -2.835834818309841, 56.468216416611789 ], [ -2.835836322705016, 56.468211015928645 ], [ -2.835841131973222, 56.468208288294278 ], [ -2.835844357890736, 56.468207368165615 ], [ -2.835845960979865, 56.468206458954072 ], [ -2.835849206636319, 56.468206437119626 ], [ -2.835850809725291, 56.468205527908026 ], [ -2.835858923866207, 56.468205473321426 ], [ -2.835863772611179, 56.468204542274869 ], [ -2.835867018267452, 56.468204520439954 ], [ -2.835871906491612, 56.468205385981769 ], [ -2.835875152147952, 56.468205364146641 ], [ -2.835878417544201, 56.468206240605767 ], [ -2.835883305768843, 56.468207106147133 ], [ -2.835886571165433, 56.468207982606046 ], [ -2.835896308135075, 56.468207917099264 ], [ -2.835901216100803, 56.468209680934251 ], [ -2.835904481498031, 56.468210557392709 ], [ -2.835906163548155, 56.468213241357731 ], [ -2.835907825857897, 56.468215027028407 ], [ -2.835917779978812, 56.468224842757621 ], [ -2.835921065118692, 56.468226617509956 ], [ -2.835925953346957, 56.468227483049638 ], [ -2.835930861316632, 56.468229246883467 ], [ -2.835934126716249, 56.468230123341122 ], [ -2.835939014945268, 56.468230988880293 ], [ -2.835943922916011, 56.468232752713597 ], [ -2.835953659891932, 56.46823268720231 ], [ -2.835955262979476, 56.468231777989374 ], [ -2.835958488896179, 56.468230857857741 ], [ -2.835961695070799, 56.468229039431698 ], [ -2.835964881503109, 56.468226322711246 ], [ -2.835972877195151, 56.468220878351246 ], [ -2.835990629598823, 56.468216266770881 ], [ -2.836010024569565, 56.468212542562938 ], [ -2.836021384368495, 56.468212466126992 ], [ -2.83602627259719, 56.468213331662717 ], [ -2.836031141082536, 56.468213298903933 ], [ -2.836036029311559, 56.468214164439303 ], [ -2.83603929471229, 56.468215040894201 ], [ -2.836047428598832, 56.468215884589604 ], [ -2.836055582229893, 56.46821762657877 ], [ -2.836062113033011, 56.468219379487451 ], [ -2.836063755606065, 56.468220266861728 ], [ -2.836104563268079, 56.468230773385542 ], [ -2.83612900443515, 56.468235101045913 ], [ -2.836132230347837, 56.468234180909761 ], [ -2.836135476006448, 56.468234159067826 ], [ -2.836145153743311, 56.468231398658645 ], [ -2.836148359908892, 56.468229580227771 ], [ -2.836151585820625, 56.468228660091128 ], [ -2.836153169156681, 56.46822685258131 ], [ -2.836157978403771, 56.468224124934665 ], [ -2.836162629676382, 56.468214210933461 ], [ -2.836164232758056, 56.468213301717803 ], [ -2.836167399427511, 56.46820968669784 ], [ -2.836167359933855, 56.468207890109234 ], [ -2.836168943268283, 56.468206082599231 ], [ -2.836168824787126, 56.468200692833427 ], [ -2.836167162465647, 56.468198907166233 ], [ -2.836167122972019, 56.468197110577634 ], [ -2.836165480397555, 56.468196223204735 ], [ -2.836171754492018, 56.468186298281722 ], [ -2.836173318078381, 56.468183592477345 ], [ -2.836176504491507, 56.468180875751436 ], [ -2.836178087824365, 56.468179068241284 ], [ -2.8361812939839, 56.468177249809557 ], [ -2.836184480395912, 56.468174533083427 ], [ -2.836189309381377, 56.468172703729842 ], [ -2.83619091246064, 56.46817179451385 ], [ -2.836194138366371, 56.468170874376064 ], [ -2.836203875325624, 56.468170808845173 ], [ -2.836207140726449, 56.468171685295637 ], [ -2.836213632032741, 56.468171641607782 ], [ -2.836242961402473, 56.468176834773907 ], [ -2.836257685337257, 56.468182126237252 ], [ -2.836262573567351, 56.46818299176369 ], [ -2.836265838970594, 56.468183868212641 ], [ -2.836282067241308, 56.468183758984665 ], [ -2.836285293145808, 56.468182838844513 ], [ -2.836288538799854, 56.468182816998592 ], [ -2.836293387531095, 56.468181885935245 ], [ -2.836296593685255, 56.468180067500519 ], [ -2.83629981958908, 56.468179147360004 ], [ -2.836301402915917, 56.468177339848282 ], [ -2.836303005992649, 56.468176430630841 ], [ -2.836307755971902, 56.468171008095496 ], [ -2.836307696721437, 56.468168313212644 ], [ -2.836309280047442, 56.468166505700829 ], [ -2.836309181296507, 56.468162014229399 ], [ -2.836310744871957, 56.468159308423267 ], [ -2.836316979421162, 56.468147586904259 ], [ -2.836321492389233, 56.468131384836923 ], [ -2.836319830063614, 56.468129599171753 ], [ -2.836319790562788, 56.468127802583169 ], [ -2.83632137388652, 56.468125995071183 ], [ -2.836321294884734, 56.468122401894021 ], [ -2.83632446153145, 56.468118786869987 ], [ -2.836326064605134, 56.468117877652219 ], [ -2.836327647928149, 56.468116070140155 ], [ -2.836329251001641, 56.468115160922352 ], [ -2.836332476899097, 56.46811424078097 ], [ -2.836337286118753, 56.468111513127305 ], [ -2.836340531766593, 56.468111491280006 ], [ -2.836346983560157, 56.468109650996581 ], [ -2.836356720503155, 56.468109585453675 ], [ -2.836359985902172, 56.468110461900146 ], [ -2.836363231549901, 56.46811044005225 ], [ -2.836366496949143, 56.468111316498565 ], [ -2.836397429364325, 56.468115600409938 ], [ -2.836407284823717, 56.468120924628728 ], [ -2.836423651336887, 56.468127103442164 ], [ -2.83644171969358, 56.468136864505531 ], [ -2.836443382025303, 56.468138650169081 ], [ -2.836448309760929, 56.468141312276742 ], [ -2.836449972093163, 56.468143097940185 ], [ -2.836456502901497, 56.468144850828139 ], [ -2.836458145480542, 56.468145738197222 ], [ -2.836461410885051, 56.468146614641029 ], [ -2.836466299115134, 56.468147480159452 ], [ -2.836469544765975, 56.468147458308778 ], [ -2.836471187345442, 56.468148345677669 ], [ -2.836497350099354, 56.468157153811525 ], [ -2.836500595751004, 56.468157131960041 ], [ -2.836502238331625, 56.46815801932852 ], [ -2.836505483983347, 56.468157997476915 ], [ -2.836507087054291, 56.468157088256817 ], [ -2.836511955531744, 56.468157055479196 ], [ -2.836515181428265, 56.468156135333061 ], [ -2.836521593710316, 56.468152498452049 ], [ -2.83652317702534, 56.468150690937499 ], [ -2.836524780095544, 56.468149781717173 ], [ -2.836524740584882, 56.468147985128645 ], [ -2.83653111335366, 56.468142551658637 ], [ -2.836532518868229, 56.468132659495637 ], [ -2.836542097770869, 56.468125407584118 ], [ -2.836556505630035, 56.468116326303949 ], [ -2.836583856557887, 56.468105361019425 ], [ -2.83659032809522, 56.468104419017607 ], [ -2.836596819389246, 56.468104375309693 ], [ -2.836601668102617, 56.468103444234266 ], [ -2.836616273513729, 56.468103345889645 ], [ -2.836648710224271, 56.468102229045641 ], [ -2.836651955871047, 56.468102207190199 ], [ -2.836655181759406, 56.468101287040433 ], [ -2.83666003047091, 56.468100355962733 ], [ -2.836663256358909, 56.468099435812761 ], [ -2.836671271681225, 56.468094889701824 ], [ -2.836674497568478, 56.468093969551553 ], [ -2.836677664178736, 56.468090354518452 ], [ -2.836679227724658, 56.468087648707645 ], [ -2.836680830788387, 56.468086739485294 ], [ -2.836699968749755, 56.468071337344206 ], [ -2.836703155115203, 56.468068620604697 ], [ -2.836704738417969, 56.468066813087773 ], [ -2.836706301960972, 56.468064107276604 ], [ -2.836707905023042, 56.468063198053912 ], [ -2.836707845744108, 56.468060503171181 ], [ -2.836709429046309, 56.468058695654207 ], [ -2.83671099258864, 56.468055989842959 ], [ -2.836714178951997, 56.468053273103166 ], [ -2.83671576225359, 56.468051465586107 ], [ -2.83672057143727, 56.468048737917556 ], [ -2.836723797319348, 56.468047817765978 ], [ -2.836725400380302, 56.468046908543045 ], [ -2.836728646022235, 56.468046886685599 ], [ -2.836731871903955, 56.468045966533822 ], [ -2.83673998600856, 56.468045911889611 ], [ -2.836759341294319, 56.468040390975915 ], [ -2.836762547413788, 56.468038572529103 ], [ -2.836767376353458, 56.468036743152965 ], [ -2.836770562711102, 56.468034026411701 ], [ -2.836772126248012, 56.468031320599678 ], [ -2.836775312604855, 56.468028603858293 ], [ -2.8367768761412, 56.4680258980462 ], [ -2.836780062497242, 56.468023181304687 ], [ -2.83678000321322, 56.468020486421985 ], [ -2.836781586510269, 56.468018678904066 ], [ -2.836784654296685, 56.468010572396999 ], [ -2.836784614773802, 56.468008775808521 ], [ -2.83678619807014, 56.468006968290553 ], [ -2.836789404185464, 56.468005149843037 ], [ -2.836795796653477, 56.468000614653491 ], [ -2.83679904229135, 56.468000592794212 ], [ -2.836800645348468, 56.467999683570291 ], [ -2.836803890986256, 56.46799966171087 ], [ -2.836821662944736, 56.4679959483056 ], [ -2.836828193744574, 56.467997701174042 ], [ -2.836834704782389, 56.467998555747911 ], [ -2.836851031785766, 56.468002937916644 ], [ -2.83685269413091, 56.468004723574765 ], [ -2.836855979295379, 56.468006498302437 ], [ -2.836856018821673, 56.4680082948909 ], [ -2.836857661404105, 56.468009182254697 ], [ -2.836857740456866, 56.468012775431632 ], [ -2.836859501618949, 56.468019052560777 ], [ -2.836867813351864, 56.468027980850479 ], [ -2.836872741102818, 56.468030642941358 ], [ -2.836876006506866, 56.468031519374271 ], [ -2.836879291674788, 56.468033294101332 ], [ -2.836882557079218, 56.468034170534082 ], [ -2.836885802719917, 56.468034148672523 ], [ -2.836889068124571, 56.468035025105095 ], [ -2.836892313765341, 56.468035003243358 ], [ -2.83689557917022, 56.468035879675767 ], [ -2.836898824811057, 56.468035857813881 ], [ -2.836908581497968, 56.468036690521878 ], [ -2.836916695600201, 56.46803663586612 ], [ -2.836919921476389, 56.468035715709455 ], [ -2.836923167117193, 56.468035693846922 ], [ -2.836937713205382, 56.468032900581804 ], [ -2.836950735298398, 56.468034609717712 ], [ -2.836965360447214, 56.468035409626218 ], [ -2.836968606087953, 56.468035387762491 ], [ -2.836971871494626, 56.468036264192875 ], [ -2.83697515666747, 56.468038038917399 ], [ -2.836980044895042, 56.468038904415607 ], [ -2.836984952889093, 56.468040668207841 ], [ -2.83698819853027, 56.468040646343596 ], [ -2.836993086758477, 56.468041511841292 ], [ -2.83699633239972, 56.468041489976841 ], [ -2.836999597807565, 56.468042366406515 ], [ -2.837004466269531, 56.468042333609546 ], [ -2.837007692144033, 56.468041413450607 ], [ -2.837012560605866, 56.468041380653332 ], [ -2.837017409300654, 56.468040449561649 ], [ -2.837020635174676, 56.468039529402368 ], [ -2.837025503636247, 56.468039496604582 ], [ -2.837035161489535, 56.468035837831636 ], [ -2.837040010183041, 56.468034906739085 ], [ -2.837043216288383, 56.468033088285004 ], [ -2.837052874138291, 56.468029429510679 ], [ -2.837059306114507, 56.468026690895968 ], [ -2.837062472682017, 56.468023075852997 ], [ -2.83706565901709, 56.468020359104138 ], [ -2.83706724230035, 56.468018551582588 ], [ -2.837067182995732, 56.468015856699992 ], [ -2.837070389098135, 56.468014038245194 ], [ -2.837079888792467, 56.468003193115152 ], [ -2.837099066085218, 56.467989587500625 ], [ -2.83711480003549, 56.467967020808707 ], [ -2.837119589409862, 56.467963394830434 ], [ -2.837138885287204, 56.467955178974819 ], [ -2.837140488334124, 56.467954269746514 ], [ -2.837148562877859, 56.467952418487201 ], [ -2.837154994833912, 56.46794967986748 ], [ -2.837171222999725, 56.467949570523189 ], [ -2.837174488403595, 56.467950446948265 ], [ -2.837179356853426, 56.46795041414444 ], [ -2.837190696798549, 56.467949439307255 ], [ -2.837205302147558, 56.467949340893277 ], [ -2.837210190368782, 56.46795020638244 ], [ -2.837223251988991, 56.467953712078149 ], [ -2.837224894577652, 56.4679545994371 ], [ -2.837260774501426, 56.467962443504383 ], [ -2.837265662725616, 56.467963308991358 ], [ -2.837281890896855, 56.467963199632607 ], [ -2.837283493940636, 56.467962290402433 ], [ -2.837288362391865, 56.46796225759433 ], [ -2.837291588252482, 56.467961337427987 ], [ -2.837293191295946, 56.467960428197692 ], [ -2.837299643016467, 56.467958587864651 ], [ -2.837304471919525, 56.467956758467579 ], [ -2.837306055188609, 56.467954950942946 ], [ -2.837314070402038, 56.467950404790329 ], [ -2.837317256712732, 56.467947688034975 ], [ -2.837320423248759, 56.467944072985347 ], [ -2.837331466571147, 56.467929623722682 ], [ -2.837334672653364, 56.46792780526102 ], [ -2.837339501550757, 56.46792597586257 ], [ -2.837342727407, 56.467925055694899 ], [ -2.837347556303646, 56.467923226296122 ], [ -2.837352404974775, 56.467922295191336 ], [ -2.837355630830382, 56.467921375023309 ], [ -2.83736047950107, 56.467920443918196 ], [ -2.837365347946779, 56.467920411107073 ], [ -2.837370196617097, 56.467919480001591 ], [ -2.837379933508231, 56.467919414378386 ], [ -2.837383198914289, 56.467920290797977 ], [ -2.837415674994965, 56.467920970341773 ], [ -2.83742052366409, 56.467920039234322 ], [ -2.837423769294478, 56.467920017358693 ], [ -2.8374285981865, 56.467918187956762 ], [ -2.83743504989308, 56.467916347616665 ], [ -2.837444668120296, 56.467910892223436 ], [ -2.837447834640957, 56.467907277170525 ], [ -2.837449437678323, 56.467906367938198 ], [ -2.837458818571091, 56.467890133013924 ], [ -2.837460401829949, 56.467888325487301 ], [ -2.837465210938486, 56.46788559778976 ], [ -2.837468436788158, 56.467884677618791 ], [ -2.837470039824063, 56.467883768386201 ], [ -2.837473285451277, 56.46788374650928 ], [ -2.83747651130059, 56.467882826338112 ], [ -2.837491077066135, 56.467880931302183 ], [ -2.837497568320031, 56.467880887547139 ], [ -2.837522009416883, 56.467885214933467 ], [ -2.837533468008688, 56.467889629829855 ], [ -2.837546430739754, 56.467888644020839 ], [ -2.837556147842647, 56.467887680089675 ], [ -2.837574533694426, 56.467838142635195 ], [ -2.837576116945533, 56.467836335107059 ], [ -2.837577680416209, 56.467833629284762 ], [ -2.837579263666975, 56.467831821756612 ], [ -2.837588881851601, 56.467826366352085 ], [ -2.837592107693137, 56.467825446177898 ], [ -2.837593690942866, 56.467823638649541 ], [ -2.837598539594965, 56.467822707535113 ], [ -2.83760176543595, 56.467821787360663 ], [ -2.837606614087608, 56.467820856245929 ], [ -2.83760985970927, 56.467820834365426 ], [ -2.8376147083606, 56.467819903250358 ], [ -2.837637427711516, 56.467819750083585 ], [ -2.837643938736443, 56.467820604615014 ], [ -2.837679680139304, 56.467822160502351 ], [ -2.837692741758214, 56.467825666148734 ], [ -2.837712314407638, 56.467830026321614 ], [ -2.837723753220974, 56.467833542906334 ], [ -2.837753181453984, 56.467843227186592 ], [ -2.837761354866691, 56.467845867357966 ], [ -2.837771151092502, 56.467848496586448 ], [ -2.837777662125395, 56.467849351110871 ], [ -2.837785815755875, 56.467851092986514 ], [ -2.837795592199242, 56.467852823918932 ], [ -2.837805348857765, 56.467853656556457 ], [ -2.837811840106422, 56.467853612784992 ], [ -2.837831333638639, 56.467854379762642 ], [ -2.83784107051174, 56.467854314103256 ], [ -2.837847522186957, 56.467852473741686 ], [ -2.83785076781115, 56.467852451854895 ], [ -2.837853993648439, 56.467851531673901 ], [ -2.837858802723554, 56.46784880396109 ], [ -2.837862028560331, 56.467847883779882 ], [ -2.837869944747012, 56.467838846120678 ], [ -2.837871508196586, 56.467836140294686 ], [ -2.837871468621974, 56.46783434370645 ], [ -2.837873032071255, 56.467831637880423 ], [ -2.837872992496577, 56.467829841292215 ], [ -2.837871310323576, 56.467827157353575 ], [ -2.837871231174404, 56.467823564177145 ], [ -2.837855636531179, 56.467778747963649 ], [ -2.837855221006871, 56.46775988378711 ], [ -2.837856784454273, 56.467757177961239 ], [ -2.837859753052719, 56.467744579956474 ], [ -2.837864502752588, 56.467739157361009 ], [ -2.837864463178458, 56.467737360772766 ], [ -2.837867609856997, 56.467732847414901 ], [ -2.837877148824871, 56.46772379881142 ], [ -2.837878751844001, 56.467722889573501 ], [ -2.83788191830709, 56.467719274509378 ], [ -2.837888350169529, 56.467716535851515 ], [ -2.837893139437209, 56.467712909843165 ], [ -2.837897968279657, 56.46771108042288 ], [ -2.837902777333673, 56.467708352708307 ], [ -2.837909228980827, 56.467706512343469 ], [ -2.837914057821665, 56.467704682922552 ], [ -2.837920509467633, 56.467702842557138 ], [ -2.837936658368537, 56.467699139936208 ], [ -2.837947978428491, 56.467697266735627 ], [ -2.837956072665999, 56.467696313717752 ], [ -2.837970638334553, 56.467694418625463 ], [ -2.83798035537603, 56.46769345466101 ], [ -2.838035451586707, 56.467689489338241 ], [ -2.838051679636418, 56.467689379878777 ], [ -2.83805494503793, 56.46769025628074 ], [ -2.838058190647931, 56.467690234388499 ], [ -2.838059833244632, 56.467691121736458 ], [ -2.838069629450643, 56.467693750941436 ], [ -2.838072914644968, 56.467695525637012 ], [ -2.838076180047506, 56.467696402038413 ], [ -2.838082750437548, 56.467699951429154 ], [ -2.838084432619848, 56.467702635364972 ], [ -2.83808607521771, 56.467703522712576 ], [ -2.838087737608029, 56.467705308354269 ], [ -2.838091101974069, 56.467710676225757 ], [ -2.838092764364947, 56.467712461867379 ], [ -2.83809280394996, 56.467714258455565 ], [ -2.838103233532705, 56.467745633068844 ], [ -2.838108774913997, 56.467776142227507 ], [ -2.83811211949646, 56.46778061180428 ], [ -2.838113841270648, 56.467785092327851 ], [ -2.83811718585452, 56.467789561904482 ], [ -2.838118828456974, 56.467790449251652 ], [ -2.838122173041921, 56.467794918828147 ], [ -2.838125497834314, 56.467798490110503 ], [ -2.838130445437143, 56.467802050445663 ], [ -2.838135373247318, 56.467804712486561 ], [ -2.838138638660816, 56.467805588886307 ], [ -2.838141923868217, 56.467807363580043 ], [ -2.838154945936513, 56.467809072589681 ], [ -2.838159814366791, 56.467809039747401 ], [ -2.838169491844073, 56.467806279180017 ], [ -2.83817109485959, 56.467805369938354 ], [ -2.838174320684916, 56.467804449749025 ], [ -2.838175923700239, 56.46780354050729 ], [ -2.838175884111115, 56.467801743919154 ], [ -2.838187026036378, 56.467791786050164 ], [ -2.838188629050853, 56.467790876808245 ], [ -2.838190212270356, 56.467789069272264 ], [ -2.838195021312969, 56.467786341546386 ], [ -2.838196604531975, 56.467784534010306 ], [ -2.83819656494189, 56.467782737422183 ], [ -2.838198167955749, 56.467781828180136 ], [ -2.838198088775443, 56.467778235003863 ], [ -2.838199671993962, 56.467776427467747 ], [ -2.8382024425271, 56.467754846514012 ], [ -2.838202284165852, 56.467747660161415 ], [ -2.83820382779252, 56.467744056037077 ], [ -2.838205351623675, 56.467739553618664 ], [ -2.838206934840231, 56.467737746082442 ], [ -2.838219323429663, 56.467710709674861 ], [ -2.838222549245687, 56.467709789484253 ], [ -2.838224132460171, 56.467707981947797 ], [ -2.838227358275842, 56.467707061757068 ], [ -2.838228961285738, 56.467706152514623 ], [ -2.838232206896968, 56.467706130617863 ], [ -2.83823543271228, 56.467705210426907 ], [ -2.838240281332964, 56.467704279287389 ], [ -2.838246772555077, 56.467704235493144 ], [ -2.838250037962386, 56.467705111889963 ], [ -2.838253283573509, 56.467705089992634 ], [ -2.838256548981043, 56.467705966389289 ], [ -2.838280930658862, 56.467707598744099 ], [ -2.838292310095706, 56.467708420394302 ], [ -2.838302066727318, 56.467709252992805 ], [ -2.838311843157101, 56.467710983884608 ], [ -2.838323262191655, 56.467713602120106 ], [ -2.838333038623533, 56.467715333010233 ], [ -2.838359003518892, 56.467715157811853 ], [ -2.838373549374733, 56.467712364378208 ], [ -2.838378378193527, 56.467710534939229 ], [ -2.838384849616999, 56.467709592843718 ], [ -2.838389678434883, 56.467707763404285 ], [ -2.838396090458321, 56.467704126426035 ], [ -2.838399256869919, 56.46770051134866 ], [ -2.838399217270267, 56.467698714760573 ], [ -2.838400820275627, 56.467697805515911 ], [ -2.838407133296239, 56.467689677066794 ], [ -2.838411863109884, 56.467683356156222 ], [ -2.838416276118509, 56.467662662540597 ], [ -2.838419363323594, 56.467655454286465 ], [ -2.838425696133571, 56.467648224130407 ], [ -2.838428902138637, 56.467646405640366 ], [ -2.838432088342823, 56.467643688856178 ], [ -2.838436877548579, 56.467640062826781 ], [ -2.838441686554206, 56.467637335091247 ], [ -2.838446495559134, 56.467634607355535 ], [ -2.838462505769235, 56.467624616607722 ], [ -2.838465751373223, 56.467624594704837 ], [ -2.838472202978159, 56.467622754310689 ], [ -2.838480316987698, 56.46762269955267 ], [ -2.838481919987856, 56.467621790306943 ], [ -2.83849490240274, 56.467621702692838 ], [ -2.838501413412366, 56.467622557179332 ], [ -2.838507904619917, 56.467622513371424 ], [ -2.838532266451019, 56.467623247382811 ], [ -2.83854851427337, 56.467624036152436 ], [ -2.838595793378163, 56.467633599753995 ], [ -2.83861853241566, 56.467634344701601 ], [ -2.838621738410161, 56.467632526206579 ], [ -2.838626587011755, 56.467631595051934 ], [ -2.83862981281092, 56.467630674850724 ], [ -2.838631415807779, 56.467629765603078 ], [ -2.838632998999197, 56.467627958061364 ], [ -2.838639410985398, 56.46762432107046 ], [ -2.838640994176203, 56.467622513528667 ], [ -2.838642597172445, 56.467621604280865 ], [ -2.838644160557359, 56.467618898444982 ], [ -2.838645743747709, 56.467617090903111 ], [ -2.838645684330735, 56.46761439602102 ], [ -2.838647247715133, 56.467611690185109 ], [ -2.838646911018543, 56.46759641918657 ], [ -2.838648474402115, 56.467593713350631 ], [ -2.838650017979722, 56.467590109220623 ], [ -2.838651581362811, 56.467587403384627 ], [ -2.838651521945486, 56.467584708502528 ], [ -2.838673785603081, 56.467563894383169 ], [ -2.838678634194519, 56.467562963226477 ], [ -2.838683462979195, 56.467561133775561 ], [ -2.838689934369152, 56.467560191664091 ], [ -2.838694782959708, 56.467559260506789 ], [ -2.838698008750987, 56.467558340303775 ], [ -2.838759675113417, 56.467557924017264 ], [ -2.838790567721245, 56.467560410744589 ], [ -2.838795436118492, 56.467560377877334 ], [ -2.838798661907376, 56.467559457671726 ], [ -2.838806775902559, 56.467559402892363 ], [ -2.838810001691079, 56.467558482686449 ], [ -2.838814850278391, 56.467557551524436 ], [ -2.838821262234934, 56.467553914524082 ], [ -2.838824488022626, 56.467552994317785 ], [ -2.83882609101145, 56.467552085067609 ], [ -2.838826051391604, 56.467550288479572 ], [ -2.838827654380276, 56.467549379229375 ], [ -2.838827555330493, 56.46754488775931 ], [ -2.838825892912267, 56.467543102127465 ], [ -2.838825853292444, 56.467541305539427 ], [ -2.838822528456632, 56.46753773427568 ], [ -2.838820786799826, 56.467532355467711 ], [ -2.83882056889229, 56.467522474233519 ], [ -2.838822132260301, 56.467519768395334 ], [ -2.838844197681726, 56.467489971304879 ], [ -2.838847403652986, 56.467488152803959 ], [ -2.838850589813476, 56.467485436008936 ], [ -2.838853795784039, 56.467483617507874 ], [ -2.838858624549952, 56.467481788050108 ], [ -2.838861830519814, 56.467479969548798 ], [ -2.838866679095705, 56.467479038384745 ], [ -2.838871507860398, 56.467477208926468 ], [ -2.838881205010737, 56.467475346597404 ], [ -2.838882807994884, 56.467474437346482 ], [ -2.838892544766848, 56.46747437160456 ], [ -2.838897393341242, 56.467473440439285 ], [ -2.838902281538769, 56.46747430586187 ], [ -2.838907149924714, 56.467474272990252 ], [ -2.83896066254326, 56.467472114801701 ], [ -2.838965530928848, 56.467472081927774 ], [ -2.838970419127742, 56.46747294734768 ], [ -2.838985024284762, 56.467472848724213 ], [ -2.838989872856633, 56.467471917555329 ], [ -2.838994741242158, 56.467471884680258 ], [ -2.839001212608792, 56.467470942552552 ], [ -2.839004418570794, 56.467469124047568 ], [ -2.839027038628048, 56.46746447915632 ], [ -2.839031907012562, 56.467464446279791 ], [ -2.839033509992581, 56.467463537026916 ], [ -2.839036735767276, 56.467462616815084 ], [ -2.839039941726842, 56.46746079830919 ], [ -2.839039902096904, 56.467459001721195 ], [ -2.839041505076496, 56.467458092468206 ], [ -2.839041465446487, 56.467456295880218 ], [ -2.839039822837043, 56.467455408545206 ], [ -2.839039723762241, 56.467450917075233 ], [ -2.839038061338158, 56.467449131446187 ], [ -2.839036418729108, 56.467448244111146 ], [ -2.839034756305299, 56.467446458482065 ], [ -2.839033113696445, 56.467445571146975 ], [ -2.839031451272913, 56.467443785517851 ], [ -2.83900661400968, 56.467421492548354 ], [ -2.839003308981504, 56.467418819583379 ], [ -2.838998262277402, 56.467410767812709 ], [ -2.838996560229293, 56.467407185595093 ], [ -2.83899638190431, 56.467399100949002 ], [ -2.838997945254582, 56.467396395108551 ], [ -2.838997865998923, 56.467392801932512 ], [ -2.83899942934883, 56.467390096092032 ], [ -2.839002635304055, 56.467388277587062 ], [ -2.83900421846749, 56.467386470040537 ], [ -2.839012233353617, 56.467381923777651 ], [ -2.839015459121848, 56.467381003566352 ], [ -2.839018665075521, 56.467379185060977 ], [ -2.839021890843358, 56.467378264849515 ], [ -2.839031587960624, 56.467376402508656 ], [ -2.839034813727904, 56.467375482296866 ], [ -2.839039662285973, 56.467374551126021 ], [ -2.839046153449761, 56.467374507289954 ], [ -2.83905100200742, 56.467373576118661 ], [ -2.839075304239326, 56.467371615141388 ], [ -2.839089909356546, 56.467371516505537 ], [ -2.839114290851734, 56.467373148696652 ], [ -2.839140394226455, 56.467379261392651 ], [ -2.839145282417209, 56.467380126805665 ], [ -2.839197489194787, 56.467392352179139 ], [ -2.839200754596853, 56.467393228551011 ], [ -2.839205603153034, 56.467392297373678 ], [ -2.839208848736324, 56.467392275451346 ], [ -2.839212074500576, 56.467391355234945 ], [ -2.839220089362448, 56.467386808958622 ], [ -2.839221672515329, 56.467385001409326 ], [ -2.839221494142042, 56.467376916763492 ], [ -2.839219851531856, 56.467376029430852 ], [ -2.839217931453493, 56.467362565982427 ], [ -2.839216150110258, 56.467355390591848 ], [ -2.839216090652949, 56.467352695709891 ], [ -2.839214289491499, 56.46734462202528 ], [ -2.839214170577206, 56.467339232261352 ], [ -2.839220265350814, 56.46732122253637 ], [ -2.839220205893286, 56.467318527654392 ], [ -2.839221808862527, 56.467317618399065 ], [ -2.839224975162201, 56.467314003300338 ], [ -2.839226578131134, 56.46731309404494 ], [ -2.839233029645034, 56.467311253611101 ], [ -2.839244389161939, 56.467311176880045 ], [ -2.83924603176985, 56.467312064212358 ], [ -2.839270333951428, 56.467310103196851 ], [ -2.839283336076613, 56.467310913794201 ], [ -2.839293112447004, 56.467312644608803 ], [ -2.839306134394764, 56.467314353497756 ], [ -2.839315910767084, 56.467316084310553 ], [ -2.839325667318602, 56.467316916828615 ], [ -2.839333781260285, 56.467316862014762 ], [ -2.839355095554925, 56.467326600729933 ], [ -2.839360023388729, 56.467329262722437 ], [ -2.839363268966443, 56.467329240796055 ], [ -2.839369799767378, 56.467330993531007 ], [ -2.839381159289854, 56.467330916787425 ], [ -2.839384385044584, 56.467329996566541 ], [ -2.839387630622341, 56.467329974639526 ], [ -2.83939085637683, 56.467329054418464 ], [ -2.839395665273199, 56.467326326645768 ], [ -2.839397228591674, 56.467323620800229 ], [ -2.839397109651223, 56.467318231036451 ], [ -2.83939546703949, 56.467317343706114 ], [ -2.839404906415602, 56.467303803514497 ], [ -2.839414524199159, 56.467298347967798 ], [ -2.839416107338969, 56.467296540415973 ], [ -2.83942734790622, 56.46729107390437 ], [ -2.839428950869254, 56.467290164646343 ], [ -2.839432176619309, 56.467289244424208 ], [ -2.839437044980602, 56.467289211531771 ], [ -2.839440270730376, 56.46728829130943 ], [ -2.839451630239729, 56.467288214559396 ], [ -2.839454895638584, 56.467289090924567 ], [ -2.839459763999827, 56.467289058031263 ], [ -2.839463029398944, 56.467289934396234 ], [ -2.839495584269729, 56.467294206571495 ], [ -2.839515097369507, 56.467295871578614 ], [ -2.839519965731554, 56.467295838682922 ], [ -2.83952653618687, 56.467299387997521 ], [ -2.839526595666334, 56.467302082879371 ], [ -2.839528258107008, 56.467303868501901 ], [ -2.839531563162217, 56.467306541452977 ], [ -2.839533225603326, 56.467308327075465 ], [ -2.839539796062084, 56.467311876389346 ], [ -2.839543061465037, 56.467312752752221 ], [ -2.839546346695112, 56.467314527408945 ], [ -2.839575735330589, 56.467322414670122 ], [ -2.839578980907531, 56.467322392738112 ], [ -2.839582246312305, 56.46732326909995 ], [ -2.839590360254822, 56.467323214269328 ], [ -2.839593586003714, 56.467322294042994 ], [ -2.83959683158063, 56.467322272110522 ], [ -2.839600057329279, 56.467321351884017 ], [ -2.83960330290611, 56.467321329951375 ], [ -2.83960652865452, 56.467320409724699 ], [ -2.839608111785985, 56.467318602170423 ], [ -2.839611317705514, 56.467316783649693 ], [ -2.839611218562892, 56.467312292180026 ], [ -2.839612781865235, 56.467309586331751 ], [ -2.839612643065366, 56.467303298274217 ], [ -2.839610980620717, 56.467301512652789 ], [ -2.839607140193223, 56.467274585767463 ], [ -2.839607080708042, 56.467271890885648 ], [ -2.83960864400903, 56.467269185037416 ], [ -2.839608584523754, 56.467266490155588 ], [ -2.839610187481333, 56.467265580895223 ], [ -2.839611770610336, 56.467263773340896 ], [ -2.839613333910653, 56.467261067492579 ], [ -2.839616539825043, 56.4672592489717 ], [ -2.839627681207481, 56.467249290972184 ], [ -2.839632490076403, 56.467246563190265 ], [ -2.839637318773719, 56.467244733702103 ], [ -2.839640524685554, 56.467242915180591 ], [ -2.839646976166937, 56.467241074725194 ], [ -2.839651804862839, 56.467239245236456 ], [ -2.839658256343035, 56.467237404780491 ], [ -2.83966472765234, 56.467236462618111 ], [ -2.839669556346779, 56.467234633128676 ], [ -2.839676047485329, 56.467234589259647 ], [ -2.839682518793695, 56.467233647096357 ], [ -2.839710086300767, 56.467232562353814 ], [ -2.839713371531642, 56.467234337006147 ], [ -2.839716617100856, 56.467234315070527 ], [ -2.839721544947977, 56.467236977048735 ], [ -2.839723207394982, 56.467238762668678 ], [ -2.839723247057274, 56.467240559256553 ], [ -2.839724889673333, 56.467241446582548 ], [ -2.839728274062032, 56.467247712704115 ], [ -2.839731579126446, 56.467250385649905 ], [ -2.839743077444885, 56.467256596930675 ], [ -2.839746342847711, 56.4672574732882 ], [ -2.839751231036319, 56.467258338677375 ], [ -2.839752873653817, 56.467259226003002 ], [ -2.839757761842801, 56.467260091391921 ], [ -2.839778858056845, 56.467259948801349 ], [ -2.83978208379565, 56.467259028570112 ], [ -2.839786952152588, 56.467258995663961 ], [ -2.839791800676713, 56.467258064463699 ], [ -2.839796609534768, 56.467255336675422 ], [ -2.839798192654349, 56.4672535291187 ], [ -2.839799795606764, 56.467252619855877 ], [ -2.839807770701326, 56.46724627695361 ], [ -2.839830192186798, 56.467232648976527 ], [ -2.839835001038815, 56.467229921186743 ], [ -2.839838226773658, 56.467229000954035 ], [ -2.839841432674379, 56.467227182427322 ], [ -2.839846281193033, 56.467226251224922 ], [ -2.839849506927283, 56.467225330991923 ], [ -2.839852752495607, 56.467225309052743 ], [ -2.839857601013734, 56.467224377849895 ], [ -2.839868960502534, 56.467224301061663 ], [ -2.839872225905451, 56.467225177415891 ], [ -2.8398771140927, 56.467226042800114 ], [ -2.839891818326133, 56.46723043553942 ], [ -2.83989508373011, 56.467231311893045 ], [ -2.839898368969569, 56.467233086540496 ], [ -2.839904899778442, 56.467234839247311 ], [ -2.839908145347541, 56.467234817306689 ], [ -2.839909787967692, 56.467235704630234 ], [ -2.839913033536862, 56.467235682689491 ], [ -2.839916259270267, 56.467234762454744 ], [ -2.839922750408427, 56.467234718572826 ], [ -2.8399292217105, 56.467233776396647 ], [ -2.839934070227795, 56.467232845190829 ], [ -2.839937315796697, 56.467232823249446 ], [ -2.839995478146688, 56.467220750469366 ], [ -2.839998723714493, 56.467220728526357 ], [ -2.840001949444496, 56.467219808289393 ], [ -2.840009964173843, 56.467215261961854 ], [ -2.840011547281457, 56.467213454402405 ], [ -2.84001315022698, 56.467212545136825 ], [ -2.840013110550863, 56.467210748549022 ], [ -2.840014693658137, 56.467208940989522 ], [ -2.840014634143862, 56.46720624610785 ], [ -2.840033631418003, 56.467184555392215 ], [ -2.840033571902424, 56.467181860510543 ], [ -2.840036777789635, 56.467180041978757 ], [ -2.840039943999187, 56.467176426859119 ], [ -2.840046355771755, 56.467172789795136 ], [ -2.840049581496472, 56.467171869556914 ], [ -2.840052787382056, 56.467170051024731 ], [ -2.840064047657632, 56.467165482749159 ], [ -2.840070499104781, 56.467163642271714 ], [ -2.840085104137378, 56.467163543518723 ], [ -2.840088369539986, 56.467164419867274 ], [ -2.840091615102846, 56.467164397921856 ], [ -2.840158129298964, 56.467163049728043 ], [ -2.840166203522299, 56.467161198272002 ], [ -2.840175900526007, 56.467159335841615 ], [ -2.840177503465231, 56.467158426573896 ], [ -2.840185577686606, 56.46715657511659 ], [ -2.840188783564272, 56.467154756580875 ], [ -2.840208078351754, 56.467146540246439 ], [ -2.840209681289652, 56.467145630978294 ], [ -2.840224167256391, 56.4671401424457 ], [ -2.84023859368871, 56.4671319590298 ], [ -2.840259372325995, 56.467117443655567 ], [ -2.840260975261408, 56.467116534386761 ], [ -2.840267426690422, 56.467114693899049 ], [ -2.840272275183857, 56.467113762679993 ], [ -2.840285257417142, 56.467113674878526 ], [ -2.840288522820022, 56.467114551221812 ], [ -2.840291768378405, 56.467114529271157 ], [ -2.84029992196403, 56.467116270981862 ], [ -2.84030643292607, 56.467117125373711 ], [ -2.840348823647547, 56.467125822940979 ], [ -2.840382902020032, 56.467125592438258 ], [ -2.840392519615393, 56.467120136815517 ], [ -2.840392479921269, 56.467118340227806 ], [ -2.84040203797153, 56.467110189722774 ], [ -2.840414722489371, 56.467096627499998 ], [ -2.840417848960197, 56.467091215782936 ], [ -2.840421054821008, 56.467089397241189 ], [ -2.840424240833711, 56.467086680405508 ], [ -2.840438667201783, 56.467078496966252 ], [ -2.840453212654435, 56.46707570328838 ], [ -2.840456438360765, 56.467074783039564 ], [ -2.840469420579959, 56.467074695218834 ], [ -2.840474308761122, 56.467075560579545 ], [ -2.840479177093407, 56.467075527646237 ], [ -2.840488953456618, 56.467077258366722 ], [ -2.840492238710441, 56.467079032998498 ], [ -2.84053140372575, 56.467088650753226 ], [ -2.840544425650831, 56.467090359512312 ], [ -2.840552559391886, 56.46709120291262 ], [ -2.840573655506737, 56.46709106018691 ], [ -2.840581749545447, 56.467090106997638 ], [ -2.840594692065767, 56.467088222576166 ], [ -2.840601143473407, 56.467086382071081 ], [ -2.840609237510395, 56.467085428880019 ], [ -2.840622199880227, 56.467084442749488 ], [ -2.840644918768638, 56.467084289031995 ], [ -2.840653012804036, 56.467083335838069 ], [ -2.840662729616664, 56.467082371663416 ], [ -2.840670803797496, 56.467080520174505 ], [ -2.840677275053892, 56.467079577959289 ], [ -2.840727362750977, 56.467069356325027 ], [ -2.840754771259572, 56.467061084999898 ], [ -2.840793559046856, 56.467053635089627 ], [ -2.840887342472778, 56.46703772710854 ], [ -2.840937449916186, 56.46702840368318 ], [ -2.840990743300206, 56.467016363387266 ], [ -2.841034359592149, 56.467007083860516 ], [ -2.841071544356768, 56.467000543142078 ], [ -2.841100635104024, 56.466994955636167 ], [ -2.841145913846853, 56.466987461671756 ], [ -2.84119279547837, 56.466979058409912 ], [ -2.841220342885, 56.466977075038066 ], [ -2.841228417015402, 56.466975223512819 ], [ -2.841244525539149, 56.46696972387327 ], [ -2.84125420257166, 56.46696696306477 ], [ -2.841260634058165, 56.46696422423161 ], [ -2.841265462639385, 56.46696239467996 ], [ -2.8412848166961, 56.46695687305894 ], [ -2.841292870950477, 56.466954123235759 ], [ -2.841299342169203, 56.466953180988071 ], [ -2.841307416290534, 56.466951329457672 ], [ -2.841315510280075, 56.466950376220503 ], [ -2.841318735954323, 56.466949455949248 ], [ -2.841325207171582, 56.46694851370021 ], [ -2.841351171516779, 56.466948337875642 ], [ -2.841357682473049, 56.466949192212375 ], [ -2.841365816201245, 56.466950035559393 ], [ -2.841383666689135, 56.466949914674736 ], [ -2.841434131583579, 56.466956760335805 ], [ -2.841435774227364, 56.466957647639227 ], [ -2.841439039643196, 56.466958523952286 ], [ -2.84145039904695, 56.46695844701928 ], [ -2.841452001946629, 56.466957537735055 ], [ -2.841455227618112, 56.466956617460241 ], [ -2.841461639215584, 56.466952980322922 ], [ -2.841463222242214, 56.466951172744835 ], [ -2.841477628458067, 56.466942090890747 ], [ -2.841484040050893, 56.46693845375227 ], [ -2.841487265719947, 56.466937533476624 ], [ -2.84149209428662, 56.466935703916128 ], [ -2.841495319955239, 56.466934783640269 ], [ -2.841500168394579, 56.466933852373188 ], [ -2.841505036707205, 56.466933819399635 ], [ -2.841508262375342, 56.466932899123442 ], [ -2.841522867312789, 56.466932800201256 ], [ -2.841534186960063, 56.46693092667315 ], [ -2.841543903710003, 56.466929962429468 ], [ -2.841576319373122, 56.466927946003295 ], [ -2.841584453101484, 56.466928789335995 ], [ -2.841587698642727, 56.466928767351433 ], [ -2.841595832371515, 56.466929610683387 ], [ -2.841602323454121, 56.46692956671361 ], [ -2.84162343934882, 56.466930322103146 ], [ -2.841634758990243, 56.466928448565874 ], [ -2.841641250072582, 56.46692840459405 ], [ -2.841647661647156, 56.466924767447104 ], [ -2.841647542385568, 56.466919377684903 ], [ -2.841644018569397, 56.466906823559221 ], [ -2.841648767616658, 56.466901400817832 ], [ -2.841651953524423, 56.46689868395049 ], [ -2.841653536539606, 56.466896876369937 ], [ -2.841656742323773, 56.466895057796172 ], [ -2.841663193645738, 56.466893217235793 ], [ -2.84166479653747, 56.466892307948804 ], [ -2.841671287613513, 56.466892263975403 ], [ -2.841672930260035, 56.466893151275698 ], [ -2.841677818444801, 56.466894016589059 ], [ -2.84171520176895, 56.466896458614556 ], [ -2.841726581031921, 56.466897279949968 ], [ -2.841734873788922, 56.466905309622327 ], [ -2.841741404625419, 56.466907062232643 ], [ -2.841743047274239, 56.466907949532015 ], [ -2.841746292813549, 56.466907927543303 ], [ -2.841749558232213, 56.466908803848206 ], [ -2.841756049310965, 56.466908759870378 ], [ -2.84184842789083, 56.466902743387436 ], [ -2.841853256435315, 56.466900913812871 ], [ -2.841843321003506, 56.466891996850372 ], [ -2.841833286169718, 56.466878588418695 ], [ -2.841821787623796, 56.466872377330972 ], [ -2.84181852220664, 56.466871501027974 ], [ -2.841815236908735, 56.466869726431206 ], [ -2.841815197146936, 56.466867929843843 ], [ -2.841813435213047, 56.466861652783322 ], [ -2.841815038099784, 56.466860743494379 ], [ -2.841814998338007, 56.46685894690701 ], [ -2.841816581343666, 56.466857139324361 ], [ -2.841818184230133, 56.46685623003539 ], [ -2.841821350240765, 56.466852614869985 ], [ -2.841824575894116, 56.466851694585543 ], [ -2.841840525225104, 56.466839008518988 ], [ -2.841846936765099, 56.466835371361668 ], [ -2.841850162416339, 56.466834451076565 ], [ -2.841853407949208, 56.466834429085047 ], [ -2.841856633600208, 56.46683350879978 ], [ -2.8418614820174, 56.466832577518552 ], [ -2.841871218615478, 56.466832511542897 ], [ -2.841874484030451, 56.46683338784451 ], [ -2.841926412554, 56.466833035960057 ], [ -2.841932943386738, 56.466834788560327 ], [ -2.841934586036881, 56.466835675857162 ], [ -2.841937851453593, 56.466836552157112 ], [ -2.841942779404836, 56.466839214047397 ], [ -2.841946044822044, 56.466840090347134 ], [ -2.841980540502722, 56.466858723572656 ], [ -2.841982203039924, 56.46686050916253 ], [ -2.841983845692355, 56.466861396458718 ], [ -2.841985508229834, 56.466863182048542 ], [ -2.841985567884743, 56.466865876929518 ], [ -2.841992198151597, 56.466872120994928 ], [ -2.842021567062178, 56.466879109384138 ], [ -2.842031363330148, 56.466881738276889 ], [ -2.842034489550032, 56.466876326518737 ], [ -2.842029362727188, 56.466864681695604 ], [ -2.842027183152547, 56.466839540471376 ], [ -2.842027024065006, 56.466832354122126 ], [ -2.842030190053492, 56.466828738951371 ], [ -2.842031792933556, 56.466827829659621 ], [ -2.842034958921204, 56.466824214488732 ], [ -2.842036561800959, 56.466823305196925 ], [ -2.842039787446473, 56.466822384906891 ], [ -2.842085085678161, 56.466815788893122 ], [ -2.842109387385201, 56.466813827321388 ], [ -2.842161097098129, 56.466803594108619 ], [ -2.842170833687939, 56.466803528109452 ], [ -2.842177404305842, 56.466807077284138 ], [ -2.842179126518742, 56.466811557752308 ], [ -2.84218890289016, 56.46681328833899 ], [ -2.842192327429817, 56.466821350981348 ], [ -2.842195930980747, 56.466837498266287 ], [ -2.842195990650697, 56.466840193147192 ], [ -2.842197653197285, 56.466841978734173 ], [ -2.842199295853965, 56.466842866027534 ], [ -2.842200958400829, 56.466844651614466 ], [ -2.842205886371687, 56.46684731349432 ], [ -2.842209151795674, 56.466848189787136 ], [ -2.842210794452896, 56.466849077080333 ], [ -2.842214039986726, 56.466849055079393 ], [ -2.842215682644103, 56.466849942372527 ], [ -2.842248257330357, 56.466855112119816 ], [ -2.842272578945815, 56.466854048809807 ], [ -2.842287183849713, 56.466853949797667 ], [ -2.842292032258698, 56.466853018499627 ], [ -2.842298503434452, 56.466852076199814 ], [ -2.842301709183424, 56.466850257609359 ], [ -2.842306557591568, 56.466849326310744 ], [ -2.842311386106719, 56.466847496718337 ], [ -2.8423146117475, 56.466846576421162 ], [ -2.842322626116218, 56.466842029943827 ], [ -2.842338555380888, 56.466828445519525 ], [ -2.842349755593435, 56.466821182155286 ], [ -2.842396517375397, 56.466807388676663 ], [ -2.842402988540625, 56.466806446371407 ], [ -2.842407836940574, 56.466805515068835 ], [ -2.842437046709507, 56.466805317010994 ], [ -2.842453314150979, 56.466807003563069 ], [ -2.842472827124015, 56.466808668105337 ], [ -2.842516761166017, 56.466813760754604 ], [ -2.842557389993024, 56.466816180517569 ], [ -2.842575220512757, 56.466815161167958 ], [ -2.842610841749476, 56.466811325873913 ], [ -2.842620558440039, 56.466810361545889 ], [ -2.842630255229749, 56.466808498923541 ], [ -2.842638309353049, 56.46680574901292 ], [ -2.842648006140676, 56.466803886389194 ], [ -2.842656060261679, 56.466801136477407 ], [ -2.842664094480351, 56.466797488271524 ], [ -2.842670525834423, 56.46679474936515 ], [ -2.84268014301148, 56.466789293564617 ], [ -2.842708934819282, 56.46677023127782 ], [ -2.84273796543246, 56.466761948507056 ], [ -2.842757339070783, 56.46675732494964 ], [ -2.842778355370675, 56.466753588674926 ], [ -2.842804239953493, 56.466749819372097 ], [ -2.842817202147708, 56.466748833012225 ], [ -2.842823713101949, 56.466749687272099 ], [ -2.842828581389037, 56.466749654246627 ], [ -2.842841603298602, 56.46675136276486 ], [ -2.842844868728896, 56.466752239040979 ], [ -2.842857890640083, 56.4667539475575 ], [ -2.842869309695864, 56.466756565375277 ], [ -2.842903427524782, 56.466758130767495 ], [ -2.842916409626311, 56.466758042690799 ], [ -2.842921258007096, 56.46675711136816 ], [ -2.842927729150239, 56.466756169035499 ], [ -2.842932597438038, 56.466756136005948 ], [ -2.842939048673031, 56.466754295379168 ], [ -2.842943897052764, 56.466753364055634 ], [ -2.842950348286724, 56.466751523428272 ], [ -2.842951951141115, 56.466750614124621 ], [ -2.842961608082286, 56.466746954889281 ], [ -2.84296962235113, 56.466742408370031 ], [ -2.842972808149636, 56.466739691468661 ], [ -2.842974411002979, 56.466738782164704 ], [ -2.843017727832992, 56.466716027537124 ], [ -2.843035418922303, 56.466708720066656 ], [ -2.843051507154878, 56.466702321898623 ], [ -2.843057958374765, 56.466700481265633 ], [ -2.843066032354075, 56.466698629620694 ], [ -2.843072503483451, 56.466697687280487 ], [ -2.843080577461435, 56.46669583563461 ], [ -2.843127498113836, 56.46668922822829 ], [ -2.843133989152326, 56.466689184178385 ], [ -2.843138877343602, 56.466690049434241 ], [ -2.843145368382212, 56.466690005383754 ], [ -2.843151879333539, 56.466690859626432 ], [ -2.84315841019805, 56.466692612162277 ], [ -2.843163298390325, 56.466693477417188 ], [ -2.843173114602039, 56.466697004513442 ], [ -2.84317636012192, 56.466696982487349 ], [ -2.843189501510507, 56.466704080730146 ], [ -2.843192806772154, 56.466706753584141 ], [ -2.843231991996277, 56.466717268781153 ], [ -2.843235277347356, 56.466719043340504 ], [ -2.843240165544821, 56.466719908592395 ], [ -2.843243430981568, 56.46672078485804 ], [ -2.843248299264382, 56.466720751816098 ], [ -2.843251564701391, 56.466721628081537 ], [ -2.843264546789132, 56.466721539968425 ], [ -2.843267772395526, 56.466720619646438 ], [ -2.843272640678287, 56.466720586603543 ], [ -2.8432758662844, 56.466719666281357 ], [ -2.84328071465119, 56.466718734944642 ], [ -2.843288788623292, 56.466716883285237 ], [ -2.843298485355261, 56.466715020610629 ], [ -2.843308162169774, 56.466712259641781 ], [ -2.843309765013791, 56.466711350333483 ], [ -2.843314593462015, 56.466709520701954 ], [ -2.843317799149427, 56.466707702085188 ], [ -2.843327356458979, 56.466699551353891 ], [ -2.843367327921582, 56.46667232716662 ], [ -2.843368930762465, 56.466671417857555 ], [ -2.843370513685322, 56.466669610254982 ], [ -2.843373739284645, 56.466668689930231 ], [ -2.843375342125217, 56.46666778062108 ], [ -2.843385018921883, 56.466665019646214 ], [ -2.843414228574161, 56.466664821358378 ], [ -2.843433761433838, 56.466667384043092 ], [ -2.843554064709202, 56.46667644999669 ], [ -2.843575180497562, 56.466677205054253 ], [ -2.843610881193451, 56.466676962646829 ], [ -2.843631957134735, 56.466675921107807 ], [ -2.84365301315011, 56.466673981271768 ], [ -2.843667578128656, 56.466672085510304 ], [ -2.843688614214428, 56.466669247374774 ], [ -2.843708007612577, 56.46666552196227 ], [ -2.843729023765039, 56.466661785526448 ], [ -2.843733872112962, 56.466660854172027 ], [ -2.843766187783785, 56.466654345706573 ], [ -2.843780712893395, 56.466650653344949 ], [ -2.843796781045158, 56.46664335678674 ], [ -2.843803232218042, 56.466641516114983 ], [ -2.843824148703606, 56.466633288195887 ], [ -2.84384338263577, 56.466622376414776 ], [ -2.843853079315455, 56.466620513696789 ], [ -2.843862795923855, 56.466619549271478 ], [ -2.843875777974256, 56.466619461094425 ], [ -2.843880626313029, 56.466618529734255 ], [ -2.843892005537153, 56.466619350871191 ], [ -2.843908233099934, 56.466619240645841 ], [ -2.843960221096093, 56.466621582790687 ], [ -2.844013831854955, 56.466623913889769 ], [ -2.844039875693368, 56.466627330676303 ], [ -2.844065839798285, 56.466627154283799 ], [ -2.844103143263143, 56.466626002416689 ], [ -2.844177790060109, 56.466625495235583 ], [ -2.844200548525533, 56.466627137453933 ], [ -2.844207039551485, 56.466627093347917 ], [ -2.844228195200988, 56.466629644881124 ], [ -2.844246085401091, 56.46663132017153 ], [ -2.844280203169876, 56.466632885185369 ], [ -2.844302901823419, 56.466631832504909 ], [ -2.844312658303751, 56.466632664631078 ], [ -2.844340245167179, 56.466632477153262 ], [ -2.84434996176579, 56.466631512689801 ], [ -2.844358055607322, 56.466630559254106 ], [ -2.844408221461354, 56.466623929306387 ], [ -2.844442219568478, 56.466620104515663 ], [ -2.844484271614474, 56.466613529685013 ], [ -2.844489099992505, 56.466611700007746 ], [ -2.844493908425294, 56.466608972036944 ], [ -2.844498736802267, 56.466607142359301 ], [ -2.844505187934189, 56.466605301651036 ], [ -2.844510016310138, 56.466603471972931 ], [ -2.844514864630881, 56.466602540587999 ], [ -2.844534277857156, 56.46659971333964 ], [ -2.844553750919054, 56.466599580968214 ], [ -2.844576429597589, 56.466597629944374 ], [ -2.844612130208569, 56.466597387248967 ], [ -2.84461864117643, 56.466598241414736 ], [ -2.844634888675165, 56.466599029387723 ], [ -2.844651156123083, 56.466600715651879 ], [ -2.844656024388555, 56.46660068255472 ], [ -2.844729327674903, 56.466612762180695 ], [ -2.844742369572182, 56.466615368792901 ], [ -2.844768413469453, 56.466618785426633 ], [ -2.844771658981232, 56.466618763358817 ], [ -2.844797662979376, 56.466620383399849 ], [ -2.844820381562525, 56.466620228918025 ], [ -2.844872289797896, 56.466618977507842 ], [ -2.844920932563048, 56.466616849854468 ], [ -2.845019840831783, 56.466612583453383 ], [ -2.845063475604778, 56.466604200802777 ], [ -2.845084491585891, 56.466600464137358 ], [ -2.845087697177894, 56.466598645474768 ], [ -2.845094068442744, 56.466593211562888 ], [ -2.845098757073687, 56.466585093809137 ], [ -2.845101862867247, 56.46657878367995 ], [ -2.845103445702621, 56.466576976055208 ], [ -2.845106631332309, 56.466574259098898 ], [ -2.845108194207832, 56.46657155318082 ], [ -2.845111399796227, 56.466569734517627 ], [ -2.845114585424728, 56.466567017561097 ], [ -2.845119413765854, 56.466565187859288 ], [ -2.845122619353162, 56.466563369195789 ], [ -2.845127447693426, 56.466561539493654 ], [ -2.845138727125642, 56.466557869050092 ], [ -2.845143575424678, 56.466556937640554 ], [ -2.845150046476488, 56.466555995191989 ], [ -2.845154894774997, 56.466555063782039 ], [ -2.845156497567396, 56.466554154449831 ], [ -2.845164591371288, 56.466553200961535 ], [ -2.845172705135723, 56.466553145765936 ], [ -2.845179176186134, 56.466552203315828 ], [ -2.845213253995536, 56.466551971486773 ], [ -2.845224633227425, 56.466552792501581 ], [ -2.84522952144828, 56.466553657675163 ], [ -2.845237655175192, 56.466554500768559 ], [ -2.845245808865175, 56.466556242154645 ], [ -2.84525233980285, 56.466557994580427 ], [ -2.845296453593934, 56.466571170885302 ], [ -2.845355311960737, 56.466590535853797 ], [ -2.845365108384026, 56.466593164483697 ], [ -2.845369996613327, 56.466594029651766 ], [ -2.84537811038615, 56.466593974442745 ], [ -2.845381335929289, 56.466593054065775 ], [ -2.845386144294559, 56.466590326060377 ], [ -2.845387727116697, 56.466588518431998 ], [ -2.84538762728606, 56.466584026965968 ], [ -2.845384301913623, 56.466580455877065 ], [ -2.84532947329475, 56.466523329512675 ], [ -2.845317814571595, 56.466509932422639 ], [ -2.845311163855818, 56.466502790251731 ], [ -2.845288125931607, 56.466488572153175 ], [ -2.845264808544873, 56.466461777963964 ], [ -2.84524657902111, 56.466444831860727 ], [ -2.845243253675479, 56.466441260773358 ], [ -2.84523998821719, 56.466440384561558 ], [ -2.845238325544807, 56.466438599017799 ], [ -2.845235040124747, 56.466436824513991 ], [ -2.845221978294805, 56.466433319665434 ], [ -2.845218732799421, 56.466433341744967 ], [ -2.845215467342388, 56.466432465532549 ], [ -2.845199239865766, 56.466432575928543 ], [ -2.845197637079317, 56.466433485259913 ], [ -2.845189523340763, 56.466433540457025 ], [ -2.845176581280447, 56.466435425355094 ], [ -2.845168487501954, 56.466436378842722 ], [ -2.845166884714595, 56.466437288173715 ], [ -2.845160413683377, 56.466438230621741 ], [ -2.845153962612012, 56.466440071361326 ], [ -2.845147531500039, 56.466442810392493 ], [ -2.845142683215551, 56.466443741800759 ], [ -2.845129781068542, 56.466447423277785 ], [ -2.845120044578489, 56.466447489508923 ], [ -2.845118401870809, 56.466446602255459 ], [ -2.845113513666663, 56.466445737078764 ], [ -2.845110228251837, 56.466443962571645 ], [ -2.845097146472103, 56.466439559418028 ], [ -2.845093861058591, 56.466437784910468 ], [ -2.845090555686728, 56.466435112110901 ], [ -2.845088912980283, 56.466434224857053 ], [ -2.845087230356758, 56.466431541019311 ], [ -2.84508392498592, 56.466428868219573 ], [ -2.845082262321448, 56.466427082673711 ], [ -2.845063933106738, 56.466405645083768 ], [ -2.845060627739846, 56.466402972283369 ], [ -2.845058925161883, 56.466399390153306 ], [ -2.845055599838106, 56.466395819060857 ], [ -2.845053917218703, 56.466393135222667 ], [ -2.845052214641833, 56.466389553092498 ], [ -2.845052134811007, 56.466385959924757 ], [ -2.845050432234638, 56.466382377794574 ], [ -2.84505033244635, 56.466377886334897 ], [ -2.845043542102502, 56.466364456105815 ], [ -2.845032043188489, 56.466358245323882 ], [ -2.845028737828061, 56.46635557252263 ], [ -2.845025412511065, 56.466352001429307 ], [ -2.845020464450595, 56.466348441373093 ], [ -2.845018801792729, 56.466346655826335 ], [ -2.845013893647106, 56.466344892353717 ], [ -2.8450040374442, 56.466339568824026 ], [ -2.844999129300194, 56.466337805350832 ], [ -2.844997486600175, 56.466336918095742 ], [ -2.84498442482698, 56.466333413222053 ], [ -2.844977913897181, 56.466332559076641 ], [ -2.844974648454486, 56.466331682857835 ], [ -2.844968137525204, 56.466330828711904 ], [ -2.84493892814435, 56.466331027364866 ], [ -2.844934079869011, 56.466331958764997 ], [ -2.844927628804641, 56.466333799492844 ], [ -2.84489703612512, 56.466344788675507 ], [ -2.844880928406508, 56.466350288781676 ], [ -2.844876100080696, 56.466352118471519 ], [ -2.844869629056686, 56.466353060904368 ], [ -2.844864800729965, 56.466354890593777 ], [ -2.844858329705189, 56.466355833026064 ], [ -2.844855084216194, 56.466355855096083 ], [ -2.844848613191004, 56.466356797527858 ], [ -2.84480642183251, 56.466357084428253 ], [ -2.844804779136168, 56.466356197170597 ], [ -2.844801513695407, 56.46635532094723 ], [ -2.844791737325488, 56.466353590568602 ], [ -2.844785166542585, 56.466350041537119 ], [ -2.844780278358571, 56.466349176347251 ], [ -2.844763891309828, 56.466342100350332 ], [ -2.844755677837188, 56.466337664059054 ], [ -2.844750729804078, 56.466334103992011 ], [ -2.844747424465733, 56.4663314311832 ], [ -2.844744139078156, 56.466329656666325 ], [ -2.844730817981204, 56.466314473969803 ], [ -2.84471437110821, 56.466304703090209 ], [ -2.844706097801513, 56.466297571919554 ], [ -2.844692996170828, 56.466292270431062 ], [ -2.844688088047505, 56.466290506945533 ], [ -2.844681557182968, 56.466288754492538 ], [ -2.844676669009289, 56.466287889298556 ], [ -2.84466851540417, 56.466286147877511 ], [ -2.844655493575313, 56.466284439553164 ], [ -2.844647359919859, 56.466283596422734 ], [ -2.844639246212517, 56.466283651583822 ], [ -2.844632775194223, 56.466284594004357 ], [ -2.844626284228157, 56.466284638132507 ], [ -2.844619813209361, 56.466285580552345 ], [ -2.844610116654083, 56.466287443327509 ], [ -2.844597214507877, 56.466291124749262 ], [ -2.844592386175716, 56.466292954428084 ], [ -2.844585955047598, 56.466295693430254 ], [ -2.844581126714298, 56.466297523108643 ], [ -2.844565098753218, 56.466306616342109 ], [ -2.844558707512462, 56.466311151926938 ], [ -2.844550693527273, 56.466315698542473 ], [ -2.84454913062125, 56.466318404449623 ], [ -2.844539533780946, 56.466324758679491 ], [ -2.84453157962618, 56.46633200016992 ], [ -2.844528393974389, 56.466334717107557 ], [ -2.844525248212276, 56.466339230629195 ], [ -2.84452370524849, 56.466342834828048 ], [ -2.844520659209978, 56.466351839809803 ], [ -2.844519076355377, 56.466353647424498 ], [ -2.844516030314901, 56.466362652406112 ], [ -2.844514527238959, 56.466368053188937 ], [ -2.844511600864896, 56.466382447922705 ], [ -2.844511700588794, 56.466386939382915 ], [ -2.844498192820454, 56.466436444718937 ], [ -2.844490637520728, 56.466461652047414 ], [ -2.844474808907631, 56.466479728189483 ], [ -2.844473206101553, 56.466480637511538 ], [ -2.844465271844989, 56.466488777289655 ], [ -2.844457297697869, 56.466495120483181 ], [ -2.844452489276164, 56.466497848448604 ], [ -2.844438004177531, 56.46650333746765 ], [ -2.84443155305925, 56.466505178169754 ], [ -2.844426724691544, 56.466507007842146 ], [ -2.844407311504094, 56.466509835069594 ], [ -2.844399217689572, 56.466510788507115 ], [ -2.844366762661675, 56.466511009083732 ], [ -2.844361874466157, 56.466510143877429 ], [ -2.844355343578389, 56.466508391407373 ], [ -2.844348832632206, 56.466507537229006 ], [ -2.844345567188775, 56.46650666099368 ], [ -2.844303196197483, 56.46649886309477 ], [ -2.844293379933424, 56.466495336092834 ], [ -2.844288451862559, 56.466492674299495 ], [ -2.844285186421815, 56.466491798062549 ], [ -2.844281881102492, 56.466489125241402 ], [ -2.844276953033256, 56.466486463447602 ], [ -2.844273647714989, 56.466483790626214 ], [ -2.844257061314453, 56.466467731641679 ], [ -2.844243879933361, 56.466458836937591 ], [ -2.844220742748949, 56.466440127179688 ], [ -2.844189272541501, 56.466411591335984 ], [ -2.844159225764456, 56.466374061537053 ], [ -2.844145924823392, 56.466359777069627 ], [ -2.844134306444019, 56.466348176451554 ], [ -2.844106321086687, 56.466330398040547 ], [ -2.844099670632728, 56.466323255804092 ], [ -2.844094722663441, 56.466319695710794 ], [ -2.84409141737288, 56.466317022884439 ], [ -2.8440864694052, 56.466313462790815 ], [ -2.844081541372899, 56.46631080098912 ], [ -2.844074990598529, 56.466308150212015 ], [ -2.844070062567736, 56.466305488409873 ], [ -2.844063531729103, 56.466303735924321 ], [ -2.844012847985537, 56.466287010126997 ], [ -2.843988327467488, 56.466279090854812 ], [ -2.843976808821344, 56.466271981682553 ], [ -2.843968555593149, 56.466265748754616 ], [ -2.843957017023421, 56.46625774128831 ], [ -2.843955374351399, 56.466256854019377 ], [ -2.843950326748252, 56.46624880245939 ], [ -2.843950266954493, 56.466246107582847 ], [ -2.843948584420722, 56.466243423729473 ], [ -2.843946782300213, 56.466235350122986 ], [ -2.843945000111607, 56.466228174808663 ], [ -2.843943317579027, 56.466225490955189 ], [ -2.843933003149722, 56.466199506619844 ], [ -2.843929199613595, 56.466174376484354 ], [ -2.843924072305042, 56.46616273175438 ], [ -2.843922349915894, 56.466158251316216 ], [ -2.84391383762787, 56.46614034058593 ], [ -2.843905464858647, 56.466128717900411 ], [ -2.843897131954399, 56.4661188917987 ], [ -2.843892144171808, 56.466113535112726 ], [ -2.843885533656436, 56.466108189448853 ], [ -2.843878943072386, 56.466103742076825 ], [ -2.843873995153046, 56.466100181974525 ], [ -2.84386740457177, 56.466095734601886 ], [ -2.843857548596158, 56.466090410980563 ], [ -2.843854283200411, 56.46608953473217 ], [ -2.843847712552017, 56.466085985650693 ], [ -2.843841181761901, 56.466084233153303 ], [ -2.843836273705511, 56.466082469633911 ], [ -2.843810090769941, 56.466072764763148 ], [ -2.843803559983865, 56.466071012263768 ], [ -2.843784027410697, 56.466068449640247 ], [ -2.843780762018561, 56.466067573389914 ], [ -2.84376772037828, 56.466064966679944 ], [ -2.843743279761451, 56.466060640527701 ], [ -2.843733423812589, 56.466055316896458 ], [ -2.843730158422765, 56.46605444064479 ], [ -2.843717176567104, 56.466054528806232 ], [ -2.843715573760634, 56.466055438118559 ], [ -2.843710725490002, 56.466056369470948 ], [ -2.843709122683299, 56.466057278783197 ], [ -2.843681635861123, 56.466061957581267 ], [ -2.843678410321135, 56.466062877912748 ], [ -2.843665428462385, 56.466062966068783 ], [ -2.843662163073462, 56.466062089815324 ], [ -2.843658917608836, 56.466062111854036 ], [ -2.843652386831592, 56.466060359346677 ], [ -2.843650744175401, 56.46605947207366 ], [ -2.843647478787123, 56.46605859581981 ], [ -2.843644193475205, 56.466056821273611 ], [ -2.843640928087308, 56.466055945019576 ], [ -2.843637642775931, 56.4660541704732 ], [ -2.84363598019677, 56.466052384907719 ], [ -2.843632714809448, 56.466051508653479 ], [ -2.84363105223064, 56.46604972308792 ], [ -2.843631012383703, 56.466047926503386 ], [ -2.843629349805134, 56.466046140937799 ], [ -2.843629309958284, 56.466044344353257 ], [ -2.843612385337088, 56.466013014312033 ], [ -2.843610702838011, 56.466010330453919 ], [ -2.843610643069157, 56.466007635577071 ], [ -2.843607278071981, 56.466002267860752 ], [ -2.843605615496579, 56.466000482294852 ], [ -2.843602310268993, 56.465997809455232 ], [ -2.843600647694025, 56.46599602388924 ], [ -2.843597342467188, 56.465993351049484 ], [ -2.843592434434064, 56.465991587520399 ], [ -2.843589149130625, 56.465989812972715 ], [ -2.843579352988716, 56.465987184205972 ], [ -2.843576107530491, 56.465987206242509 ], [ -2.843572842150232, 56.465986329986677 ], [ -2.843571239343145, 56.465987239297164 ], [ -2.843566371155789, 56.465987272351612 ], [ -2.843559920082739, 56.465989113008511 ], [ -2.843556674624332, 56.465989135044538 ], [ -2.843555071816733, 56.465990044354818 ], [ -2.843538944130337, 56.465994645994954 ], [ -2.8435341157842, 56.465996475632728 ], [ -2.843532532896815, 56.465998283235017 ], [ -2.843530930088241, 56.465999192544977 ], [ -2.843531049614484, 56.466004582298758 ], [ -2.843532692265451, 56.466005469573382 ], [ -2.843532732107621, 56.466007266157966 ], [ -2.843526440396988, 56.466016293151476 ], [ -2.843521631968295, 56.466019021081053 ], [ -2.843516803618187, 56.466020850718166 ], [ -2.843511955347005, 56.466021782062789 ], [ -2.843507126996069, 56.466023611699526 ], [ -2.843497430452267, 56.466025474387827 ], [ -2.843479680012562, 56.46603008703751 ], [ -2.843442496631737, 56.466036628468814 ], [ -2.843431157431256, 56.466037603876146 ], [ -2.843424686424369, 56.466038546233705 ], [ -2.843405213647546, 56.466038678427438 ], [ -2.843393834609867, 56.466037857246718 ], [ -2.843392191960739, 56.466036969970261 ], [ -2.843388946498056, 56.466036992001911 ], [ -2.843385661200183, 56.466035217448841 ], [ -2.843382395820133, 56.466034341187999 ], [ -2.843377467874252, 56.466031679358103 ], [ -2.843375785391079, 56.466028995496771 ], [ -2.843375327292332, 56.466008334773321 ], [ -2.84337689027036, 56.466005628880716 ], [ -2.84337997639089, 56.465998420510779 ], [ -2.84338155928564, 56.465996612910423 ], [ -2.843386168545997, 56.465984902062964 ], [ -2.843389214827815, 56.46597589710813 ], [ -2.843398453253785, 56.465953373704743 ], [ -2.843401579201783, 56.465947961918886 ], [ -2.843401519448072, 56.465945267041889 ], [ -2.843403082421629, 56.465942561148928 ], [ -2.843401399940681, 56.465939877287909 ], [ -2.84340130035122, 56.465935385826263 ], [ -2.84339965770642, 56.465934498549878 ], [ -2.843396053732891, 56.465918351319708 ], [ -2.843392708692107, 56.465913881889762 ], [ -2.843386058447942, 56.465906739614276 ], [ -2.843382773161655, 56.465904965061078 ], [ -2.843377805398202, 56.465900506646413 ], [ -2.843372857553111, 56.465896946523905 ], [ -2.843369572268305, 56.465895171970338 ], [ -2.843364664258659, 56.465893408432187 ], [ -2.843346535450274, 56.465880953508261 ], [ -2.843341527861479, 56.465874698507413 ], [ -2.843338162914773, 56.465869330783605 ], [ -2.84333810316579, 56.465866635906551 ], [ -2.843336420692928, 56.4658639520446 ], [ -2.843336261362694, 56.465856765705766 ], [ -2.843339427144453, 56.465853150506099 ], [ -2.843339387311761, 56.465851353921387 ], [ -2.843342473427104, 56.465844145552218 ], [ -2.843347261930086, 56.465840519337135 ], [ -2.843353693071535, 56.465837780398921 ], [ -2.843358362071915, 56.465828764429304 ], [ -2.843371084928669, 56.465816998504899 ], [ -2.843382344394849, 56.465812429933735 ], [ -2.843395326167979, 56.465812341807435 ], [ -2.843398591528981, 56.465813218068 ], [ -2.843401836972324, 56.465813196036137 ], [ -2.84340836769493, 56.465814948556826 ], [ -2.843410030252687, 56.465816734125461 ], [ -2.843416560976287, 56.465818486645723 ], [ -2.843423151455469, 56.46582293404267 ], [ -2.843426456654848, 56.465825606887179 ], [ -2.843429781773189, 56.465829178023945 ], [ -2.843444665138144, 56.465841654968891 ], [ -2.843454560828155, 56.465848775208059 ], [ -2.843462793959835, 56.465854109878535 ], [ -2.843472669737033, 56.465860331823905 ], [ -2.843479220390818, 56.465862982633169 ], [ -2.843487433609219, 56.465867419009669 ], [ -2.843490698977146, 56.465868295267782 ], [ -2.843495606989368, 56.465870058800967 ], [ -2.843498872357713, 56.465870935058867 ], [ -2.84350376045037, 56.465871800299404 ], [ -2.843507025819056, 56.465872676557098 ], [ -2.843518384888398, 56.465872599435208 ], [ -2.843521610416053, 56.465871679107899 ], [ -2.843523213219443, 56.465870769798045 ], [ -2.843529664274041, 56.465868929143042 ], [ -2.843532790196194, 56.46586351735386 ], [ -2.843532750354238, 56.465861720769219 ], [ -2.843534353156935, 56.465860811459223 ], [ -2.843534233630872, 56.465855421705342 ], [ -2.843530928421207, 56.465852748863725 ], [ -2.843526000488804, 56.465850087039613 ], [ -2.843522695280196, 56.465847414197775 ], [ -2.843519370151415, 56.465843843063531 ], [ -2.843516064943832, 56.465841170221516 ], [ -2.843514402379957, 56.465839384654316 ], [ -2.843511097173121, 56.465836711812159 ], [ -2.843507772046397, 56.465833140677596 ], [ -2.843504466840586, 56.465830467835261 ], [ -2.843502764437269, 56.465826885683263 ], [ -2.843499439312215, 56.465823314548459 ], [ -2.843497756829816, 56.465820630688697 ], [ -2.843497697069496, 56.4658179358117 ], [ -2.84349603450753, 56.465816150244244 ], [ -2.8434943520257, 56.465813466384439 ], [ -2.843494192665562, 56.465806280045797 ], [ -2.843502206671196, 56.465801733498047 ], [ -2.843511883236681, 56.465798972517085 ], [ -2.843519957000472, 56.465797120845181 ], [ -2.843523202442323, 56.465797098810143 ], [ -2.843526427963394, 56.465796178482698 ], [ -2.843541032451297, 56.465796079323574 ], [ -2.843542675093333, 56.465796966598106 ], [ -2.843547563177341, 56.465797831836944 ], [ -2.843549205819609, 56.46579871911139 ], [ -2.843554073982554, 56.465798686057653 ], [ -2.843557339346029, 56.465799562314047 ], [ -2.843567075672107, 56.465799496205719 ], [ -2.843570301192297, 56.465798575877123 ], [ -2.843576792076161, 56.465798531804317 ], [ -2.843580017596028, 56.465797611475473 ], [ -2.843584865836617, 56.465796680128214 ], [ -2.843588091356124, 56.465795759799164 ], [ -2.843592939596272, 56.465794828451571 ], [ -2.843594542394666, 56.4657939191408 ], [ -2.843597767913698, 56.465792998811501 ], [ -2.843610590297112, 56.465785724324206 ], [ -2.843612173171872, 56.465783916720895 ], [ -2.843628201143003, 56.465774823609706 ], [ -2.843636095585394, 56.465764887299486 ], [ -2.843635956121804, 56.465758599253313 ], [ -2.843634233785968, 56.465754118810771 ], [ -2.843632471603996, 56.465747841783575 ], [ -2.84363072934585, 56.465742463048663 ], [ -2.843629046857766, 56.465739779190642 ], [ -2.843625721728529, 56.465736208059184 ], [ -2.843624039241086, 56.465733524201113 ], [ -2.843620753958845, 56.465731749654147 ], [ -2.843607393683765, 56.465714770249882 ], [ -2.843595795593949, 56.465704067871926 ], [ -2.843594152954747, 56.465703180598084 ], [ -2.843592490393339, 56.465701395031864 ], [ -2.843590807909849, 56.465698711173324 ], [ -2.843590668454191, 56.465692423127024 ], [ -2.843593834197703, 56.465688807920841 ], [ -2.843595436991577, 56.465687898610049 ], [ -2.843597019862991, 56.465686091006901 ], [ -2.843598622656671, 56.46568518169606 ], [ -2.843606556933493, 56.465677041972256 ], [ -2.843611345389736, 56.465673415746991 ], [ -2.843638692473451, 56.465662448918394 ], [ -2.843649951860705, 56.465657880322972 ], [ -2.843666198933239, 56.465658668422329 ], [ -2.843672689792771, 56.465658624344542 ], [ -2.84367589537404, 56.465656805720911 ], [ -2.843679120879318, 56.465655885389495 ], [ -2.84368232646004, 56.465654066765673 ], [ -2.843683909325854, 56.46565225916143 ], [ -2.843685512115983, 56.465651349849452 ], [ -2.843698194960864, 56.465637787306854 ], [ -2.843698155111341, 56.46563599072222 ], [ -2.843701380614286, 56.465635070390235 ], [ -2.843706188980979, 56.46563234245361 ], [ -2.843709414483413, 56.465631422121405 ], [ -2.843714282624478, 56.465631389061421 ], [ -2.843715885412984, 56.465630479749059 ], [ -2.843719150765533, 56.465631356001239 ], [ -2.843724018906577, 56.465631322940872 ], [ -2.84372566154567, 56.465632210213016 ], [ -2.843728926898596, 56.465633086464926 ], [ -2.843733814965462, 56.465633951696475 ], [ -2.843737100244419, 56.465635726240478 ], [ -2.843742008237624, 56.465637489764006 ], [ -2.843748538945301, 56.465639242266874 ], [ -2.8437534469395, 56.465641005789969 ], [ -2.843768230704187, 56.465648991234943 ], [ -2.843773178553711, 56.465652551341826 ], [ -2.843774821194893, 56.465653438613309 ], [ -2.843781551174562, 56.465664174037407 ], [ -2.843789764384783, 56.46566861039404 ], [ -2.843796374808627, 56.465673956063533 ], [ -2.84379966009404, 56.465675730605874 ], [ -2.843804667732097, 56.465681985588347 ], [ -2.843809615589437, 56.465685545693752 ], [ -2.843812900876488, 56.465687320235716 ], [ -2.843816166236229, 56.465688196485317 ], [ -2.843819451523822, 56.465689971027103 ], [ -2.84382598224422, 56.465691723525886 ], [ -2.843830850392951, 56.465691690461306 ], [ -2.843834115753487, 56.465692566710437 ], [ -2.84385364813431, 56.465695129326534 ], [ -2.843863384432576, 56.465695063195028 ], [ -2.84386660993649, 56.465694142858752 ], [ -2.843869855369153, 56.465694120814668 ], [ -2.843876286447277, 56.465691381849417 ], [ -2.843879511950556, 56.4656904615128 ], [ -2.843882717524463, 56.465688642883833 ], [ -2.843885883239483, 56.465685027670247 ], [ -2.843885803522348, 56.465681434501164 ], [ -2.843887346520852, 56.465677830309787 ], [ -2.843887266803599, 56.465674237140718 ], [ -2.843885584300321, 56.465671553286164 ], [ -2.843885484653992, 56.465667061824817 ], [ -2.843883762292729, 56.465662581385708 ], [ -2.84388209971941, 56.465660795823396 ], [ -2.843878734715058, 56.46565542811414 ], [ -2.843875449427716, 56.465653653573902 ], [ -2.843872124282821, 56.465650082449024 ], [ -2.843852412568107, 56.465639435205212 ], [ -2.843830958583463, 56.465623409226069 ], [ -2.843814412610014, 56.465609146763839 ], [ -2.843804397351987, 56.465596636799283 ], [ -2.843799369798341, 56.465589483524404 ], [ -2.843797647450983, 56.465585003084016 ], [ -2.8437975278884, 56.465579613330199 ], [ -2.843799090818423, 56.46557690743218 ], [ -2.843799011109918, 56.465573314262954 ], [ -2.843800314986598, 56.465558930564946 ], [ -2.843812778557291, 56.465535486795154 ], [ -2.843819109974691, 56.465528256371293 ], [ -2.843822335465418, 56.465527336036175 ], [ -2.843825580883708, 56.465527313993263 ], [ -2.843828806374193, 56.465526393657967 ], [ -2.843830409155457, 56.465525484344127 ], [ -2.843843390827927, 56.465525396171145 ], [ -2.843846656174261, 56.465526272419979 ], [ -2.843851544229872, 56.465527137646944 ], [ -2.843853186867382, 56.465528024917404 ], [ -2.843856452214171, 56.465528901165989 ], [ -2.843858114780378, 56.465530686728684 ], [ -2.843859757418199, 56.465531573999073 ], [ -2.843861419984682, 56.465533359561732 ], [ -2.843863062622698, 56.465534246832085 ], [ -2.843864725189457, 56.465536032394702 ], [ -2.843866407685084, 56.465538716249583 ], [ -2.84387640301913, 56.465550327916944 ], [ -2.843884935082132, 56.465569136944026 ], [ -2.843891764724617, 56.465584363823687 ], [ -2.843895209442114, 56.465593324701771 ], [ -2.843926878037705, 56.465630843547963 ], [ -2.843930183255764, 56.465633516379114 ], [ -2.843931865760491, 56.465636200233057 ], [ -2.843935190909809, 56.465639771356336 ], [ -2.843940118843317, 56.465642433164284 ], [ -2.843943424063342, 56.465645105995073 ], [ -2.843948332067383, 56.465646869510444 ], [ -2.843963076013372, 56.465653058347598 ], [ -2.843969606733962, 56.465654810838835 ], [ -2.843974514740494, 56.465656574353126 ], [ -2.843977760169822, 56.465656552306228 ], [ -2.843982648245383, 56.465657417527964 ], [ -2.843987516389472, 56.465657384457259 ], [ -2.843992404465363, 56.465658249678619 ], [ -2.843997252677617, 56.465657318315259 ], [ -2.844008611680402, 56.465657241148641 ], [ -2.844011837177482, 56.465656320808591 ], [ -2.844021533600276, 56.465654458080202 ], [ -2.8440408467111, 56.465647139452173 ], [ -2.844042449492327, 56.465646230135619 ], [ -2.844044032340441, 56.465644422526786 ], [ -2.844045635121476, 56.465643513210196 ], [ -2.844050383664559, 56.465638090383571 ], [ -2.844050303931833, 56.465634497214587 ], [ -2.844048641351875, 56.465632711654507 ], [ -2.844048521753067, 56.465627321901032 ], [ -2.844046819307336, 56.465623739756438 ], [ -2.844045136794978, 56.465621055904059 ], [ -2.844041831569875, 56.46561838307597 ], [ -2.844040129125195, 56.46561480093127 ], [ -2.844038486479479, 56.465613913663297 ], [ -2.84402670890534, 56.465595126695312 ], [ -2.844005135279778, 56.465573710992679 ], [ -2.843993477325647, 56.465560313774958 ], [ -2.843994980445348, 56.465554912997682 ], [ -2.843994880786383, 56.465550421536349 ], [ -2.843993138485823, 56.465545042806411 ], [ -2.843993018895377, 56.465539653052787 ], [ -2.843991336390678, 56.465536969199633 ], [ -2.843996064996495, 56.465530648082726 ], [ -2.84399266012429, 56.465523483791912 ], [ -2.843990838098659, 56.465514511892835 ], [ -2.843989195458509, 56.465513624624187 ], [ -2.843989095800392, 56.465509133162811 ], [ -2.84399550690645, 56.465505495899109 ], [ -2.844005203291208, 56.465503633172005 ], [ -2.844010071415341, 56.465503600100433 ], [ -2.844027901271195, 56.465502580544147 ], [ -2.844031166619797, 56.465503456788134 ], [ -2.844036074609353, 56.465505220300088 ], [ -2.844047573097152, 56.46551143117582 ], [ -2.844054183529679, 56.46551677683172 ], [ -2.844055826171493, 56.465517664099501 ], [ -2.844079102238104, 56.465542661937754 ], [ -2.844089117572833, 56.465555171880112 ], [ -2.84410406084982, 56.465570343623092 ], [ -2.84411740136213, 56.465586424681774 ], [ -2.844120806263911, 56.465593588969035 ], [ -2.844124231101925, 56.465601651548432 ], [ -2.844124270971772, 56.46560344813291 ], [ -2.844125933554006, 56.465605233691967 ], [ -2.844134146791721, 56.465609670025835 ], [ -2.844139014929431, 56.465609636949189 ], [ -2.84414065757732, 56.465610524215833 ], [ -2.844145505779696, 56.465609592846704 ], [ -2.84415199662994, 56.465609548743885 ], [ -2.844158447608676, 56.465607708056261 ], [ -2.84416005038537, 56.465606798738193 ], [ -2.844163275874382, 56.465605878394221 ], [ -2.844164878650881, 56.46560496907609 ], [ -2.844166461491368, 56.465603161465715 ], [ -2.84416968697991, 56.465602241121573 ], [ -2.844171269820052, 56.465600433511135 ], [ -2.844182389569401, 56.465589576821927 ], [ -2.844195092150355, 56.465576912520973 ], [ -2.844198317635941, 56.465575992176092 ], [ -2.844199900473608, 56.465574184565291 ], [ -2.844207914344143, 56.465569637972038 ], [ -2.844211139828789, 56.465568717626837 ], [ -2.844215988024005, 56.465567786254965 ], [ -2.844219213508292, 56.465566865909537 ], [ -2.844238686036455, 56.465566733588524 ], [ -2.84424195139551, 56.465567609826934 ], [ -2.844251727535637, 56.465569340249452 ], [ -2.844254972957196, 56.465569318195307 ], [ -2.844256615606036, 56.465570205460423 ], [ -2.844276167889866, 56.465573666302362 ], [ -2.84427943325039, 56.465574542539805 ], [ -2.844281095838686, 56.465576328096788 ], [ -2.844287666438201, 56.465579877155712 ], [ -2.844320379877132, 56.465591334399647 ], [ -2.844339852417466, 56.465591202062747 ], [ -2.844349548806968, 56.465589339308771 ], [ -2.844352794230173, 56.465589317252068 ], [ -2.844357622483983, 56.465587487582482 ], [ -2.844362470677929, 56.46558655620489 ], [ -2.844365676219516, 56.465584737563482 ], [ -2.84436890170155, 56.465583817214167 ], [ -2.844373729953866, 56.465581987543949 ], [ -2.844376935494517, 56.465580168902243 ], [ -2.844380121093834, 56.465577451968272 ], [ -2.844383326633789, 56.465575633326402 ], [ -2.84438651223226, 56.465572916392262 ], [ -2.844415362074415, 56.465556548610962 ], [ -2.844423415799072, 56.465553798588218 ], [ -2.844431449580318, 56.465550150272769 ], [ -2.844444351489142, 56.465546468868204 ], [ -2.844452425152231, 56.46554461713577 ], [ -2.844457253395428, 56.465542787462304 ], [ -2.844476626193396, 56.46553816364311 ], [ -2.844510583424598, 56.465532542255723 ], [ -2.844530075878072, 56.465533308181193 ], [ -2.8445398320775, 56.46553414028886 ], [ -2.844551210986523, 56.465534961364824 ], [ -2.844570643605383, 56.46553303240745 ], [ -2.844582042460533, 56.465534751772722 ], [ -2.844603217464648, 56.4655382015318 ], [ -2.844627717679133, 56.465545222391931 ], [ -2.844653860560164, 56.46555313050704 ], [ -2.844657105979983, 56.4655531084424 ], [ -2.844660371347503, 56.465553984669803 ], [ -2.844663616767391, 56.465553962604979 ], [ -2.844666882135135, 56.465554838832198 ], [ -2.844670167450971, 56.465556613351481 ], [ -2.844673432819098, 56.465557489578536 ], [ -2.844675075477248, 56.465558376838096 ], [ -2.844678400690062, 56.465561947941396 ], [ -2.844681686007064, 56.465563722460374 ], [ -2.844730886001668, 56.465586747065792 ], [ -2.844750358537552, 56.465586614664517 ], [ -2.844760034955093, 56.465583853586395 ], [ -2.844777745124416, 56.465577444169739 ], [ -2.844779307983624, 56.46557473825947 ], [ -2.844782493553284, 56.465572021315218 ], [ -2.84478561927035, 56.465566609494566 ], [ -2.844785539467523, 56.465563016326143 ], [ -2.844787122276319, 56.465561208707889 ], [ -2.844789988631377, 56.465544119089692 ], [ -2.844796319861647, 56.465536888616327 ], [ -2.844799525377905, 56.465535069963742 ], [ -2.844802750844947, 56.465534149603172 ], [ -2.84480595636066, 56.465532330950424 ], [ -2.844809181827308, 56.465531410589684 ], [ -2.844812427245121, 56.465531388520979 ], [ -2.844818878177777, 56.4655295477991 ], [ -2.844831799992968, 56.465526764646434 ], [ -2.84484309909766, 56.46552399252721 ], [ -2.844854418152998, 56.46552211869907 ], [ -2.844881964291153, 56.465520134518123 ], [ -2.844896568666613, 56.46552003519971 ], [ -2.844909590240888, 56.465521743499416 ], [ -2.84491283565778, 56.46552172142809 ], [ -2.844920969153903, 56.465522564541459 ], [ -2.844940561381846, 56.465527821862914 ], [ -2.844942204044967, 56.465528709118935 ], [ -2.844974857771492, 56.465537471314001 ], [ -2.844987999088466, 56.465544569357895 ], [ -2.844997815167914, 56.465548096305753 ], [ -2.845001080542856, 56.465548972524189 ], [ -2.845005988583537, 56.465550735997695 ], [ -2.845012499378288, 56.465551590141956 ], [ -2.845017387463602, 56.465552455322957 ], [ -2.845040205183622, 56.46555679226239 ], [ -2.845059617830656, 56.465553964936447 ], [ -2.845062843292878, 56.465553044569127 ], [ -2.845067691464635, 56.465552113164037 ], [ -2.845074142388203, 56.465550272428921 ], [ -2.845080573353389, 56.465547533401406 ], [ -2.845085401566127, 56.465545703703569 ], [ -2.845088607069066, 56.46554388504353 ], [ -2.845093435280943, 56.465542055345381 ], [ -2.845096620825056, 56.4655393383931 ], [ -2.845098203617859, 56.465537530770902 ], [ -2.845098163701538, 56.465535734186794 ], [ -2.845101329286544, 56.465532118942342 ], [ -2.845101269411854, 56.465529424066204 ], [ -2.845118720034597, 56.465511336804319 ], [ -2.845125131031089, 56.465507699482451 ], [ -2.845129919318748, 56.465504073198787 ], [ -2.845136350271962, 56.465501334168387 ], [ -2.845137953020348, 56.465500424837728 ], [ -2.84514438397235, 56.465497685806916 ], [ -2.845152437630602, 56.465494935736956 ], [ -2.845178241265117, 56.465487572776858 ], [ -2.84518471213235, 56.465486630328023 ], [ -2.845189580252791, 56.46548659721023 ], [ -2.845196051119565, 56.465485654760812 ], [ -2.845207410066914, 56.465485577484593 ], [ -2.845213920854833, 56.465486431618309 ], [ -2.845218808936218, 56.465487296791387 ], [ -2.845225319724689, 56.465488150924521 ], [ -2.845230207806555, 56.465489016097145 ], [ -2.845236718595577, 56.465489870229682 ], [ -2.845251442728666, 56.4654951606217 ], [ -2.845254728066719, 56.465496935125479 ], [ -2.845300503239196, 56.465511896957068 ], [ -2.845305391325859, 56.465512762126721 ], [ -2.845310259449532, 56.465512729004175 ], [ -2.845315147536525, 56.465513594173437 ], [ -2.845332997323628, 56.465513472721767 ], [ -2.845342693643102, 56.465511609890314 ], [ -2.845375008046103, 56.465505101015985 ], [ -2.845379856203826, 56.465504169598724 ], [ -2.845384684396321, 56.465502339889262 ], [ -2.845389532553443, 56.465501408471617 ], [ -2.845392738037823, 56.465499589803755 ], [ -2.845397566229098, 56.46549776009379 ], [ -2.84540393726527, 56.465492326173575 ], [ -2.845407142748178, 56.465490507505329 ], [ -2.845410328265188, 56.465487790545019 ], [ -2.845413453884763, 56.465482378708664 ], [ -2.845427698855607, 56.465466110071894 ], [ -2.845430904335133, 56.465464291403052 ], [ -2.845432487108683, 56.465462483776598 ], [ -2.845434089848214, 56.465461574442124 ], [ -2.845435672621497, 56.465459766815627 ], [ -2.845442083578387, 56.465456129477438 ], [ -2.845446931728111, 56.465455198057548 ], [ -2.845450137205777, 56.465453379388201 ], [ -2.84545336264972, 56.465452459010756 ], [ -2.845458210798687, 56.465451527590417 ], [ -2.845466324324591, 56.465451472376103 ], [ -2.845471172473106, 56.465450540955274 ], [ -2.845474437850466, 56.465451417161262 ], [ -2.845526598044953, 56.465461573789774 ], [ -2.845539605648881, 56.465462653219014 ], [ -2.845549351867086, 56.465463036101383 ], [ -2.8455720897154, 56.46546377977522 ], [ -2.845588316771991, 56.465463669331157 ], [ -2.845592363551159, 56.465463192573836 ], [ -2.845597221683028, 56.465462710294069 ], [ -2.845601268461979, 56.465462233536449 ], [ -2.845622995251422, 56.465453999803735 ], [ -2.845628624792738, 56.465451715416329 ], [ -2.845633442980859, 56.465449436551253 ], [ -2.845639072520854, 56.465447152163378 ], [ -2.845643890707754, 56.465444873297891 ], [ -2.845655169755821, 56.465441202812912 ], [ -2.845669714182407, 56.465438408527731 ], [ -2.845685921255489, 56.465437399778999 ], [ -2.845694034777863, 56.465437344549805 ], [ -2.845746902500953, 56.465442824444665 ], [ -2.845781069183981, 56.465446634775404 ], [ -2.845792438105153, 56.465447006591639 ], [ -2.845817590030149, 56.465446835357824 ], [ -2.845828928988364, 56.465445859732831 ], [ -2.845834588479395, 56.465444922773997 ], [ -2.845844264780026, 56.465442161611492 ], [ -2.845853911114994, 56.465438053010367 ], [ -2.845863547459658, 56.465433495262566 ], [ -2.845866762903436, 56.465432125728441 ], [ -2.84587958472268, 56.46542485100732 ], [ -2.845883611517027, 56.46542347594859 ], [ -2.845885224232374, 56.465423015754254 ], [ -2.845888459651431, 56.465422544511476 ], [ -2.845891685081883, 56.465421624122676 ], [ -2.845894920500738, 56.465421152879713 ], [ -2.845898957282734, 56.465420226966465 ], [ -2.845902202690024, 56.465420204869275 ], [ -2.845906249460433, 56.465419728101743 ], [ -2.845909504856408, 56.465420155150312 ], [ -2.8459135616155, 56.465420127528475 ], [ -2.845935637928291, 56.465427613849407 ], [ -2.845960128327557, 56.465434185300474 ], [ -2.845985370149704, 56.46543805634618 ], [ -2.846030925754202, 56.465443136697509 ], [ -2.846039069247965, 56.465444428883572 ], [ -2.846046391399561, 56.465445277448424 ], [ -2.846053723541952, 56.465446575158765 ], [ -2.846061857046664, 56.465447418197407 ], [ -2.846069179199344, 56.465448266760909 ], [ -2.846096765180525, 56.465448078894312 ], [ -2.84610000059903, 56.46544760764602 ], [ -2.846107262805926, 56.465445761331694 ], [ -2.84610886552833, 56.465444851988529 ], [ -2.846111289594103, 56.465444386265602 ], [ -2.846112892316351, 56.465443476922381 ], [ -2.84611530639078, 56.465442562053454 ], [ -2.846116909112852, 56.46544165271019 ], [ -2.846117690491395, 56.465440299746689 ], [ -2.846119293213313, 56.46543939040339 ], [ -2.846120074591723, 56.465438037439888 ], [ -2.8461199846704, 56.46543399512651 ], [ -2.846117460693139, 56.465429969390321 ], [ -2.846114135355707, 56.46542639832569 ], [ -2.846099201318109, 56.465411675971502 ], [ -2.846084217338179, 56.465394707885793 ], [ -2.846082574654123, 56.465393820644884 ], [ -2.846080911988598, 56.465392035112103 ], [ -2.846079259313984, 56.46539069872523 ], [ -2.846076785297646, 56.465388918717849 ], [ -2.846075933983684, 56.46538712765954 ], [ -2.846074251337388, 56.465384443834786 ], [ -2.846073400023651, 56.465382652776469 ], [ -2.846073280135507, 56.465377263025218 ], [ -2.846074061514306, 56.465375910061965 ], [ -2.846074832902356, 56.46537410795279 ], [ -2.846076415641083, 56.465372300318158 ], [ -2.846077197019668, 56.465370947354906 ], [ -2.846077988388927, 56.465370043537582 ], [ -2.846081995188539, 56.465367770180556 ], [ -2.846086011978491, 56.465365945969353 ], [ -2.846090038758925, 56.465364570903944 ], [ -2.846094886880544, 56.465363639458786 ], [ -2.846100536361461, 56.465362253341901 ], [ -2.846105394473571, 56.465361771042282 ], [ -2.846108629884543, 56.46536129979377 ], [ -2.846118346108176, 56.465360335193687 ], [ -2.846128903655771, 56.465360712504868 ], [ -2.846138659844523, 56.465361544486917 ], [ -2.846149237375803, 56.465362820088217 ], [ -2.84619731689184, 56.465371926114265 ], [ -2.846223410016743, 56.465377588169105 ], [ -2.846251125851366, 56.465383239165277 ], [ -2.846273923622475, 56.465386677586153 ], [ -2.846306477597701, 56.465390947971699 ], [ -2.846325178647807, 56.465392617434162 ], [ -2.846343889693467, 56.465394736039713 ], [ -2.846347145092136, 56.46539516307682 ], [ -2.846352834544465, 56.465395573532106 ], [ -2.846358533991009, 56.465396433133037 ], [ -2.846363422086584, 56.465397298261038 ], [ -2.846369121533628, 56.465398157861493 ], [ -2.846374840969512, 56.465399915753494 ], [ -2.84638138175162, 56.465402117263686 ], [ -2.84639616597736, 56.465410102395232 ], [ -2.846405260753033, 56.465417677072359 ], [ -2.846413564170087, 56.465426155568288 ], [ -2.846415216858121, 56.465427491950678 ], [ -2.846417710882617, 56.465430170243074 ], [ -2.846421006264599, 56.465432393861832 ], [ -2.846423500289834, 56.465435072154094 ], [ -2.84642679567259, 56.465437295772695 ], [ -2.846434187796433, 56.465441288335946 ], [ -2.846442361288751, 56.465443927933229 ], [ -2.846450524787, 56.465446118384065 ], [ -2.846459489643187, 56.465447854160523 ], [ -2.846461933695441, 56.465448286722562 ], [ -2.846474975305404, 56.465450893149786 ], [ -2.846481486115475, 56.465451747216996 ], [ -2.846488798282563, 56.465452146609827 ], [ -2.846495299097408, 56.465452551530433 ], [ -2.846505025330262, 56.465452036045967 ], [ -2.846515562915212, 56.465451515032427 ], [ -2.846526881863833, 56.465449641051947 ], [ -2.846537399455284, 56.465448221744779 ], [ -2.846561600072358, 56.465441767846265 ], [ -2.846626028372504, 56.465419766537849 ], [ -2.84666705738409, 56.465403764444446 ], [ -2.84667269685181, 56.465401929155696 ], [ -2.846712884478068, 56.465384585138871 ], [ -2.846719315294692, 56.465381846026645 ], [ -2.846723332054994, 56.465380021794864 ], [ -2.846728170164152, 56.465378641179136 ], [ -2.846732196922234, 56.465377266092943 ], [ -2.84673704502932, 56.465376334622732 ], [ -2.846738657732085, 56.465375874417326 ], [ -2.846748353945333, 56.465374011476221 ], [ -2.846754033399845, 56.465373972767239 ], [ -2.846761375551234, 56.465375719581679 ], [ -2.846768737701286, 56.465378364687389 ], [ -2.846788380105707, 56.465385867446351 ], [ -2.846799027660864, 56.465390287013292 ], [ -2.846810486569601, 56.465394701049085 ], [ -2.846812119271275, 56.465395139134458 ], [ -2.846816206025411, 56.465396458920715 ], [ -2.846820302779449, 56.46539822785271 ], [ -2.84683256304458, 56.465402187210266 ], [ -2.846837451151637, 56.465403052319573 ], [ -2.846842329259038, 56.465403468282837 ], [ -2.846843961961462, 56.465403906367797 ], [ -2.846846396015274, 56.465403889776383 ], [ -2.846848840069041, 56.465404322330784 ], [ -2.846853708176711, 56.465404289147742 ], [ -2.84685532087923, 56.465403828940829 ], [ -2.846860168986638, 56.4654028974658 ], [ -2.846861771688902, 56.465401988112951 ], [ -2.846863364390959, 56.46540062961423 ], [ -2.846864967093049, 56.465399720261324 ], [ -2.846868152496624, 56.465397003263746 ], [ -2.846868943847347, 56.465396099441421 ], [ -2.846869695197213, 56.465393399035655 ], [ -2.84686962519579, 56.465390255014654 ], [ -2.846868743843478, 56.46538711652429 ], [ -2.846867882491674, 56.465384876325615 ], [ -2.846864487086175, 56.465378161260169 ], [ -2.846860280331334, 56.465371451725169 ], [ -2.846859418980402, 56.465369211526436 ], [ -2.846857716278951, 56.465365629420674 ], [ -2.846856053577945, 56.465363843898317 ], [ -2.846856013577827, 56.465362047314869 ], [ -2.846855162227389, 56.465360256261967 ], [ -2.846855072227239, 56.465356213949228 ], [ -2.846855843577379, 56.46535441183525 ], [ -2.846856634927512, 56.465353508012988 ], [ -2.846858197627563, 56.465350802076721 ], [ -2.846861383027515, 56.465348085079313 ], [ -2.846865389777144, 56.465345811697084 ], [ -2.846868605176669, 56.465344442137074 ], [ -2.846871830576172, 56.465343521722822 ], [ -2.846875877325715, 56.465343044923699 ], [ -2.846880735425092, 56.465342562593754 ], [ -2.846888848924464, 56.465342507286501 ], [ -2.846901059175706, 56.465344220908065 ], [ -2.846913289429466, 56.465346832820146 ], [ -2.846914922130241, 56.465347270904168 ], [ -2.846922264283788, 56.46534901770908 ], [ -2.846929596437109, 56.465350315367679 ], [ -2.846936137242778, 56.465352516848647 ], [ -2.846943479398327, 56.465354263652294 ], [ -2.846949218856407, 56.465356919809516 ], [ -2.846959876423384, 56.465361788508517 ], [ -2.84696974264546, 56.465367561029566 ], [ -2.846990336457623, 56.465381346267122 ], [ -2.846998589989512, 56.465387578994509 ], [ -2.847006022171292, 56.46539336810703 ], [ -2.847015898410718, 56.465399589770222 ], [ -2.847019203827247, 56.465402262518879 ], [ -2.847021667886917, 56.465403593361565 ], [ -2.847023320595504, 56.46540492973584 ], [ -2.847025774653419, 56.465405811432596 ], [ -2.847028238713551, 56.465407142275154 ], [ -2.847038014938044, 56.46540887247815 ], [ -2.84705261926207, 56.465408772906173 ], [ -2.847055854664961, 56.465408301633005 ], [ -2.847059100070244, 56.465408279505574 ], [ -2.847065570875693, 56.465407336958805 ], [ -2.847067984924426, 56.465406422071396 ], [ -2.847074435724015, 56.465404581232484 ], [ -2.847079243815151, 56.465401853165574 ], [ -2.847082409197854, 56.465398237870865 ], [ -2.847084001891746, 56.465396879369322 ], [ -2.847085564577166, 56.465394173430234 ], [ -2.847086285903032, 56.465390125585692 ], [ -2.847085374524297, 56.465385639659374 ], [ -2.847083651795054, 56.465381159265071 ], [ -2.847083591778515, 56.465378464390056 ], [ -2.847082730414117, 56.465376224192894 ], [ -2.847082680400397, 56.46537397846371 ], [ -2.847081829038892, 56.465372187412385 ], [ -2.847080967674746, 56.465369947215208 ], [ -2.847080116313414, 56.465368156163869 ], [ -2.847076790890253, 56.465364585125123 ], [ -2.847074306825936, 56.46536235599185 ], [ -2.847071842767131, 56.465361025150209 ], [ -2.847068567358234, 56.465359699840441 ], [ -2.847066103299806, 56.465358368998658 ], [ -2.847062837893841, 56.465357492834599 ], [ -2.847059562485567, 56.465356167524583 ], [ -2.847055495732178, 56.465355746038007 ], [ -2.847043115431833, 56.465346396952334 ], [ -2.847040631370722, 56.46534416781838 ], [ -2.847038968662004, 56.465342382298473 ], [ -2.847037295951259, 56.465340147632709 ], [ -2.847035573229884, 56.465335667237717 ], [ -2.847035523219061, 56.465333421508497 ], [ -2.847034661858583, 56.465331181310972 ], [ -2.847035423197436, 56.465328930050049 ], [ -2.847035373186634, 56.465326684320821 ], [ -2.84703615452969, 56.465325331351579 ], [ -2.847036114521018, 56.465323534768189 ], [ -2.847036895863983, 56.465322181798939 ], [ -2.847037687209077, 56.465321277975534 ], [ -2.847040071246346, 56.465319015651119 ], [ -2.847041683942906, 56.465318555441776 ], [ -2.847044107988802, 56.465318089700666 ], [ -2.847048966082731, 56.465317607364142 ], [ -2.847053022829548, 56.465317579705086 ], [ -2.847057089578774, 56.465318001191754 ], [ -2.847062779026847, 56.465318411614504 ], [ -2.847068478477595, 56.46531927118285 ], [ -2.847079897385245, 56.46532188861044 ], [ -2.847087249544173, 56.465324084551447 ], [ -2.847101993876429, 56.465330273015454 ], [ -2.8471233690566, 56.465342705261328 ], [ -2.847127475822384, 56.465344923329006 ], [ -2.847135729368877, 56.465351156047291 ], [ -2.847143962911174, 56.465356490473368 ], [ -2.847148891033441, 56.465359152153745 ], [ -2.847154620503105, 56.465361359155601 ], [ -2.847157074561218, 56.465362240849771 ], [ -2.847161181331127, 56.465364458916333 ], [ -2.847163635389598, 56.465365340610361 ], [ -2.847166079444446, 56.465365773158538 ], [ -2.847169344853514, 56.46536664931989 ], [ -2.847174232963566, 56.465367514415945 ], [ -2.847179912416467, 56.465367475687493 ], [ -2.847181525113371, 56.465367015476346 ], [ -2.847183959164579, 56.465366998878324 ], [ -2.847187194562196, 56.465366527601738 ], [ -2.84718879725496, 56.465365618244668 ], [ -2.847191211297999, 56.465364703354851 ], [ -2.847194396674952, 56.465361986348938 ], [ -2.847195188017075, 56.465361082524538 ], [ -2.847195158004827, 56.465359735087056 ], [ -2.847195939342795, 56.465358382116825 ], [ -2.847195067968097, 56.465355692774622 ], [ -2.847190881164932, 56.465349881542565 ], [ -2.847189218448837, 56.465348096024691 ], [ -2.847184200289675, 56.465341392033451 ], [ -2.847178370782609, 56.465334693574647 ], [ -2.847176688060084, 56.465332009764943 ], [ -2.847174183984392, 56.465328882342 ], [ -2.847170798533157, 56.465322616430775 ], [ -2.847169035781685, 56.465316339454311 ], [ -2.847168945747914, 56.465312297141821 ], [ -2.847168094383726, 56.465310506091065 ], [ -2.847168064372507, 56.465309158653575 ], [ -2.847168845710418, 56.465307805683487 ], [ -2.847168815699176, 56.46530645824599 ], [ -2.847170378374776, 56.465303752305822 ], [ -2.847171981065286, 56.465302842948972 ], [ -2.847173573751916, 56.465301484446258 ], [ -2.847175176442252, 56.465300575089358 ], [ -2.84717759048146, 56.465299660199818 ], [ -2.847179203175489, 56.465299199988706 ], [ -2.847181617214511, 56.465298285099067 ], [ -2.847184041257339, 56.465297819355222 ], [ -2.847186475304063, 56.465297802757156 ], [ -2.8471888993468, 56.465297337013226 ], [ -2.847191343397502, 56.465297769560891 ], [ -2.847200308251929, 56.465299505283909 ], [ -2.847210935822127, 56.465303026523884 ], [ -2.847219119342695, 56.46530611521586 ], [ -2.847249549451699, 56.465324325473418 ], [ -2.847252023519094, 56.465326105457365 ], [ -2.847252864882877, 56.465327447361702 ], [ -2.847256180314609, 56.465330569249893 ], [ -2.847258684397225, 56.465333696671173 ], [ -2.84727194613162, 56.465346184222774 ], [ -2.847276062911555, 56.465348851431358 ], [ -2.847276894271656, 56.465349744189702 ], [ -2.84728102105744, 56.465352860543923 ], [ -2.847293371403133, 56.465360862168318 ], [ -2.847298289531187, 56.465363074696924 ], [ -2.847302406314847, 56.465365741904613 ], [ -2.847315507986696, 56.465371043118417 ], [ -2.847330222357682, 56.465375884117769 ], [ -2.847338385892304, 56.465378074510177 ], [ -2.84734081994413, 56.465378057909078 ], [ -2.847344075352429, 56.465378484920024 ], [ -2.847345708059552, 56.465378922998383 ], [ -2.847353821565794, 56.465378867660725 ], [ -2.847356245611644, 56.465378401913512 ], [ -2.847362716404347, 56.465377459351267 ], [ -2.847368365839994, 56.465376073176778 ], [ -2.84737321393091, 56.46537514168174 ], [ -2.847378863365817, 56.465373755506782 ], [ -2.847388539533484, 56.465370994224102 ], [ -2.847394188967196, 56.465369608048427 ], [ -2.847399017043583, 56.465367778260777 ], [ -2.847404656469831, 56.465365942938824 ], [ -2.84740786184465, 56.465364124219072 ], [ -2.84741264989293, 56.465360497847676 ], [ -2.84741579522658, 56.465355984252888 ], [ -2.847418109195972, 56.46535057790063 ], [ -2.847420433171475, 56.465345620694123 ], [ -2.847421184480692, 56.465342920285067 ], [ -2.847422657078424, 56.465336172029524 ], [ -2.847423318326099, 56.465329429308191 ], [ -2.847423178230947, 56.465323141266907 ], [ -2.847417849824952, 56.465302513765138 ], [ -2.847417809798062, 56.465300717181904 ], [ -2.84741608703321, 56.465296236792227 ], [ -2.847415235657627, 56.465294445743169 ], [ -2.847413512893376, 56.465289965353456 ], [ -2.847413422833391, 56.465285923041172 ], [ -2.847414174141958, 56.465283222632124 ], [ -2.847415756812285, 56.465281414980517 ], [ -2.847416528133994, 56.465279612863078 ], [ -2.847418110804056, 56.465277805211421 ], [ -2.847420514829099, 56.465276441171355 ], [ -2.847422107505599, 56.465275082665457 ], [ -2.84742771689635, 56.465271899905034 ], [ -2.847434167655091, 56.465270059047469 ], [ -2.847437403041169, 56.465269587764368 ], [ -2.847440628420181, 56.465268667335366 ], [ -2.847443873813078, 56.465268645197916 ], [ -2.847447109198908, 56.465268173914559 ], [ -2.847453599984599, 56.465268129639206 ], [ -2.847463366184862, 56.465269410662977 ], [ -2.847470728363028, 56.465272055727048 ], [ -2.847476527890018, 56.465277406734714 ], [ -2.847482337426151, 56.465283206887904 ], [ -2.847499034757991, 56.465304206046916 ], [ -2.847504042960425, 56.465310460879572 ], [ -2.847515802163909, 56.465328349224173 ], [ -2.847522493119566, 56.465337287861125 ], [ -2.847525818582537, 56.465340858887863 ], [ -2.847529154054213, 56.465344879060304 ], [ -2.847533290868423, 56.465348444551907 ], [ -2.847539941799043, 56.465355586604701 ], [ -2.847544068607208, 56.465358702950148 ], [ -2.847553944926156, 56.465364924570423 ], [ -2.847558873078424, 56.465367586234485 ], [ -2.847561327146356, 56.465368467920641 ], [ -2.847569520718376, 56.465372005735205 ], [ -2.847574418846808, 56.465373319961266 ], [ -2.847578505625099, 56.465374639722398 ], [ -2.847588281866037, 56.465376369882037 ], [ -2.847598839431678, 56.46537674706817 ], [ -2.847629670751425, 56.465376536719425 ], [ -2.847637764237791, 56.465375583071669 ], [ -2.847642622331299, 56.465375100711903 ], [ -2.847649894457037, 56.465373703453245 ], [ -2.847663647375868, 56.465371812762022 ], [ -2.847666071417365, 56.465371347008769 ], [ -2.847668505468546, 56.465371330401261 ], [ -2.847670118159567, 56.465370870183769 ], [ -2.847676608962623, 56.465370825896741 ], [ -2.847679053023637, 56.465371258434786 ], [ -2.847683139805344, 56.465372578192458 ], [ -2.847690532049176, 56.465376570680746 ], [ -2.847698775685611, 56.46538235421562 ], [ -2.847704535221427, 56.465385908629358 ], [ -2.84771110610911, 56.465389457506703 ], [ -2.847717666987692, 56.465392557237919 ], [ -2.847720131071328, 56.4653938880667 ], [ -2.847726681940977, 56.465396538651667 ], [ -2.847732411450046, 56.465398745626786 ], [ -2.847738942300208, 56.465400497919568 ], [ -2.847746284502019, 56.465402244675651 ], [ -2.847754438055591, 56.465403985894866 ], [ -2.847765025663263, 56.465405710504157 ], [ -2.847775593249819, 56.465406536821 ], [ -2.847786972187976, 56.46540735760032 ], [ -2.847791840294851, 56.465407324380493 ], [ -2.847802397871068, 56.465407701549296 ], [ -2.847812945436002, 56.465407629571438 ], [ -2.847823482989274, 56.465407108446918 ], [ -2.847834010530509, 56.465406138175744 ], [ -2.847843716708249, 56.465404724294928 ], [ -2.847882491350266, 56.465396823035299 ], [ -2.847891376160455, 56.465394965542245 ], [ -2.847924471327496, 56.465387103030523 ], [ -2.847926895366695, 56.465386637272189 ], [ -2.847935770159308, 56.465384330630194 ], [ -2.84795516246863, 56.465380604560416 ], [ -2.847965679985631, 56.465379185132349 ], [ -2.847976207515256, 56.465378214849132 ], [ -2.847985933707418, 56.465377699248698 ], [ -2.847996471249755, 56.465377178109513 ], [ -2.848006217468925, 56.465377560798984 ], [ -2.848013529636896, 56.465377960102018 ], [ -2.848050130536266, 56.465381753193675 ], [ -2.848083506069901, 56.465386466720282 ], [ -2.848093272321961, 56.465387747694379 ], [ -2.848113646223992, 56.465391651538702 ], [ -2.848135632816524, 56.465395095156154 ], [ -2.848143776370899, 56.465396387204059 ], [ -2.848151909910296, 56.465397230105708 ], [ -2.848160053465684, 56.465398522152533 ], [ -2.848168187005898, 56.465399365053116 ], [ -2.848176310530644, 56.465399758807436 ], [ -2.84818685809232, 56.465399686797817 ], [ -2.848194961585219, 56.465399182259468 ], [ -2.848203876428765, 56.465398672181244 ], [ -2.848207111816051, 56.465398200878084 ], [ -2.848214393941215, 56.46539725273211 ], [ -2.848230560859065, 56.465394447068405 ], [ -2.848237822949776, 56.46539260062962 ], [ -2.848249903060393, 56.465388475224032 ], [ -2.84826679117022, 56.465381621704509 ], [ -2.848286924675223, 56.465374746023173 ], [ -2.848294988092392, 56.465372444895436 ], [ -2.8483038628588, 56.465370138227186 ], [ -2.848307098242352, 56.465369666921426 ], [ -2.848321652458545, 56.465367321471639 ], [ -2.84835082099283, 56.465365325441169 ], [ -2.848354867725476, 56.465364848593872 ], [ -2.84836053715821, 56.465364360665696 ], [ -2.848367027958974, 56.465364316342566 ], [ -2.848373508741548, 56.465363822873385 ], [ -2.84838567899275, 56.465363739765962 ], [ -2.848392179811759, 56.465364144587227 ], [ -2.848397879299275, 56.465365004094465 ], [ -2.848401946068297, 56.465365425537037 ], [ -2.848408476943535, 56.465367177794562 ], [ -2.848415819169563, 56.465368924511019 ], [ -2.848421548714579, 56.465371131454262 ], [ -2.848429742367637, 56.465374669211911 ], [ -2.848438767410528, 56.465379099719542 ], [ -2.848448603806041, 56.465383524685571 ], [ -2.848452710654126, 56.465385742709266 ], [ -2.848458440203866, 56.465387949650811 ], [ -2.848464159735014, 56.465389707446391 ], [ -2.848469067916037, 56.465391470782784 ], [ -2.848482129682392, 56.465394975290373 ], [ -2.848487829176609, 56.465395834793469 ], [ -2.848504897601547, 56.465397065864117 ], [ -2.848510577056947, 56.465397027074786 ], [ -2.848541318204304, 56.465392774188388 ], [ -2.848544553586763, 56.465392302876459 ], [ -2.848562343178602, 56.46538948608643 ], [ -2.848571247994057, 56.465388526836144 ], [ -2.848573682045777, 56.465388510210879 ], [ -2.848579351479141, 56.465388022272727 ], [ -2.848584209561805, 56.465387539876126 ], [ -2.84859475711893, 56.465387467831867 ], [ -2.84860044659364, 56.465387878184096 ], [ -2.848605324717909, 56.465388294078046 ], [ -2.848609401512716, 56.465389164659506 ], [ -2.848619197846362, 56.465391793029241 ], [ -2.848629815553307, 56.465394865001755 ], [ -2.848632279669233, 56.46539619581236 ], [ -2.848634733764024, 56.465397077477256 ], [ -2.848637197880268, 56.465398408287776 ], [ -2.848640463326112, 56.465399284410381 ], [ -2.848642927442703, 56.46540061522078 ], [ -2.848647004239708, 56.465401485800982 ], [ -2.848650249643058, 56.465401463631977 ], [ -2.848653505067936, 56.465401890608547 ], [ -2.848656750471314, 56.465401868439358 ], [ -2.84866404260724, 56.465401369412703 ], [ -2.848670503348675, 56.465399977636665 ], [ -2.848678566747505, 56.465397676484052 ], [ -2.848700292819992, 56.465389442213883 ], [ -2.848708366236906, 56.465387590205012 ], [ -2.848717240981213, 56.465385283507253 ], [ -2.848735030556542, 56.46538246669251 ], [ -2.848743945388411, 56.465381956575527 ], [ -2.848760152350663, 56.465380947425594 ], [ -2.848777200731382, 56.46538128016747 ], [ -2.848793447785199, 56.465382067595854 ], [ -2.848830028717794, 56.465384962166112 ], [ -2.848835718194588, 56.465385372507569 ], [ -2.848866589607773, 56.465386958434266 ], [ -2.84887310045989, 56.465387812375987 ], [ -2.848902409322548, 56.465392104255116 ], [ -2.848910542877551, 56.465392947107034 ], [ -2.848927601289652, 56.465393728973893 ], [ -2.848945461028042, 56.465394056148561 ], [ -2.848965744793308, 56.465393917542052 ], [ -2.848981961779933, 56.465393357508823 ], [ -2.849022449101617, 56.465389487115452 ], [ -2.849047550835759, 56.465387069499116 ], [ -2.849072632513547, 56.46538375358643 ], [ -2.849081517260972, 56.465381896008303 ], [ -2.849091213357792, 56.46538003288439 ], [ -2.849100088076542, 56.465377726159304 ], [ -2.849109794198331, 56.465376312179579 ], [ -2.849118688969219, 56.465374903744426 ], [ -2.849147877520067, 56.465373805818032 ], [ -2.849186822326168, 56.465373539627151 ], [ -2.849214428286538, 56.46537424935913 ], [ -2.849223363166282, 56.465374637498968 ], [ -2.849250177835237, 56.465376251060235 ], [ -2.849277012564397, 56.465378762906944 ], [ -2.849284334774442, 56.465379611280738 ], [ -2.849312812267589, 56.465383010318085 ], [ -2.849341319855079, 56.465387756785745 ], [ -2.849350284828832, 56.465389492353253 ], [ -2.849373123002339, 56.465394726786933 ], [ -2.849385353442059, 56.465397338455119 ], [ -2.849399196554313, 56.465399489882195 ], [ -2.849401640636695, 56.465399922386304 ], [ -2.849404896069785, 56.465400349343163 ], [ -2.849409784234845, 56.465401214351083 ], [ -2.849415463689533, 56.465401175520356 ], [ -2.849417887710866, 56.46540070973294 ], [ -2.849425951063594, 56.465398408531854 ], [ -2.849436398312543, 56.46539384496009 ], [ -2.849446004115537, 56.4653879394981 ], [ -2.849450802000374, 56.465384762194041 ], [ -2.849454778503057, 56.465381141291722 ], [ -2.849457953685968, 56.465377975082404 ], [ -2.849461940218435, 56.465374803325453 ], [ -2.849465916718996, 56.465371182422771 ], [ -2.849469913281354, 56.465368459811152 ], [ -2.849475532542914, 56.465365726104096 ], [ -2.849480340453825, 56.465362997944489 ], [ -2.849482754440452, 56.465362083010213 ], [ -2.849485969745278, 56.465360713382559 ], [ -2.849488383731619, 56.465359798448169 ], [ -2.849494854466536, 56.465358855774895 ], [ -2.849498901183598, 56.465358378890308 ], [ -2.849504580631676, 56.465358340055516 ], [ -2.849509458761768, 56.465358755913925 ], [ -2.849514346923774, 56.465359620917759 ], [ -2.849525766011919, 56.465362238120029 ], [ -2.849533128352351, 56.465364883061497 ], [ -2.849540480661693, 56.465367078856929 ], [ -2.849544567507736, 56.465368398553224 ], [ -2.849550267021744, 56.465369258007506 ], [ -2.849555976568322, 56.465370566607135 ], [ -2.849561676082916, 56.465371426060884 ], [ -2.849568176915324, 56.465371830820537 ], [ -2.849577111797897, 56.465372218934917 ], [ -2.849594941432469, 56.46537119857939 ], [ -2.8495981868324, 56.465371176385609 ], [ -2.849610316950256, 56.465369296575794 ], [ -2.849621645750086, 56.465367871459009 ], [ -2.849624881116573, 56.465367400118929 ], [ -2.849631361882511, 56.465366906584116 ], [ -2.849642700714149, 56.465365930610972 ], [ -2.849660550410982, 56.465365808537207 ], [ -2.849667061277069, 56.465366662437255 ], [ -2.849669495326677, 56.465366645790496 ], [ -2.849674383493335, 56.46536751078802 ], [ -2.849679281694, 56.465368824930913 ], [ -2.849684169861163, 56.465369689928039 ], [ -2.849689078096353, 56.465371453216108 ], [ -2.849693164948046, 56.4653727729075 ], [ -2.849698073184059, 56.465374536195228 ], [ -2.849701368754441, 56.465376759726595 ], [ -2.849707128477958, 56.46538031404711 ], [ -2.849712096920698, 56.465384772207692 ], [ -2.849716264048508, 56.465389685062881 ], [ -2.849720421143126, 56.465394148772354 ], [ -2.849721282665056, 56.46539638895095 ], [ -2.849723807025498, 56.465400414613242 ], [ -2.849726321352124, 56.465403991129918 ], [ -2.849728034362874, 56.465408022341428 ], [ -2.849728936023158, 56.465412059102235 ], [ -2.849729797546017, 56.465414299280752 ], [ -2.849729297261529, 56.465428228342624 ], [ -2.849728546116717, 56.465430928765343 ], [ -2.849728686598296, 56.465437216803259 ], [ -2.849729558156143, 56.465439906127337 ], [ -2.84973043974854, 56.465443044596967 ], [ -2.849730469851813, 56.46544439203366 ], [ -2.849732994216513, 56.46544841769574 ], [ -2.849740477002928, 56.465456452371591 ], [ -2.84974377258304, 56.465458675901779 ], [ -2.849747078198174, 56.465461348577463 ], [ -2.849753669360435, 56.465465795637421 ], [ -2.84975777629419, 56.465468013617766 ], [ -2.849761873193621, 56.465469782452409 ], [ -2.84977168969794, 56.465473309022123 ], [ -2.849777399267979, 56.465474617611491 ], [ -2.849783910155543, 56.465475471505364 ], [ -2.849795309227092, 56.465477190391596 ], [ -2.849807489545862, 56.465477556290296 ], [ -2.849820461146072, 56.465477018346775 ], [ -2.849867449321859, 56.465473552423923 ], [ -2.849920908231781, 56.465469143787807 ], [ -2.8499265776592, 56.465468655788158 ], [ -2.849933058438477, 56.46546816223757 ], [ -2.849944397292544, 56.46546718623685 ], [ -2.849956567572242, 56.465467102975389 ], [ -2.849984263951459, 56.465471854845887 ], [ -2.849994040326676, 56.465473584815811 ], [ -2.85001358304197, 56.465476595607839 ], [ -2.850019272545046, 56.465477005894989 ], [ -2.850035559817061, 56.465479589742827 ], [ -2.850045316120212, 56.465480421417666 ], [ -2.850057506480574, 56.465481236437341 ], [ -2.850069676764464, 56.465481153164781 ], [ -2.850075346191695, 56.465480665158317 ], [ -2.850076948819023, 56.465479755764093 ], [ -2.850078541407676, 56.465478397224317 ], [ -2.850080113918979, 56.46547614039347 ], [ -2.850080073764514, 56.465474343811358 ], [ -2.850080844962123, 56.46547254167762 ], [ -2.850079993455598, 56.465470750647128 ], [ -2.850077499168007, 56.46546807242877 ], [ -2.850070086576808, 56.465463181792103 ], [ -2.850067622405812, 56.465461851010126 ], [ -2.850061031207249, 56.465457403966894 ], [ -2.850054419933644, 56.465452058632231 ], [ -2.850050272831224, 56.465448044079594 ], [ -2.850047738394396, 56.465443569278499 ], [ -2.850047668126882, 56.465440425259771 ], [ -2.85004841924892, 56.465437724835162 ], [ -2.850049180409083, 56.465435473556084 ], [ -2.850050752920381, 56.465433216725593 ], [ -2.85005313678267, 56.465430954343653 ], [ -2.850054709293543, 56.465428697513111 ], [ -2.850061890993112, 56.465423257803494 ], [ -2.850065106281893, 56.46542188816089 ], [ -2.850069122882922, 56.465420063821142 ], [ -2.850072338171165, 56.465418694178339 ], [ -2.850076374848599, 56.46541776812942 ], [ -2.850080401487237, 56.465416392934827 ], [ -2.850085259553715, 56.465415910479535 ], [ -2.850089296230528, 56.46541498443019 ], [ -2.850098221089574, 56.4654149233615 ], [ -2.850106344636674, 56.465415316989478 ], [ -2.850115289573788, 56.465416154210608 ], [ -2.850123433199547, 56.465417446128534 ], [ -2.850161777521106, 56.465426617239672 ], [ -2.850168308488185, 56.465428369404449 ], [ -2.850174849495602, 56.465430570714375 ], [ -2.850181380463973, 56.465432322878463 ], [ -2.850187901393062, 56.465433625896658 ], [ -2.850197677767533, 56.465435355850595 ], [ -2.850207434062651, 56.465436187512687 ], [ -2.850217180317952, 56.465436570028494 ], [ -2.850226916533089, 56.465436503398045 ], [ -2.850236642707709, 56.465435987621305 ], [ -2.850244746179589, 56.465435482949189 ], [ -2.850256886325919, 56.465434052221752 ], [ -2.850269006389596, 56.465431723202109 ], [ -2.850280315100667, 56.465429399734205 ], [ -2.850292415079099, 56.46542617242126 ], [ -2.850302892353541, 56.465422956213274 ], [ -2.85031417093567, 56.465419285305785 ], [ -2.850319800184446, 56.465417000706132 ], [ -2.850330257370804, 56.465412886204838 ], [ -2.850349528951924, 56.465403770015335 ], [ -2.850359935921669, 56.465397409784011 ], [ -2.850391907905899, 56.46537562865813 ], [ -2.850420704753855, 56.465357013757902 ], [ -2.850434296839244, 56.465347936431961 ], [ -2.850448700267174, 56.465338853550499 ], [ -2.850451915534559, 56.465337483897898 ], [ -2.85045510067257, 56.465334766808709 ], [ -2.850467120259912, 56.465327946314765 ], [ -2.850471938136872, 56.465325667262377 ], [ -2.850475954707772, 56.465323842909463 ], [ -2.850480782627015, 56.465322013002222 ], [ -2.850485630632596, 56.465321081385774 ], [ -2.850491279943155, 56.465319695069347 ], [ -2.850497750645494, 56.46531875234384 ], [ -2.850504231391132, 56.465318258763489 ], [ -2.85051152348523, 56.465317759628377 ], [ -2.850529373155126, 56.46531763742972 ], [ -2.850532628593604, 56.465318064357 ], [ -2.850535072683508, 56.465318496838776 ], [ -2.850536705424815, 56.465318934875107 ], [ -2.850539960863486, 56.465319361802194 ], [ -2.850542414997643, 56.465320243429311 ], [ -2.850544879176028, 56.465321574201873 ], [ -2.850547333310444, 56.465322455828904 ], [ -2.850549797489149, 56.465323786601374 ], [ -2.850551460363436, 56.465325572073972 ], [ -2.850568008759853, 56.465339833634793 ], [ -2.850571344556188, 56.465343853724953 ], [ -2.850575531880474, 56.465349664842122 ], [ -2.850578917901163, 56.465355930659491 ], [ -2.850579789517875, 56.465358619977536 ], [ -2.8505823441013, 56.465363993058716 ], [ -2.850584087335728, 56.465369371694734 ], [ -2.850584918774683, 56.465370264430788 ], [ -2.850585780347545, 56.465372504603302 ], [ -2.850587463315005, 56.465375188366373 ], [ -2.85058913623804, 56.465377422983913 ], [ -2.850590819205963, 56.465380106746935 ], [ -2.85059249212942, 56.465382341364453 ], [ -2.8505949663584, 56.465384121281474 ], [ -2.850604823097241, 56.465389444367176 ], [ -2.850609731377877, 56.465391207618772 ], [ -2.850616272404441, 56.465393408905435 ], [ -2.850624446177447, 56.4653960482269 ], [ -2.850629334369557, 56.46539691318678 ], [ -2.850633421256753, 56.465398232847136 ], [ -2.85063829940409, 56.465398648661164 ], [ -2.850642366201168, 56.465399070030287 ], [ -2.850649668354425, 56.465399020032514 ], [ -2.850660195818043, 56.465398049521809 ], [ -2.850670693144165, 56.465395731573778 ], [ -2.850682001819219, 56.465393408069339 ], [ -2.850686849828931, 56.465392476445054 ], [ -2.850698148456019, 56.465389703793655 ], [ -2.850707814335172, 56.465386493107211 ], [ -2.850718291562673, 56.465383276864216 ], [ -2.850727947392115, 56.465379617030749 ], [ -2.850739987036865, 56.465373694801414 ], [ -2.850752016631209, 56.465367323425475 ], [ -2.850763224825218, 56.465360508458964 ], [ -2.850787974778359, 56.46534237039959 ], [ -2.850799944071526, 56.465333304146192 ], [ -2.850803149278337, 56.46533148533905 ], [ -2.850805543136009, 56.465329672088174 ], [ -2.850808768436782, 56.465328751571818 ], [ -2.850812795038866, 56.4653273763535 ], [ -2.850816020339261, 56.465326455836951 ], [ -2.850818444338148, 56.465325990022201 ], [ -2.850820056988236, 56.465325529763881 ], [ -2.850822491034448, 56.46532551309452 ], [ -2.850824103684466, 56.465325052836135 ], [ -2.850825736429391, 56.465325490868651 ], [ -2.850828170475594, 56.465325474199183 ], [ -2.85083062461686, 56.465326355820608 ], [ -2.850832257361916, 56.465326793853031 ], [ -2.850834711503363, 56.46532767547437 ], [ -2.850836364343726, 56.465329011797657 ], [ -2.850840511516631, 56.465333026323997 ], [ -2.850843056087832, 56.465337950254302 ], [ -2.850843907627614, 56.465339741279536 ], [ -2.850843937770703, 56.465341088715931 ], [ -2.850844789310599, 56.465342879741158 ], [ -2.85084731378756, 56.465346905380457 ], [ -2.850849788026215, 56.465348685292405 ], [ -2.850853073614372, 56.465350459647638 ], [ -2.850857160504287, 56.465351779300661 ], [ -2.850862880141064, 56.465353536985546 ], [ -2.850866145634328, 56.465354413049525 ], [ -2.850870212429097, 56.465354834411208 ], [ -2.850873477922641, 56.465355710474981 ], [ -2.85087998881392, 56.465356564311378 ], [ -2.850884045560891, 56.465356536527125 ], [ -2.850888903609005, 56.465356054040406 ], [ -2.850901814860317, 56.46535282111126 ], [ -2.850913894663087, 56.465348695446927 ], [ -2.850924361813604, 56.465345030041135 ], [ -2.850943673410547, 56.465337710341409 ], [ -2.850952497759313, 56.465333157756831 ], [ -2.850957315607306, 56.465330878685648 ], [ -2.850973311451225, 56.465320437192489 ], [ -2.850987674540124, 56.465309557666906 ], [ -2.850999623675444, 56.465299593103417 ], [ -2.851010761456518, 56.465289634096457 ], [ -2.851022710579406, 56.465279669530744 ], [ -2.85102349177765, 56.46527831653664 ], [ -2.851025895671128, 56.465276952426962 ], [ -2.851027478166951, 56.465275144729596 ], [ -2.851029070712506, 56.465273786177661 ], [ -2.851030653208044, 56.465271978480239 ], [ -2.85103543084362, 56.465267902824237 ], [ -2.851040258728234, 56.465266072895282 ], [ -2.851044295365137, 56.465265146814914 ], [ -2.8510467193572, 56.46526468099573 ], [ -2.851049153399324, 56.46526466432195 ], [ -2.851051577391296, 56.465264198502659 ], [ -2.851054832830936, 56.465264625416253 ], [ -2.851057266873051, 56.465264608742295 ], [ -2.851060522312791, 56.46526503565574 ], [ -2.851062155057826, 56.465265473685143 ], [ -2.851066262046396, 56.465267691622174 ], [ -2.851070439388095, 56.465273053577171 ], [ -2.851078864428472, 56.465286921504799 ], [ -2.851082250527221, 56.465293187308362 ], [ -2.851084764975632, 56.465296763797397 ], [ -2.851087269373934, 56.465299891140916 ], [ -2.851088110873861, 56.465301233019048 ], [ -2.851091416570323, 56.465303905658857 ], [ -2.851092268121142, 56.465305696682393 ], [ -2.851098839312988, 56.465309245379942 ], [ -2.851100472060392, 56.465309683408826 ], [ -2.851104558954468, 56.465311003053706 ], [ -2.851109437095501, 56.465311418849232 ], [ -2.851114325287558, 56.465312283790006 ], [ -2.851119203428861, 56.465312699585162 ], [ -2.851134619048347, 56.465312593974645 ], [ -2.851139477087469, 56.465312111478127 ], [ -2.851144325075188, 56.465311179836 ], [ -2.851152398353267, 56.465309327668393 ], [ -2.851159660282271, 56.465307481058936 ], [ -2.851163686869125, 56.465306105829271 ], [ -2.851175756576265, 56.465301530994068 ], [ -2.851187004880635, 56.465296512571115 ], [ -2.85119823307817, 56.465290595856281 ], [ -2.851201438261973, 56.465288777038872 ], [ -2.851211865159261, 56.465283315027165 ], [ -2.851229453450171, 56.465271514946785 ], [ -2.851237426191759, 56.465265171319402 ], [ -2.851242203803965, 56.465261095655471 ], [ -2.851247752552336, 56.465255217850419 ], [ -2.851258829938649, 56.465242563948713 ], [ -2.85126666193122, 56.465229932283499 ], [ -2.851266621720391, 56.465228135701786 ], [ -2.851268163991668, 56.465224531419679 ], [ -2.851268884863539, 56.465220483551469 ], [ -2.851269615787996, 56.465216884828685 ], [ -2.851270336659572, 56.465212836960468 ], [ -2.851272690276008, 56.465209227118898 ], [ -2.851276636425644, 56.465204258722174 ], [ -2.851280592627103, 56.465199739470741 ], [ -2.851291770516065, 56.465191577020299 ], [ -2.851298170804383, 56.465187490235124 ], [ -2.851310210297415, 56.46518156795058 ], [ -2.851323882530806, 56.465176083690849 ], [ -2.851336753468441, 56.465171054134842 ], [ -2.851340780034181, 56.46516967889945 ], [ -2.851406766009923, 56.465152156560983 ], [ -2.851460926404449, 56.465135613663989 ], [ -2.851473016130805, 56.465131937090732 ], [ -2.851546315975837, 56.465107626442702 ], [ -2.851574481973679, 56.465097101510814 ], [ -2.851615539056743, 56.465082445304482 ], [ -2.851626817510789, 56.465078774300686 ], [ -2.851680014634995, 56.465062687235111 ], [ -2.8516816272779, 56.465062226968847 ], [ -2.851699376405147, 56.465057613184044 ], [ -2.851717926819916, 56.465052544690614 ], [ -2.851757361097581, 56.46503789955851 ], [ -2.85175897373845, 56.465037439291244 ], [ -2.851773467386842, 56.465032398594076 ], [ -2.851787159740757, 56.46502781260174 ], [ -2.851800842032152, 56.465022777462458 ], [ -2.851804858542477, 56.46502095307472 ], [ -2.851814514260534, 56.465017293176267 ], [ -2.851818530769597, 56.465015468788074 ], [ -2.851823348568069, 56.465013189693003 ], [ -2.851827365076256, 56.46501136530452 ], [ -2.851831361465043, 56.465008642625087 ], [ -2.851834546504206, 56.465005925506951 ], [ -2.851838512713128, 56.465001855391037 ], [ -2.85184085622346, 56.464997796397938 ], [ -2.851843189673647, 56.464993288259372 ], [ -2.851844711774608, 56.464988785682252 ], [ -2.851846082980159, 56.464977545923901 ], [ -2.851844919543897, 56.46496183139584 ], [ -2.851844698231725, 56.464951950196692 ], [ -2.851846200211545, 56.464946549328687 ], [ -2.851849284647424, 56.464939340755969 ], [ -2.85185083692463, 56.464936185614988 ], [ -2.851853190489287, 56.464932575767037 ], [ -2.851855574232781, 56.464930313355282 ], [ -2.851860361838543, 56.464926686822466 ], [ -2.851865139383497, 56.464922611144033 ], [ -2.851870738334481, 56.464918979049202 ], [ -2.85187715869145, 56.464915790537809 ], [ -2.851881165126455, 56.464913517002145 ], [ -2.851890800688833, 56.464908958806824 ], [ -2.851902058942481, 56.464904389487032 ], [ -2.851906886781875, 56.464902559534089 ], [ -2.851912515907086, 56.464900274873571 ], [ -2.85192379427658, 56.464896603842632 ], [ -2.851935082704553, 56.464893381956088 ], [ -2.851940731948191, 56.464891995585127 ], [ -2.851953653127147, 56.464889211718052 ], [ -2.851959302369456, 56.464887825346246 ], [ -2.851985184964957, 56.464884054188516 ], [ -2.851991665674392, 56.46488356054364 ], [ -2.851998136322187, 56.464882617753027 ], [ -2.852004617031195, 56.464882124107483 ], [ -2.852007051070117, 56.464882107419847 ], [ -2.852008663701139, 56.464881647149326 ], [ -2.852017578448685, 56.4648811368154 ], [ -2.852026503257786, 56.464881075626217 ], [ -2.85203460665867, 56.464880570853737 ], [ -2.852051644930224, 56.464880454035153 ], [ -2.8520605798013, 56.464880841988951 ], [ -2.852071127302757, 56.464880769670742 ], [ -2.852079260890269, 56.46488161233156 ], [ -2.85208819576189, 56.46488200028336 ], [ -2.852096329350045, 56.464882842943062 ], [ -2.852105274284887, 56.464883680039051 ], [ -2.852121541463047, 56.464885365355684 ], [ -2.852137007359415, 56.464887505378989 ], [ -2.8521435081938, 56.464887910017005 ], [ -2.852154025506989, 56.464886490255559 ], [ -2.852155638136364, 56.46488602998312 ], [ -2.852158052048655, 56.464885115001721 ], [ -2.85216044583398, 56.464883301729493 ], [ -2.852162048399696, 56.464882392311566 ], [ -2.852162839619073, 56.464881488457188 ], [ -2.852163620774951, 56.46488013545742 ], [ -2.852163550330739, 56.464876991439624 ], [ -2.852162708794234, 56.464875649567006 ], [ -2.852161877321227, 56.464874756839791 ], [ -2.852160224438748, 56.464873420530708 ], [ -2.852158581619784, 56.464872533367 ], [ -2.85214223394002, 56.464867254891999 ], [ -2.852124253510212, 56.464861538396114 ], [ -2.85211203300852, 56.464859376118298 ], [ -2.852106323399707, 56.464858067624633 ], [ -2.852103057891215, 56.464857191586596 ], [ -2.85210059366591, 56.464855860839897 ], [ -2.852098940786468, 56.464854524529997 ], [ -2.85209890053579, 56.464852727948376 ], [ -2.852098069064826, 56.464851835220728 ], [ -2.852097908062329, 56.464844648894221 ], [ -2.852098679157149, 56.464842846749441 ], [ -2.852101042754609, 56.464839686042119 ], [ -2.852101833974573, 56.464838782188124 ], [ -2.852111439302078, 56.46483287653939 ], [ -2.852122677379647, 56.46482740890869 ], [ -2.852141988650881, 56.464820089061234 ], [ -2.852147627812387, 56.464818253535441 ], [ -2.852162942730884, 56.464813656374446 ], [ -2.852178267709197, 56.464809508356964 ], [ -2.852202507410707, 56.464804849990344 ], [ -2.852211391945061, 56.464802992206266 ], [ -2.852229181139535, 56.464800174926992 ], [ -2.852238095864408, 56.4647996645772 ], [ -2.852273805085178, 56.464799868898602 ], [ -2.852284352563108, 56.464799796562268 ], [ -2.852290042039236, 56.464800206756976 ], [ -2.852300589517216, 56.464800134419264 ], [ -2.852306258863267, 56.464799646322419 ], [ -2.852307871486989, 56.464799186047983 ], [ -2.852310305520297, 56.4647991693544 ], [ -2.852313540832797, 56.464798697950826 ], [ -2.852323236704451, 56.464796834594161 ], [ -2.85232565060683, 56.464795919609493 ], [ -2.852327253164749, 56.464795010189412 ], [ -2.852328044378269, 56.464794106333983 ], [ -2.852329646936052, 56.464793196913881 ], [ -2.852331239428309, 56.464791838348354 ], [ -2.852332030641666, 56.464790934492903 ], [ -2.852332791658586, 56.464788683201249 ], [ -2.852333572806364, 56.46478733020038 ], [ -2.852333542609943, 56.464785982764205 ], [ -2.852331869594393, 56.464783748166603 ], [ -2.852322813959883, 56.464777970487617 ], [ -2.852312926853899, 56.464771300081722 ], [ -2.852309641217871, 56.464769525758314 ], [ -2.85230633545188, 56.464766853144035 ], [ -2.852304672503946, 56.464765067691459 ], [ -2.852303820899826, 56.464763276674361 ], [ -2.852302157952174, 56.464761491221765 ], [ -2.852300454744426, 56.464757909187533 ], [ -2.852300354093808, 56.464753417733554 ], [ -2.852301876129903, 56.464748915150615 ], [ -2.852303458556203, 56.464747107440047 ], [ -2.852305030917237, 56.464744850584061 ], [ -2.852305812065121, 56.464743497583349 ], [ -2.852311400880969, 56.464739416323077 ], [ -2.852325864142244, 56.464733028124847 ], [ -2.852331483150604, 56.464730294299848 ], [ -2.852354039701351, 56.464722952160486 ], [ -2.852366139381902, 56.464719724669763 ], [ -2.852370175963581, 56.464718798554394 ], [ -2.852380673088202, 56.464716480482878 ], [ -2.852403310151102, 56.464712731497706 ], [ -2.852415450089749, 56.46471130058373 ], [ -2.852418685393268, 56.464710829177399 ], [ -2.852457609698431, 56.464709663748664 ], [ -2.8524649117805, 56.46470961365894 ], [ -2.852470581110552, 56.46470912555457 ], [ -2.852477071850054, 56.46470908102971 ], [ -2.852483542455032, 56.464708138213744 ], [ -2.852489201717287, 56.46470720096314 ], [ -2.852500500106022, 56.464704428170407 ], [ -2.852506139232232, 56.46470259262825 ], [ -2.852511768290296, 56.464700307940454 ], [ -2.852521403720073, 56.464695749695949 ], [ -2.852529396327821, 56.464690304291871 ], [ -2.852532581288863, 56.464687587155623 ], [ -2.85258382251873, 56.464656689035252 ], [ -2.852603012786342, 56.464643979371125 ], [ -2.852628552800939, 56.464624937135852 ], [ -2.852650978328878, 56.464611756052328 ], [ -2.852664620072594, 56.464604924235793 ], [ -2.852669457904987, 56.464603543398411 ], [ -2.85267350453596, 56.464603066418526 ], [ -2.852675948625746, 56.464603498863148 ], [ -2.852680015395793, 56.464603920173822 ], [ -2.852681648145597, 56.464604358185277 ], [ -2.852684092235561, 56.464604790629728 ], [ -2.852689000555038, 56.464606553809254 ], [ -2.852694750424459, 56.46460965885769 ], [ -2.852701271355762, 56.464610961757231 ], [ -2.852703715446384, 56.464611394201299 ], [ -2.85271022630835, 56.464612247954989 ], [ -2.852711859058874, 56.464612685966053 ], [ -2.852717538440869, 56.464612646995768 ], [ -2.852719151051379, 56.464612186715975 ], [ -2.852724009022901, 56.464611704167247 ], [ -2.852727244313793, 56.464611232752837 ], [ -2.852729658194177, 56.464610317760261 ], [ -2.852733684684633, 56.464608942487665 ], [ -2.85274253893445, 56.464605737229341 ], [ -2.852747376764028, 56.464604356388918 ], [ -2.852756190729573, 56.464599354548099 ], [ -2.852792217623911, 56.464577545029321 ], [ -2.85279861770091, 56.46457345817926 ], [ -2.852819410388026, 56.464559839055205 ], [ -2.852829816797256, 56.464553478637249 ], [ -2.852841866023616, 56.464548005373111 ], [ -2.852854726585156, 56.464542526539717 ], [ -2.852868398481512, 56.46453704213679 ], [ -2.852874848902715, 56.464535201009632 ], [ -2.852889352276002, 56.4645306093269 ], [ -2.852903865717953, 56.464526466787838 ], [ -2.852919200567371, 56.464522767823944 ], [ -2.852922425775552, 56.464521847259071 ], [ -2.852927273660053, 56.464520915556982 ], [ -2.852932111471719, 56.464519534709346 ], [ -2.852941807239385, 56.464517671304215 ], [ -2.852946665195616, 56.46451718874674 ], [ -2.852956401253457, 56.464517121921958 ], [ -2.852970214148092, 56.464517925542928 ], [ -2.85298648120434, 56.464519610746237 ], [ -2.85299136938014, 56.464520475623104 ], [ -2.852997890306021, 56.464521778507091 ], [ -2.853010912012057, 56.464523485983293 ], [ -2.853014968703447, 56.464523458137627 ], [ -2.853018224130184, 56.464523885006358 ], [ -2.853021469483324, 56.464523862729642 ], [ -2.853025516101026, 56.464523385738268 ], [ -2.85302875138036, 56.464522914315999 ], [ -2.85303117532136, 56.464522448462894 ], [ -2.853034400526715, 56.464521527895123 ], [ -2.853036824467553, 56.464521062041925 ], [ -2.853039228260565, 56.464519697897934 ], [ -2.853040840863044, 56.464519237613956 ], [ -2.853044035846062, 56.464516969609846 ], [ -2.853046419490612, 56.464514707175006 ], [ -2.853048793060878, 56.464511995594755 ], [ -2.85305035529284, 56.464509289583837 ], [ -2.853051146482757, 56.46450838572374 ], [ -2.853052688566321, 56.464504781422079 ], [ -2.853054129909045, 56.464496685666766 ], [ -2.853053197682863, 56.464491301491826 ], [ -2.853051464193525, 56.464486372031629 ], [ -2.853048097955967, 56.464481004564767 ], [ -2.853045543056615, 56.464475631528465 ], [ -2.85304461083223, 56.464470247353439 ], [ -2.853044369058046, 56.464459467864692 ], [ -2.853045130025274, 56.464457216568526 ], [ -2.853046702329189, 56.464454959702998 ], [ -2.85305307213512, 56.464449525403587 ], [ -2.853061064612272, 56.464444079964984 ], [ -2.853062667137075, 56.46444317053534 ], [ -2.853066683522927, 56.464441346106518 ], [ -2.853070689834153, 56.464439072532194 ], [ -2.853075527629843, 56.464437691678931 ], [ -2.853080355350826, 56.464435861680116 ], [ -2.853084381809413, 56.46443448639608 ], [ -2.853090030940288, 56.464433099972645 ], [ -2.85309650148154, 56.464432157124641 ], [ -2.853107840039948, 56.464431180857851 ], [ -2.853138670817117, 56.46443096920332 ], [ -2.853151672347257, 56.464431778374049 ], [ -2.853163061280761, 56.464433047829012 ], [ -2.853187471898357, 56.464436024740642 ], [ -2.853192349992061, 56.464436440464247 ], [ -2.853202927591973, 56.464437715485865 ], [ -2.853212683780263, 56.464438546931675 ], [ -2.853223241229313, 56.464438923660843 ], [ -2.853239467957072, 56.46443881224959 ], [ -2.853255674531789, 56.464437802545511 ], [ -2.853262956405914, 56.464436854118112 ], [ -2.853267814347327, 56.464436371548047 ], [ -2.853271850875641, 56.464435445403282 ], [ -2.853281546604187, 56.464433581971569 ], [ -2.853293625955832, 56.464429456099474 ], [ -2.85329603981045, 56.464428541095842 ], [ -2.853301638547393, 56.464424908936024 ], [ -2.853313536505255, 56.464412698445692 ], [ -2.853314307532421, 56.464410896293188 ], [ -2.85331665084503, 56.46440683727171 ], [ -2.853318182821547, 56.464402783821313 ], [ -2.853320526133231, 56.464398724799757 ], [ -2.853323680779812, 56.464394660206978 ], [ -2.853326044244975, 56.464391499476015 ], [ -2.853329229122334, 56.464388782319155 ], [ -2.853332403921863, 56.464385616016841 ], [ -2.853336400133404, 56.464382893288573 ], [ -2.853345213967276, 56.464377891405647 ], [ -2.853350842924586, 56.464375606679624 ], [ -2.853362120992569, 56.464371935517498 ], [ -2.85336777010351, 56.464370549081401 ], [ -2.853374230548868, 56.464369157073548 ], [ -2.853380701071682, 56.464368214210687 ], [ -2.853387982928961, 56.464367265775934 ], [ -2.853398520203104, 56.464366744199495 ], [ -2.853415558233436, 56.464366627193549 ], [ -2.853429381160147, 56.464367879908771 ], [ -2.853443183930381, 56.464368234331765 ], [ -2.853445617934791, 56.464368217615892 ], [ -2.853450496022385, 56.46436863332935 ], [ -2.853465911383737, 56.464368527460465 ], [ -2.853475627243204, 56.464367562304254 ], [ -2.853478051168433, 56.464367096442409 ], [ -2.85348612419928, 56.464365244139024 ], [ -2.853500607271718, 56.464359754093977 ], [ -2.853505424882137, 56.464357474933252 ], [ -2.853515861356092, 56.464352461893469 ], [ -2.853525466333541, 56.464346556134601 ], [ -2.853527870097355, 56.46434519198111 ], [ -2.853531065035753, 56.464342923964374 ], [ -2.853539077579649, 56.464338376785498 ], [ -2.853545447293693, 56.464332942460665 ], [ -2.853547820816066, 56.464330230870772 ], [ -2.853550174178153, 56.464326620990143 ], [ -2.853553238073529, 56.464318514083423 ], [ -2.853554019167186, 56.464317161074739 ], [ -2.853554770020721, 56.464314460630035 ], [ -2.853554709540601, 56.464311765757998 ], [ -2.853556211247256, 56.46430636486857 ], [ -2.853558574687106, 56.464303204133117 ], [ -2.853560146953423, 56.464300947260988 ], [ -2.853562530552814, 56.464298684816143 ], [ -2.853567317911058, 56.464295058216969 ], [ -2.853573727934577, 56.464291420471987 ], [ -2.853580168197793, 56.464289130162719 ], [ -2.853587429873619, 56.464287283425534 ], [ -2.853593890296236, 56.464285891406234 ], [ -2.853599549465971, 56.464284954104876 ], [ -2.853606821220649, 56.464283556511916 ], [ -2.853614930517578, 56.464283321123332 ], [ -2.853624660464047, 56.464282984758881 ], [ -2.853627094462769, 56.464282968039434 ], [ -2.853637611547506, 56.46428154815203 ], [ -2.853644903462258, 56.464281048847489 ], [ -2.853651384043964, 56.464280555115856 ], [ -2.85365866587707, 56.464279606665158 ], [ -2.853662692297271, 56.464278231362314 ], [ -2.85367957906324, 56.464271377140093 ], [ -2.853697287237191, 56.464264966487278 ], [ -2.853706972817975, 56.464262653876922 ], [ -2.853717479811906, 56.464260784837393 ], [ -2.853724751557379, 56.464259387237512 ], [ -2.853736891296335, 56.464257956194075 ], [ -2.853776646580549, 56.464257683068098 ], [ -2.853804221796375, 56.464257044399304 ], [ -2.853827730266481, 56.464255984451469 ], [ -2.853838257419204, 56.464255013692359 ], [ -2.853861765886996, 56.464253953738059 ], [ -2.853904766494463, 56.46425365827227 ], [ -2.853929096376073, 56.464253041875558 ], [ -2.853931530372641, 56.464253025150157 ], [ -2.85394450160293, 56.464252486801904 ], [ -2.853958263995263, 56.464251044586341 ], [ -2.853963121903176, 56.464250561989033 ], [ -2.853975231374668, 56.46424778348635 ], [ -2.853981681690605, 56.46424594230151 ], [ -2.853989734499388, 56.464243191674676 ], [ -2.854001022549202, 56.464239969599667 ], [ -2.854009876601604, 56.464236764250614 ], [ -2.854021094048417, 56.464230398156595 ], [ -2.854027514101992, 56.464227209533433 ], [ -2.854029116593786, 56.464226300091269 ], [ -2.854035556817536, 56.464224009758304 ], [ -2.854042818457846, 56.464222162994453 ], [ -2.854048487692348, 56.464221674817928 ], [ -2.854070393642225, 56.46422152426652 ], [ -2.854076083048801, 56.464221934379353 ], [ -2.854089064352453, 56.464221845161291 ], [ -2.854097978912133, 56.464221334677767 ], [ -2.854109317379239, 56.46422035831943 ], [ -2.854115787857241, 56.464219415418206 ], [ -2.854129519969794, 56.464216625747717 ], [ -2.854135169028312, 56.464215239276641 ], [ -2.854140797912307, 56.464212954514679 ], [ -2.854144814220266, 56.464211130050856 ], [ -2.854147999022371, 56.464208412872843 ], [ -2.854151203998357, 56.464206593985367 ], [ -2.854160788662579, 56.464199789886514 ], [ -2.854169561992471, 56.464192991363603 ], [ -2.854172736703799, 56.464189825039647 ], [ -2.854176692482862, 56.464185305702969 ], [ -2.854181449504001, 56.46418033164408 ], [ -2.854183041902464, 56.464178973054608 ], [ -2.854185425456154, 56.464176710597719 ], [ -2.854188620339976, 56.464174442563952 ], [ -2.854192646729101, 56.464173067243848 ], [ -2.854196683205635, 56.464172141068936 ], [ -2.854208021655096, 56.464171164701561 ], [ -2.854213700967512, 56.464171125662787 ], [ -2.854220181522266, 56.464170631901418 ], [ -2.854229096067802, 56.464170121408472 ], [ -2.85423476529186, 56.46416963322342 ], [ -2.854240424427534, 56.464168695892823 ], [ -2.854246864628249, 56.464166405548859 ], [ -2.854253284651396, 56.464163216913988 ], [ -2.854256469441494, 56.464160499733161 ], [ -2.854261216360329, 56.464155076525877 ], [ -2.854265862392452, 56.464145161865432 ], [ -2.854268195496153, 56.464140653680431 ], [ -2.854271319751676, 56.464135241627432 ], [ -2.854272060461006, 56.464132092032976 ], [ -2.854271959575003, 56.464127600579978 ], [ -2.854272670018314, 56.464123103549611 ], [ -2.854274201879269, 56.464119050087142 ], [ -2.854275743828534, 56.46411544576997 ], [ -2.854279729853306, 56.46411227386583 ], [ -2.8542821335743, 56.464110909697652 ], [ -2.854287772522285, 56.46410907407428 ], [ -2.854293431647411, 56.464108136741238 ], [ -2.854299912190112, 56.464107642975698 ], [ -2.854314475754615, 56.46410574599772 ], [ -2.854319323549676, 56.464104814241146 ], [ -2.854330611528841, 56.464101592136053 ], [ -2.854335439144245, 56.464099762088253 ], [ -2.85433945543045, 56.464097937618078 ], [ -2.854341849058895, 56.464096124303445 ], [ -2.85434502374735, 56.464092957975019 ], [ -2.854347366927735, 56.464088898933781 ], [ -2.85435286461533, 56.464080775273274 ], [ -2.854356729554605, 56.464072213623069 ], [ -2.854357510613936, 56.464070860609255 ], [ -2.854357470255503, 56.46406906402806 ], [ -2.854358251314742, 56.464067711014245 ], [ -2.854360655029985, 56.464066346844518 ], [ -2.854362267596379, 56.46406588654331 ], [ -2.854365502818752, 56.464065415086139 ], [ -2.854380106722859, 56.464065314681619 ], [ -2.854384964600935, 56.464064832067777 ], [ -2.854390633806863, 56.464064343875584 ], [ -2.854396292922567, 56.464063406537853 ], [ -2.854398716816337, 56.464062940657989 ], [ -2.854405156989007, 56.464060650305747 ], [ -2.854410765652545, 56.464057467240892 ], [ -2.854413960512423, 56.464055199201269 ], [ -2.854418667033633, 56.464047979406679 ], [ -2.85441944809021, 56.464046626392452 ], [ -2.854420959751376, 56.464041674637549 ], [ -2.854423282739519, 56.464036717304239 ], [ -2.854427868171323, 56.464024107765717 ], [ -2.854430181067004, 56.464018701286975 ], [ -2.854433285107879, 56.464012390939175 ], [ -2.854438843308942, 56.46400696214652 ], [ -2.854446815306869, 56.464000618327503 ], [ -2.854458012426258, 56.463993353903071 ], [ -2.854470081413143, 56.46398877877072 ], [ -2.854477342985891, 56.463986931981331 ], [ -2.854485425975266, 56.463985528758052 ], [ -2.854495121525212, 56.463983665231304 ], [ -2.854503214604529, 56.463982711152163 ], [ -2.854505648583059, 56.463982694415492 ], [ -2.8545121492839, 56.463983098929425 ], [ -2.85452027263726, 56.463983492285053 ], [ -2.854543030137729, 56.463985132652297 ], [ -2.854556071909058, 56.463987738257082 ], [ -2.85456830235587, 56.463990349439804 ], [ -2.854582155457154, 56.463992949462522 ], [ -2.854593574581048, 56.463995566222138 ], [ -2.854600075285046, 56.463995970731482 ], [ -2.854605754570156, 56.463995931674731 ], [ -2.854610602343545, 56.463994999906767 ], [ -2.85461463879029, 56.463994073718212 ], [ -2.854618634865921, 56.463991350948383 ], [ -2.854621759058102, 56.463985938886381 ], [ -2.854623290875514, 56.4639818854195 ], [ -2.854626344416536, 56.463973329340391 ], [ -2.854627856047282, 56.463968377582866 ], [ -2.854630758193259, 56.463953084324338 ], [ -2.854629835846432, 56.463948149305899 ], [ -2.85462733122053, 56.463945022027993 ], [ -2.854624786223924, 56.463940098168898 ], [ -2.854621439995617, 56.463935629034687 ], [ -2.854617252165027, 56.46392981804415 ], [ -2.854613875660625, 56.463924001473863 ], [ -2.854613023965216, 56.463922210472305 ], [ -2.854611290296814, 56.463917281033304 ], [ -2.854611189370726, 56.463912789580398 ], [ -2.854611970417507, 56.463911436564942 ], [ -2.854613512325631, 56.463907832243422 ], [ -2.854615885743225, 56.463905120632852 ], [ -2.854621494365356, 56.46390193755834 ], [ -2.854628766006427, 56.463900539905339 ], [ -2.854632001211013, 56.463900068441198 ], [ -2.854636879250013, 56.463900484108038 ], [ -2.854642608985413, 56.463902690776052 ], [ -2.854646726165622, 56.463905357748743 ], [ -2.854648379093703, 56.463906694024956 ], [ -2.854649250976578, 56.463909383316839 ], [ -2.8546509240911, 56.463911617883596 ], [ -2.854651765694987, 56.463912959739609 ], [ -2.854656795133261, 56.463920112584965 ], [ -2.854659319946319, 56.463924138152869 ], [ -2.854663568342287, 56.463932644013717 ], [ -2.854664430133626, 56.463934884160196 ], [ -2.854667796553612, 56.463940251583828 ], [ -2.854671903646444, 56.463942469410384 ], [ -2.854680097646673, 56.463946006772517 ], [ -2.854684214834373, 56.463948673743957 ], [ -2.854693240349832, 56.463953103815719 ], [ -2.854697347445596, 56.46395532164145 ], [ -2.854702265867435, 56.463957533886834 ], [ -2.854707174196075, 56.463959296986765 ], [ -2.854711240918019, 56.463959718230889 ], [ -2.854716940385235, 56.46396057745963 ], [ -2.854723430990419, 56.463960532817232 ], [ -2.854726686387023, 56.463960959641184 ], [ -2.854738044946169, 56.46396088151586 ], [ -2.854745336782774, 56.463960382146603 ], [ -2.854752618524848, 56.463959433631636 ], [ -2.854758277615359, 56.463958496277385 ], [ -2.854765518978784, 56.463955751180571 ], [ -2.854767922671841, 56.463954387002921 ], [ -2.85477031627018, 56.463952573679954 ], [ -2.854771878353742, 56.463949867647031 ], [ -2.854772619017166, 56.463946718049463 ], [ -2.854772548355201, 56.463943574032527 ], [ -2.854773248640159, 56.463938627853835 ], [ -2.854773016465083, 56.46392829751246 ], [ -2.854771629750976, 56.463902701812231 ], [ -2.854771437954798, 56.46389416805193 ], [ -2.854769633605225, 56.463886094598138 ], [ -2.85476875161973, 56.463882956161804 ], [ -2.854764513299989, 56.463874899449749 ], [ -2.854762830085914, 56.463872215739251 ], [ -2.854758652334901, 56.463866853898679 ], [ -2.85475533638021, 56.463863732203876 ], [ -2.854749535984407, 56.463858381524062 ], [ -2.854747061637258, 56.463856601684384 ], [ -2.854741291526218, 56.463852598440027 ], [ -2.854735531510503, 56.463849044340698 ], [ -2.854733878581885, 56.463847708065643 ], [ -2.854717298832958, 56.463832099587343 ], [ -2.854709024104351, 56.463824969065286 ], [ -2.854707361084026, 56.463823183644571 ], [ -2.854701580888786, 56.463818731253077 ], [ -2.854694999466047, 56.463814733586752 ], [ -2.854693356633971, 56.463813846456418 ], [ -2.854682718601116, 56.463809876690007 ], [ -2.854661462728536, 56.46380283544503 ], [ -2.854654911592179, 56.463800185212442 ], [ -2.854640166492325, 56.463793997615205 ], [ -2.854639334984486, 56.46379310490439 ], [ -2.854629488099663, 56.463788231263045 ], [ -2.854618829895606, 56.463783363200534 ], [ -2.854609834707901, 56.463780280559178 ], [ -2.854600829429251, 56.463776748771856 ], [ -2.854599196693501, 56.463776310785583 ], [ -2.854591002738401, 56.463772773418036 ], [ -2.854583610014145, 56.463768781325243 ], [ -2.854581155865267, 56.463767899772847 ], [ -2.854576176922963, 56.463762992650786 ], [ -2.854575345417353, 56.46376209993953 ], [ -2.854573692498351, 56.463760763662322 ], [ -2.854572830716596, 56.463758523515153 ], [ -2.854573591577403, 56.463756272209288 ], [ -2.854575975080478, 56.463754009744697 ], [ -2.854576766217395, 56.463753105874723 ], [ -2.854581533222467, 56.463748580945399 ], [ -2.854586360779842, 56.463746750887694 ], [ -2.854591208521344, 56.463745819120405 ], [ -2.854596076447322, 56.463745785643546 ], [ -2.854603388428719, 56.46374618457321 ], [ -2.854613144465861, 56.463747015908929 ], [ -2.854622109367748, 56.46374875111416 ], [ -2.854628620121683, 56.463749604767294 ], [ -2.854644927286669, 56.463753086334528 ], [ -2.854652269549118, 56.463754832697191 ], [ -2.854663708791056, 56.463758347740999 ], [ -2.854674336713817, 56.463761868363775 ], [ -2.854691495583876, 56.463767140926059 ], [ -2.854694761056753, 56.463768016896147 ], [ -2.854699669359975, 56.46376977999639 ], [ -2.85470456756998, 56.463771093951159 ], [ -2.854709445592855, 56.463771509615164 ], [ -2.85471350220051, 56.463771481713927 ], [ -2.854719161263503, 56.463770544361381 ], [ -2.85472399891081, 56.463769163443629 ], [ -2.854726402593417, 56.463767799266741 ], [ -2.854727173539064, 56.46376599710522 ], [ -2.854727123069319, 56.463763751378757 ], [ -2.854726261278274, 56.463761511232647 ], [ -2.854726230996464, 56.463760163796763 ], [ -2.854724507414753, 56.463755683504502 ], [ -2.854725278360247, 56.463753881342996 ], [ -2.854726860626771, 56.46375207360115 ], [ -2.854730065535271, 56.463750254698539 ], [ -2.854735714500573, 56.46374886819995 ], [ -2.854742205068826, 56.463748823556536 ], [ -2.854748715825464, 56.46374967720336 ], [ -2.854755246770962, 56.463751429140437 ], [ -2.854762609226937, 56.46375407378715 ], [ -2.854769991872881, 56.463757616724031 ], [ -2.854776563198935, 56.463761165241152 ], [ -2.854783144620868, 56.463765162903208 ], [ -2.854789715949507, 56.463768711419611 ], [ -2.854810231169665, 56.463778902240563 ], [ -2.854814328158039, 56.463780670917188 ], [ -2.854817613825056, 56.463782445174601 ], [ -2.854820909587473, 56.463784668577233 ], [ -2.854824996481851, 56.463785988108192 ], [ -2.854830706020217, 56.463787296476994 ], [ -2.854835563856045, 56.463786813845452 ], [ -2.854839600274604, 56.463785887649536 ], [ -2.854841993858686, 56.463784074325133 ], [ -2.85484355593008, 56.463781368291237 ], [ -2.854845128096624, 56.463779111402594 ], [ -2.854845077619742, 56.463776865676174 ], [ -2.854843404499726, 56.463774631111981 ], [ -2.854840909963065, 56.463771952983585 ], [ -2.854838425522057, 56.463769724000414 ], [ -2.854831773426934, 56.463762582324307 ], [ -2.854830080117987, 56.463759449469372 ], [ -2.854829958975751, 56.463754059725943 ], [ -2.854832362653487, 56.463752695546994 ], [ -2.85483395500998, 56.463751336949059 ], [ -2.854838802745788, 56.4637504051721 ], [ -2.85484529331413, 56.463750360523292 ], [ -2.854850962465979, 56.463749872310032 ], [ -2.85485666190419, 56.463750731532357 ], [ -2.854864024367171, 56.463753376173067 ], [ -2.854868131450908, 56.463755593993191 ], [ -2.854870575510033, 56.463756026394655 ], [ -2.854888646685137, 56.463765784801247 ], [ -2.854893595380997, 56.463769344474954 ], [ -2.854898574365862, 56.463774251584312 ], [ -2.854904364673702, 56.463779153111965 ], [ -2.85492253683204, 56.463793402966374 ], [ -2.854929949790161, 56.463798293329553 ], [ -2.854936551428056, 56.46380318927401 ], [ -2.854941510230032, 56.463807198091075 ], [ -2.854947320741912, 56.463812997907247 ], [ -2.854960635093905, 56.463827730391934 ], [ -2.854963129642928, 56.463830408517907 ], [ -2.854964822966333, 56.46383354137101 ], [ -2.854966506193164, 56.463836225078815 ], [ -2.854968199517122, 56.463839357931867 ], [ -2.854971505390486, 56.463842030475753 ], [ -2.854975612490418, 56.46384424829229 ], [ -2.854978877976684, 56.463845124254917 ], [ -2.854983756012219, 56.463845539908121 ], [ -2.854995114535389, 56.463845461759242 ], [ -2.854999161053533, 56.463844984703428 ], [ -2.855003988602674, 56.463843154629494 ], [ -2.855007974536256, 56.463839982701771 ], [ -2.855009566890022, 56.463838624101612 ], [ -2.855011128951468, 56.463835918065605 ], [ -2.855011879689877, 56.463833217611793 ], [ -2.855014202586502, 56.463828260267206 ], [ -2.855015704062469, 56.463822859359546 ], [ -2.855015572795626, 56.463817020471069 ], [ -2.85501465040137, 56.463812085455345 ], [ -2.855014559524471, 56.463808043147935 ], [ -2.855013505864163, 56.463797269243713 ], [ -2.855014145530014, 56.463789628191911 ], [ -2.855014674123962, 56.463777046542106 ], [ -2.855016401267901, 56.463745589626384 ], [ -2.855015967078687, 56.463726276379631 ], [ -2.855015064881551, 56.463722239654402 ], [ -2.855011597458005, 56.463712380787229 ], [ -2.85500902213488, 56.463706109499959 ], [ -2.855005645590007, 56.463700292940104 ], [ -2.855001477920867, 56.463695380252837 ], [ -2.85499484600227, 56.463689136875921 ], [ -2.854992381751887, 56.463687806186364 ], [ -2.854980405224353, 56.46368204879559 ], [ -2.854962891535068, 56.463675431070072 ], [ -2.854930206543126, 56.463665323999955 ], [ -2.854892734422346, 56.463658843572219 ], [ -2.85486897397092, 56.463648675089885 ], [ -2.854844392118532, 56.463638063038829 ], [ -2.854813380302786, 56.463630190502144 ], [ -2.854793959133882, 56.463632570169061 ], [ -2.854731962025528, 56.463654109703171 ], [ -2.854665888061651, 56.46367477881541 ], [ -2.854645736283842, 56.463680757201466 ], [ -2.854632745077938, 56.463680397332574 ], [ -2.854622076811811, 56.463675080125 ], [ -2.854623406763508, 56.463662043751761 ], [ -2.854635435251717, 56.463655672021773 ], [ -2.854645810819276, 56.463647964014342 ], [ -2.854664919118203, 56.463631660866128 ], [ -2.854702738185451, 56.463617475098431 ], [ -2.854737422986495, 56.463608252239219 ], [ -2.854764735250063, 56.463595935578766 ], [ -2.854805759133035, 56.463579930875902 ], [ -2.854840464063879, 56.4635716062784 ], [ -2.854847025268297, 56.463574705646572 ], [ -2.854853647046219, 56.46358049988617 ], [ -2.854853128495412, 56.463593530680924 ], [ -2.854857386992602, 56.463602485680887 ], [ -2.85487950458377, 56.463611767037612 ], [ -2.854938282951805, 56.463627534397183 ], [ -2.855029655481946, 56.46364936647398 ], [ -2.855080280388339, 56.463663393008218 ], [ -2.85508932607772, 56.463668721341932 ], [ -2.85510571403752, 56.463675796010854 ], [ -2.855123573162094, 56.463676122332686 ], [ -2.855163297513083, 56.463674501326373 ], [ -2.855190831872289, 56.463672065768144 ], [ -2.855213356915752, 56.463663375671374 ], [ -2.855239157524418, 56.463656010671542 ], [ -2.855255740708654, 56.463635681875921 ], [ -2.855268337987749, 56.463618525014347 ], [ -2.855286025375295, 56.463611215843308 ], [ -2.855311156028674, 56.463610144446115 ], [ -2.85533061755671, 56.46360956127927 ], [ -2.855349978070104, 56.463604486656799 ], [ -2.855369439594515, 56.463603903483872 ], [ -2.855397105213189, 56.463607306768154 ], [ -2.855441798409662, 56.463610143616727 ], [ -2.855479839422004, 56.463605838807574 ], [ -2.855508023373919, 56.463596211269646 ], [ -2.855530416950692, 56.463581682226923 ], [ -2.855545387413018, 56.463561813708665 ], [ -2.855565956242046, 56.463538312925849 ], [ -2.855590002706188, 56.463525120136261 ], [ -2.855620650829643, 56.463516823250309 ], [ -2.855649696518135, 56.46350943582005 ], [ -2.85568301098521, 56.463511452500093 ], [ -2.855722805875488, 56.463512975331248 ], [ -2.855760887180606, 56.463510467016761 ], [ -2.855796322292187, 56.46349854340275 ], [ -2.85583646355599, 56.463479399929348 ], [ -2.85586787236317, 56.463468851668466 ], [ -2.855898530485801, 56.463461003859003 ], [ -2.855927626616626, 56.46345586208971 ], [ -2.855979257578234, 56.46344247922255 ], [ -2.856016456713613, 56.463436832401541 ], [ -2.856064132147743, 56.463427968895068 ], [ -2.856126390981545, 56.463418106469696 ], [ -2.856176490193841, 56.463408777006293 ], [ -2.856216163651727, 56.463404909936699 ], [ -2.856249255586721, 56.46339704527017 ], [ -2.856282408183032, 56.463391875466016 ], [ -2.85632521561907, 56.463383045402161 ], [ -2.856409228033385, 56.463366294703192 ], [ -2.856490025468952, 56.463350913750403 ], [ -2.856543359629849, 56.463341112625955 ], [ -2.856606469966672, 56.463333040948029 ], [ -2.856668738612864, 56.463323627395475 ], [ -2.856722803055332, 56.463310227439322 ], [ -2.856766350774065, 56.46329824761343 ], [ -2.856814715733006, 56.463283988482452 ], [ -2.856867137205457, 56.4632697013609 ], [ -2.856906739601099, 56.463262690054179 ], [ -2.856931839608448, 56.463260270893109 ], [ -2.856980315784353, 56.463250952294302 ], [ -2.857004462772218, 56.463242250681311 ], [ -2.85700907759757, 56.463230988480674 ], [ -2.857014189968242, 56.463205797184429 ], [ -2.857019251725322, 56.463178360162033 ], [ -2.857030397487376, 56.46316884977827 ], [ -2.857044159356707, 56.463167407220006 ], [ -2.857069492095946, 56.463175318369842 ], [ -2.857069105910545, 56.463194188062353 ], [ -2.857078546529983, 56.463217032912922 ], [ -2.857092834773203, 56.463238945897565 ], [ -2.857105318209717, 56.463252785459524 ], [ -2.857127334921634, 56.463257574964977 ], [ -2.8571508426602, 56.463256514387155 ], [ -2.857163600907752, 56.463246543653995 ], [ -2.857167252528519, 56.463228549866436 ], [ -2.857157467668278, 56.463190434087331 ], [ -2.857154659192121, 56.46317383250522 ], [ -2.85717331927571, 56.463173703790666 ], [ -2.857195346072892, 56.463178942429252 ], [ -2.857221581274359, 56.463190890257962 ], [ -2.857242157580584, 56.463203775549111 ], [ -2.857264661610759, 56.463194186788662 ], [ -2.857267643610821, 56.463182486626991 ], [ -2.857271903994905, 56.463155504336171 ], [ -2.857273172255361, 56.463139773061897 ], [ -2.857287603667253, 56.463132036847504 ], [ -2.857306304228484, 56.46313370469354 ], [ -2.857332367306108, 56.463138017031405 ], [ -2.857341443563481, 56.463144692637037 ], [ -2.857353176504918, 56.463161232642619 ], [ -2.857363175460132, 56.46317284324568 ], [ -2.8573779106366, 56.463178581375097 ], [ -2.857393467251645, 56.463184763050108 ], [ -2.857412431122876, 56.463198108653792 ], [ -2.857426324629473, 56.463202504939936 ], [ -2.857449812071077, 56.463200546015209 ], [ -2.857461860178051, 56.463195072300721 ], [ -2.857471342708001, 56.463183776493238 ], [ -2.857471819830883, 56.463168949105508 ], [ -2.857472215938883, 56.463150528556667 ], [ -2.857480166982339, 56.463143286251231 ], [ -2.857500257247584, 56.463134612533231 ], [ -2.857514830392579, 56.463133164324269 ], [ -2.85753513332318, 56.46313392264841 ], [ -2.857553641467983, 56.463127056699669 ], [ -2.857562282262593, 56.463114419048516 ], [ -2.857560335557657, 56.463100057602041 ], [ -2.85754789251506, 56.463088014665963 ], [ -2.857530571518406, 56.463075556175674 ], [ -2.857509873657271, 56.463057281190373 ], [ -2.857481022259198, 56.463037265604861 ], [ -2.857475870878647, 56.463024723130886 ], [ -2.857482138524426, 56.463014797150933 ], [ -2.857495788921343, 56.463008413945914 ], [ -2.857517592864458, 56.463003771334229 ], [ -2.857546820070884, 56.463004468071524 ], [ -2.8575915937251, 56.46301089730715 ], [ -2.857638233094046, 56.46302809481103 ], [ -2.857685044704839, 56.463052927764558 ], [ -2.85771223309425, 56.463071157921931 ], [ -2.857726420354228, 56.463088579383161 ], [ -2.857754764523547, 56.463122074865268 ], [ -2.857779772339502, 56.463151550436031 ], [ -2.857794517701925, 56.463157737661163 ], [ -2.857800115808193, 56.463154105297285 ], [ -2.85781225502665, 56.463152673854722 ], [ -2.857826605282177, 56.463141344416712 ], [ -2.857837446889866, 56.463118359606938 ], [ -2.857854109466828, 56.463101623622222 ], [ -2.857869240601311, 56.463088941143027 ], [ -2.857888570099383, 56.463082518688466 ], [ -2.857891612685737, 56.463073513382128 ], [ -2.857880001114071, 56.463062363168397 ], [ -2.857853816450588, 56.463052661204088 ], [ -2.857846372865717, 56.463046423579414 ], [ -2.857834771447227, 56.46303572250654 ], [ -2.857829802307374, 56.463031264659293 ], [ -2.857824812906667, 56.463025908521601 ], [ -2.857823139642416, 56.463023673997206 ], [ -2.857820644942875, 56.463020995928247 ], [ -2.857818971679097, 56.463018761403795 ], [ -2.857817288284593, 56.463016077734196 ], [ -2.857816406063765, 56.463012939318908 ], [ -2.857807167661098, 56.462999077425877 ], [ -2.857807928311094, 56.462996826099783 ], [ -2.857809490134112, 56.462994120028043 ], [ -2.85781028117637, 56.462993216137285 ], [ -2.857811062087747, 56.462991863101401 ], [ -2.857812654302919, 56.462990504465004 ], [ -2.857813445345025, 56.462989600574211 ], [ -2.857816650036703, 56.462987781591544 ], [ -2.857818242251496, 56.462986422955076 ], [ -2.857844954487914, 56.462983543262858 ], [ -2.857849852703982, 56.462984857093694 ], [ -2.857857986003972, 56.462985699375956 ], [ -2.857861241350359, 56.462986126117748 ], [ -2.857869394913968, 56.462987866689502 ], [ -2.8578759258707, 56.462989618462622 ], [ -2.857880002653131, 56.462990488748083 ], [ -2.857889829485274, 56.462994463842136 ], [ -2.857891462224927, 56.462994901785187 ], [ -2.857897212275612, 56.462998006593558 ], [ -2.857907110035613, 56.463005125702061 ], [ -2.857911257744869, 56.463009140002306 ], [ -2.857917930557255, 56.463017179804801 ], [ -2.857922078269028, 56.46302119410467 ], [ -2.857923741406875, 56.463022979482616 ], [ -2.857927077815305, 56.463026999383565 ], [ -2.857930424356756, 56.463031468429548 ], [ -2.857937198501154, 56.463043999682078 ], [ -2.857944114504783, 56.463062818965717 ], [ -2.857943323464319, 56.463063722857342 ], [ -2.857943384259125, 56.463066417727987 ], [ -2.857944246226995, 56.463068657852126 ], [ -2.857949225518078, 56.463073564839902 ], [ -2.857950057088811, 56.463074457528684 ], [ -2.857954164280065, 56.463076675247031 ], [ -2.857957429768134, 56.463077551131406 ], [ -2.857959883950622, 56.463078432617159 ], [ -2.857963139306266, 56.46307885935628 ], [ -2.857965583356234, 56.463079291696829 ], [ -2.857972073802237, 56.463079246884462 ], [ -2.857974497586634, 56.463078780934623 ], [ -2.857976110065243, 56.463078320586348 ], [ -2.857980957633753, 56.463077388686479 ], [ -2.85798257011222, 56.463076928338104 ], [ -2.857984993896333, 56.463076462388074 ], [ -2.857986596241717, 56.463075552894544 ], [ -2.857988208720035, 56.463075092546113 ], [ -2.857995419273025, 56.4630709998249 ], [ -2.857998603696464, 56.463068282547368 ], [ -2.858000185774856, 56.463066474763465 ], [ -2.85800095654767, 56.463064672581289 ], [ -2.858002538625795, 56.463062864797358 ], [ -2.858004840810246, 56.463057009105682 ], [ -2.858005601449428, 56.46305475777838 ], [ -2.858005520383722, 56.463051164617539 ], [ -2.858006291155967, 56.463049362435349 ], [ -2.858005439318036, 56.463047571456713 ], [ -2.858005358252368, 56.463043978295879 ], [ -2.858000612673413, 56.463013464437552 ], [ -2.858010703632775, 56.462993180084467 ], [ -2.858012305973963, 56.462992270590604 ], [ -2.858013918448363, 56.462991810241824 ], [ -2.858023623694143, 56.462990395584001 ], [ -2.858030905161363, 56.462989446876421 ], [ -2.858042354616948, 56.462993410754507 ], [ -2.858045640367096, 56.462995184926761 ], [ -2.858048094546208, 56.462996066410803 ], [ -2.85805055885917, 56.462997397039878 ], [ -2.858052211868332, 56.462998733271036 ], [ -2.858054676181617, 56.46300006390004 ], [ -2.85805798220059, 56.463002736362185 ], [ -2.858059645344102, 56.46300452173832 ], [ -2.858062170461303, 56.463008547237798 ], [ -2.85806389440868, 56.463013027484507 ], [ -2.858064807052092, 56.463017513333362 ], [ -2.85806734230469, 56.463021987977818 ], [ -2.858069867423926, 56.463026013477133 ], [ -2.858073213982386, 56.463030482519265 ], [ -2.858076550407592, 56.463034502416214 ], [ -2.858091518725848, 56.463050570798359 ], [ -2.858091549128596, 56.46305191823366 ], [ -2.858092380702243, 56.463052810921504 ], [ -2.858094013446818, 56.463053248861883 ], [ -2.85809565632573, 56.463054135947324 ], [ -2.8580972890704, 56.463054573887661 ], [ -2.858100534291136, 56.463054551478074 ], [ -2.858102958072297, 56.463054085525734 ], [ -2.858104570548234, 56.463053625175782 ], [ -2.858107775231096, 56.463051806185611 ], [ -2.858108566267308, 56.46305090229297 ], [ -2.858110128070672, 56.463048196217464 ], [ -2.858110888703307, 56.463045944889494 ], [ -2.858111659470341, 56.463044142706636 ], [ -2.858111608797898, 56.463041896981146 ], [ -2.858112379564815, 56.463040094798274 ], [ -2.858112257950878, 56.463034705057119 ], [ -2.858111395973717, 56.463032464934109 ], [ -2.858111355435793, 56.463030668353724 ], [ -2.858110493458782, 56.463028428230707 ], [ -2.858103739527809, 56.463016795277753 ], [ -2.858094460480363, 56.463001136825646 ], [ -2.858065112252, 56.462959113265477 ], [ -2.858065081850317, 56.462957765830154 ], [ -2.858065862751689, 56.462956412792657 ], [ -2.858065832349981, 56.462955065357328 ], [ -2.858068955954799, 56.462949653207289 ], [ -2.858070548158739, 56.462948294567539 ], [ -2.858071339193682, 56.462947390675126 ], [ -2.858072931397437, 56.462946032035354 ], [ -2.858075334903873, 56.462944667793316 ], [ -2.858076125938623, 56.46294376390086 ], [ -2.858081734119416, 56.462940580669233 ], [ -2.858084147759294, 56.462939665572144 ], [ -2.858087372701717, 56.462938744872673 ], [ -2.858093842854546, 56.462937801763715 ], [ -2.858095455325577, 56.462937341413863 ], [ -2.858098700536099, 56.462937319004311 ], [ -2.858118222471767, 56.462939430270765 ], [ -2.858119855211657, 56.462939868210803 ], [ -2.858126396306228, 56.462942069115876 ], [ -2.858139498767259, 56.462947369215144 ], [ -2.858145238696274, 56.462950024866977 ], [ -2.858151800063998, 56.462953124060896 ], [ -2.858157539994776, 56.462955779712168 ], [ -2.858166575814265, 56.462960658677318 ], [ -2.858173978894456, 56.462965099702529 ], [ -2.858187182724063, 56.46297489124774 ], [ -2.85819297333794, 56.462979792622825 ], [ -2.858198774088861, 56.462985143142745 ], [ -2.858203763537688, 56.462990499265473 ], [ -2.858209554156187, 56.462995400639791 ], [ -2.858212890592894, 56.46299942053308 ], [ -2.85821788004568, 56.463004776655239 ], [ -2.858222879635723, 56.463010581922276 ], [ -2.858227057787136, 56.463015943647264 ], [ -2.858230434771241, 56.463021760120441 ], [ -2.858234612925009, 56.463027121845165 ], [ -2.858253941918972, 56.463056636543918 ], [ -2.858283575021486, 56.463039361700936 ], [ -2.858286779694337, 56.463037542706132 ], [ -2.85828997423024, 56.46303527456616 ], [ -2.858293178902429, 56.463033455571207 ], [ -2.858293959797059, 56.463032102532281 ], [ -2.858295562132959, 56.463031193034759 ], [ -2.858297154332059, 56.463029834392124 ], [ -2.858298756667783, 56.463028924894559 ], [ -2.858299537562118, 56.463027571855605 ], [ -2.858301119624151, 56.463025764067837 ], [ -2.858302711822818, 56.463024405425138 ], [ -2.858303492716916, 56.463023052386156 ], [ -2.858303462306532, 56.463021704950904 ], [ -2.858304243200546, 56.463020351911915 ], [ -2.858304212790139, 56.463019004476656 ], [ -2.858304993684071, 56.46301765143766 ], [ -2.85830493286321, 56.463014956567157 ], [ -2.858304091148537, 56.463013614735651 ], [ -2.858304060738143, 56.463012267300392 ], [ -2.858303208886777, 56.463010476323795 ], [ -2.858303178476418, 56.46300912888853 ], [ -2.858302346898716, 56.463008236202093 ], [ -2.858300937525939, 56.462981742245724 ], [ -2.85829561355389, 56.462961564338976 ], [ -2.858299771801881, 56.462930090560477 ], [ -2.858307600995546, 56.462917458460552 ], [ -2.858319436008604, 56.462902552615503 ], [ -2.858332974712012, 56.462891228722157 ], [ -2.85835005259425, 56.462892907618837 ], [ -2.858367353503352, 56.462904467705108 ], [ -2.858392341379516, 56.462933044863547 ], [ -2.858418992453029, 56.462963407388209 ], [ -2.858437865331173, 56.462972710530167 ], [ -2.858460693349623, 56.462977494194739 ], [ -2.858484677588657, 56.462961605971863 ], [ -2.858518194652844, 56.462936667581502 ], [ -2.858522829261652, 56.462926303613848 ], [ -2.858515456565758, 56.462923210044629 ], [ -2.858507201594439, 56.462916978064513 ], [ -2.858500457699427, 56.462905794277944 ], [ -2.858506877305727, 56.462866668210658 ], [ -2.858511958197178, 56.462840129415291 ], [ -2.858522413848386, 56.462836014242804 ], [ -2.85854259496053, 56.462831382661129 ], [ -2.858555748140089, 56.462838928442011 ], [ -2.858561660459062, 56.462849219540963 ], [ -2.858566883159393, 56.462864905986002 ], [ -2.858581608257529, 56.462870194827779 ], [ -2.858604365248651, 56.462871834450461 ], [ -2.85862791326156, 56.462872570172976 ], [ -2.858637831408649, 56.462880587513574 ], [ -2.858646279070273, 56.46289535324135 ], [ -2.858656562303687, 56.46291953980284 ], [ -2.858662981718265, 56.462952288150078 ], [ -2.858671409123963, 56.462966155585868 ], [ -2.858691174501135, 56.462979046243696 ], [ -2.858696752209803, 56.462974515549092 ], [ -2.858704692835461, 56.46296682401978 ], [ -2.858710818159942, 56.462950609946631 ], [ -2.858708840596459, 56.462934901082313 ], [ -2.858686996270352, 56.462901810111859 ], [ -2.858651795952472, 56.46285219046672 ], [ -2.858643226608781, 56.46283203499835 ], [ -2.858648672469995, 56.462821665419852 ], [ -2.85865904697279, 56.46281395707522 ], [ -2.858672899916733, 56.462816556641862 ], [ -2.858690150182999, 56.462825870957957 ], [ -2.858711446817616, 56.462834708094647 ], [ -2.8587295895373, 56.46284760995939 ], [ -2.858742905032793, 56.462862342041468 ], [ -2.858776472735223, 56.462911523729375 ], [ -2.858808235349443, 56.462952632011024 ], [ -2.858824735268072, 56.462964646785643 ], [ -2.858841154051275, 56.462973068397659 ], [ -2.858858596983909, 56.462954979234993 ], [ -2.858869529192846, 56.462936036639348 ], [ -2.85886913359315, 56.462918519982424 ], [ -2.858862308441435, 56.462903743055037 ], [ -2.858845534669335, 56.462879601368854 ], [ -2.85883703621663, 56.462862589929259 ], [ -2.858828253766243, 56.462833002427395 ], [ -2.858831823398837, 56.462811415428632 ], [ -2.858846791790023, 56.462791546508406 ], [ -2.858862835193718, 56.462783349750488 ], [ -2.858876688140253, 56.462785949294364 ], [ -2.858888948921566, 56.462789907487021 ], [ -2.858902994607126, 56.462801040784072 ], [ -2.85891554957488, 56.462818024180706 ], [ -2.85894909717531, 56.462866307532316 ], [ -2.85896921766175, 56.462894918222744 ], [ -2.858987492384902, 56.462913658935307 ], [ -2.859007257842954, 56.462926549542985 ], [ -2.859023189669227, 56.462913412169087 ], [ -2.859030055129308, 56.462894048456221 ], [ -2.859028827862667, 56.462875639118046 ], [ -2.859017489611477, 56.462840678714407 ], [ -2.858999772581522, 56.462810703771552 ], [ -2.858996872009098, 56.462790059924139 ], [ -2.859003828767045, 56.462774738517801 ], [ -2.859013533917955, 56.462773323782478 ], [ -2.859025764273279, 56.462775934526491 ], [ -2.859043683868707, 56.462778955154455 ], [ -2.859063307232017, 56.462785557722775 ], [ -2.8590798274502, 56.462798470753896 ], [ -2.859091469735612, 56.462810968291166 ], [ -2.859105728563744, 56.462831533611144 ], [ -2.859120099020069, 56.462857039524813 ], [ -2.859131072090561, 56.462875830697854 ], [ -2.859141132402263, 56.462890136028768 ], [ -2.859150442301832, 56.462907141838294 ], [ -2.85916167876105, 56.462901673567615 ], [ -2.859167956083402, 56.462892196647068 ], [ -2.859169345300956, 56.462881855092597 ], [ -2.859172225205926, 56.462865663433845 ], [ -2.859167894728464, 56.462853564564988 ], [ -2.859145157568845, 56.462816886123562 ], [ -2.859124256130895, 56.462789628505448 ], [ -2.859116660189349, 56.462776653780963 ], [ -2.859129265545556, 56.462759945668893 ], [ -2.859158685380091, 56.462769175782398 ], [ -2.859178369641943, 56.462778473202803 ], [ -2.859196553085039, 56.462793171579648 ], [ -2.859214868462662, 56.462813708839242 ], [ -2.85922911721198, 56.462833825000025 ], [ -2.859244014908195, 56.462846749228817 ], [ -2.859269307298014, 56.462852863350228 ], [ -2.859287145761182, 56.462852290782827 ], [ -2.859293504232658, 56.462846407016023 ], [ -2.85929155687533, 56.46283204559564 ], [ -2.859293726910336, 56.462820350994363 ], [ -2.859296657500137, 56.46280640505767 ], [ -2.859290572458915, 56.462788478528033 ], [ -2.85927846328498, 56.462755320337905 ], [ -2.859277205455509, 56.462735563566596 ], [ -2.859288259170435, 56.462722010673637 ], [ -2.859297943999253, 56.462719697625992 ], [ -2.85932145133251, 56.462718636636787 ], [ -2.85933945211726, 56.462725250382306 ], [ -2.85935840629794, 56.462738146544986 ], [ -2.859383283172933, 56.462761782909872 ], [ -2.859405837832459, 56.462790376697789 ], [ -2.859419387027967, 56.462815439043041 ], [ -2.859435309240315, 56.462837789683249 ], [ -2.859448604709619, 56.462851623399821 ], [ -2.859468380444209, 56.462864963079284 ], [ -2.859483034612611, 56.462867107799163 ], [ -2.859490102845788, 56.462856726960737 ], [ -2.85948985922088, 56.46284594748051 ], [ -2.859473915904028, 56.462786761344788 ], [ -2.859464260763971, 56.462754484628526 ], [ -2.859466126219211, 56.462729315673464 ], [ -2.859478711100751, 56.462711709235634 ], [ -2.859497218675223, 56.462704842996281 ], [ -2.859522470403995, 56.462709160486128 ], [ -2.85953723618114, 56.462716245794802 ], [ -2.859546515762048, 56.462731904140142 ], [ -2.859561525197382, 56.462749768926237 ], [ -2.859573238692676, 56.462765410433605 ], [ -2.859586696621798, 56.462786430455687 ], [ -2.859603440373676, 56.462809224607376 ], [ -2.859617374601206, 56.462815417228676 ], [ -2.859634411893727, 56.462815299368685 ], [ -2.859643224508169, 56.462810297036555 ], [ -2.859641327782254, 56.462798181346486 ], [ -2.859640860751814, 56.462777520676354 ], [ -2.859637543562935, 56.462738461898333 ], [ -2.859637299896454, 56.462727682418169 ], [ -2.859627888294105, 56.462706185194456 ], [ -2.859620971508448, 56.462687366003003 ], [ -2.859627248678082, 56.462677889058789 ], [ -2.859642673467169, 56.462678231567402 ], [ -2.859663878863794, 56.462683026235901 ], [ -2.85968359366517, 56.462693671011401 ], [ -2.859697670011293, 56.462706151653855 ], [ -2.859708714402923, 56.462728086791479 ], [ -2.85972464690453, 56.462750886539986 ], [ -2.859741126719541, 56.462762002903325 ], [ -2.859757444076676, 56.462765932944535 ], [ -2.859775079401167, 56.462756377407054 ], [ -2.859781387006503, 56.462748247890133 ], [ -2.859780919899254, 56.462727587220307 ], [ -2.859774550314798, 56.462697084654067 ], [ -2.859777551796246, 56.462686282720625 ], [ -2.859781395035997, 56.462676822608685 ], [ -2.85978193216135, 56.462664690080281 ], [ -2.859791606789647, 56.462661927849048 ], [ -2.859803096948967, 56.462667688144997 ], [ -2.859817173325103, 56.462680168773979 ], [ -2.859834667535673, 56.462700262411332 ], [ -2.859837345151003, 56.462711025049913 ], [ -2.859832639848907, 56.462718245052301 ], [ -2.859826423655229, 56.462730416876838 ], [ -2.859829892258226, 56.46274027561185 ], [ -2.859848643509209, 56.462744188799924 ], [ -2.859867303364175, 56.462744059680254 ], [ -2.859870447000482, 56.462739545774483 ], [ -2.859870101710833, 56.462724274844838 ], [ -2.859871125126611, 56.462697764062391 ], [ -2.859877513946318, 56.46269322770042 ], [ -2.859894510558342, 56.462691313224703 ], [ -2.859910929460961, 56.462699734695704 ], [ -2.859928200293315, 56.462709947130087 ], [ -2.859942104067865, 56.462714792280075 ], [ -2.859961565048344, 56.462714208386799 ], [ -2.85997278101617, 56.462707841752447 ], [ -2.859983134898439, 56.46269923500688 ], [ -2.859999279582155, 56.46269552955161 ], [ -2.860014704381511, 56.462695872013995 ], [ -2.860039256599738, 56.462705135608481 ], [ -2.86006788563281, 56.462715269411788 ], [ -2.860088137592323, 56.462713781593415 ], [ -2.860103389707455, 56.462706488580217 ], [ -2.860109595648099, 56.462693867596741 ], [ -2.860111704467606, 56.462679478110871 ], [ -2.860122828971818, 56.46266906915811 ], [ -2.860139784924669, 56.462665358068911 ], [ -2.86015765376047, 56.462666132811265 ], [ -2.860164306676268, 56.46267327420378 ], [ -2.860180857702511, 56.462687534523752 ], [ -2.8601915467922, 56.462693749544748 ], [ -2.860203655287754, 56.462690970433158 ], [ -2.860216493800347, 56.462684592544406 ], [ -2.860213734799911, 56.462670236754114 ], [ -2.86021317601707, 56.462645533780766 ], [ -2.860222677891602, 56.462635136051411 ], [ -2.860246884678073, 56.462629128675914 ], [ -2.860268749013819, 56.462627180450184 ], [ -2.860276963572284, 56.462631615733741 ], [ -2.860285289898715, 56.46264099161138 ], [ -2.860297034144764, 56.462657980485808 ], [ -2.860306090491996, 56.462663757585531 ], [ -2.86031734702926, 56.462659187499803 ], [ -2.86032124093391, 56.462651973095838 ], [ -2.86031920174268, 56.462633569386185 ], [ -2.860325417759183, 56.462621397536687 ], [ -2.860346379339443, 56.462615412609523 ], [ -2.860365830099523, 56.462614379507869 ], [ -2.860383029884148, 56.462621447864457 ], [ -2.860404367448155, 56.462632081291027 ], [ -2.860417358337986, 56.462632440555758 ], [ -2.860429446472014, 56.462628763132173 ], [ -2.860429283875546, 56.462621576812886 ], [ -2.860429851276, 56.46261079171628 ], [ -2.860447374566556, 56.462596295488353 ], [ -2.860469198221211, 56.462592550647443 ], [ -2.860497563043046, 56.462591006582997 ], [ -2.860539821505383, 56.462593858450283 ], [ -2.860610587096467, 56.462601454242161 ], [ -2.860678807013174, 56.462604126257219 ], [ -2.860709585387678, 56.462601666996612 ], [ -2.860736205624871, 56.462594744377313 ], [ -2.860757978417921, 56.462588753760933 ], [ -2.860779802036383, 56.462585008865396 ], [ -2.860802518278816, 56.462584851505405 ], [ -2.860822780303916, 56.462583812712033 ], [ -2.860838884184264, 56.4625783105677 ], [ -2.86086225920424, 56.462571410402489 ], [ -2.860909212578924, 56.46256659295738 ], [ -2.860955354647458, 56.462561781115575 ], [ -2.860996740801641, 56.462561943578855 ], [ -2.861018625396149, 56.462560893510826 ], [ -2.861044474931195, 56.462555773026452 ], [ -2.86108575937711, 56.462551444010899 ], [ -2.861123890175015, 56.462551179774543 ], [ -2.861148279836449, 56.462553256831448 ], [ -2.861190629846452, 56.462560150781393 ], [ -2.861210952876742, 56.462561806794064 ], [ -2.861254894979071, 56.462567342041886 ], [ -2.861350953203831, 56.462581051123884 ], [ -2.861434020613084, 56.462594400974595 ], [ -2.861494209027476, 56.462600721942387 ], [ -2.861526620107814, 56.462598700374862 ], [ -2.861579283017612, 56.462595190737154 ], [ -2.861639206858866, 56.462589833867945 ], [ -2.861691017740918, 56.462584533228863 ], [ -2.861711948545522, 56.462577200636332 ], [ -2.861718398186328, 56.462575359048564 ], [ -2.86172242412258, 56.462573983483608 ], [ -2.861725648942522, 56.462573062689493 ], [ -2.861729685056197, 56.462572136269152 ], [ -2.861732920053778, 56.462571664619723 ], [ -2.861736956167118, 56.462570738199148 ], [ -2.861741002458333, 56.462570260923322 ], [ -2.861745038571317, 56.462569334502483 ], [ -2.861753131153124, 56.462568379950149 ], [ -2.861757187622141, 56.462568351818653 ], [ -2.861760422619039, 56.462567880168486 ], [ -2.861764468909635, 56.462567402891885 ], [ -2.861780694785184, 56.462567290363609 ], [ -2.861784761432656, 56.462567711376067 ], [ -2.861788817901566, 56.46256768324352 ], [ -2.86179288454917, 56.46256810425573 ], [ -2.861796139903067, 56.462568530894366 ], [ -2.861804273198712, 56.462569372918125 ], [ -2.861808350025559, 56.462570243074673 ], [ -2.861812416673657, 56.462570664086236 ], [ -2.861815682206975, 56.462571539869202 ], [ -2.861819759034323, 56.462572410025381 ], [ -2.861826279922651, 56.462573712445995 ], [ -2.861828723983499, 56.462574144710537 ], [ -2.861833632463756, 56.462575907529178 ], [ -2.861836076524833, 56.462576339793564 ], [ -2.86183853076522, 56.462577221202771 ], [ -2.86184097482644, 56.462577653467065 ], [ -2.861844230181711, 56.462578080104443 ], [ -2.861851562365901, 56.462579376896855 ], [ -2.861854807541987, 56.462579354389099 ], [ -2.861857251603532, 56.462579786653059 ], [ -2.861859685485621, 56.462579769772134 ], [ -2.861862940841287, 56.462580196409014 ], [ -2.861871854896027, 56.462579685366798 ], [ -2.861877533954193, 56.462579645977236 ], [ -2.861879957656503, 56.462579179951049 ], [ -2.861883192652753, 56.462578708297677 ], [ -2.861885626534755, 56.462578691416248 ], [ -2.861888050236901, 56.462578225389926 ], [ -2.861890463759103, 56.462577310218691 ], [ -2.861892887461098, 56.462576844192256 ], [ -2.861896122456979, 56.462576372538564 ], [ -2.861898535978861, 56.46257545736718 ], [ -2.861900959680634, 56.462574991340595 ], [ -2.861902561908411, 56.462574081796362 ], [ -2.861925916366039, 56.462566283141058 ], [ -2.861931544520214, 56.462563998024756 ], [ -2.861967068367809, 56.462556114949287 ], [ -2.861989733680079, 56.462553711647779 ], [ -2.862001112150532, 56.462554531147291 ], [ -2.862010888397199, 56.462556260191377 ], [ -2.86202236868353, 56.462561571137385 ], [ -2.862032287475241, 56.462569588207607 ], [ -2.862043818677385, 56.46257714487583 ], [ -2.862048767895303, 56.462580704265328 ], [ -2.862061768963303, 56.46258151250283 ], [ -2.862074749667642, 56.462581422449297 ], [ -2.862082811696798, 56.46257912044095 ], [ -2.862085235396465, 56.462578654410763 ], [ -2.862088460207747, 56.462577733607219 ], [ -2.862090883907253, 56.462577267576918 ], [ -2.862092496312783, 56.46257680717509 ], [ -2.862094920012177, 56.462576341144704 ], [ -2.862097353893887, 56.462576324259125 ], [ -2.862098966299296, 56.462575863857211 ], [ -2.862105456650425, 56.462575818828654 ], [ -2.862107880349591, 56.462575352798034 ], [ -2.862109513119871, 56.462575790685641 ], [ -2.862115192177084, 56.462575751285208 ], [ -2.862117636241363, 56.462576183544051 ], [ -2.862119269011794, 56.462576621431552 ], [ -2.862121702893506, 56.462576604545482 ], [ -2.862123335664004, 56.462577042432912 ], [ -2.86212577972846, 56.462577474691599 ], [ -2.862127412499043, 56.462577912578986 ], [ -2.862129856563603, 56.462578344837596 ], [ -2.862131499517062, 56.462579231869753 ], [ -2.862134765058551, 56.462580107644328 ], [ -2.8621372193062, 56.462580989047638 ], [ -2.86213886225995, 56.462581876079696 ], [ -2.862140495030878, 56.462582313966905 ], [ -2.862142137984764, 56.462583200998928 ], [ -2.862142969644665, 56.462584093659764 ], [ -2.86214461259869, 56.462584980691751 ], [ -2.862149531278218, 56.462587192642744 ], [ -2.862150362938387, 56.462588085303523 ], [ -2.862153648847216, 56.462589859367284 ], [ -2.86215530198483, 56.462591195543951 ], [ -2.862157756233693, 56.462592076946862 ], [ -2.862161042143227, 56.462593851010418 ], [ -2.8621634963924, 56.462594732413194 ], [ -2.86216512916418, 56.462595170300069 ], [ -2.862167583413537, 56.462596051702775 ], [ -2.862169226368674, 56.462596938734436 ], [ -2.862171670434962, 56.462597370992206 ], [ -2.862174124684619, 56.462598252394784 ], [ -2.86217656875105, 56.462598684652477 ], [ -2.862178201523155, 56.462599122539196 ], [ -2.862185533722928, 56.462600419311869 ], [ -2.862187967606153, 56.46260040242452 ], [ -2.862190411672883, 56.462600834681929 ], [ -2.862195279439377, 56.462600800906976 ], [ -2.862197723506217, 56.462601233164243 ], [ -2.862202591272754, 56.462601199389006 ], [ -2.862205014972334, 56.462600733356481 ], [ -2.862210694033206, 56.462600693951664 ], [ -2.862215541432031, 56.46259976188626 ], [ -2.862217975315194, 56.462599744998307 ], [ -2.862220399014483, 56.462599278965484 ], [ -2.862265607441972, 56.462589082528012 ], [ -2.862298758468725, 56.462583911115459 ], [ -2.862304437526889, 56.46258387170635 ], [ -2.862306881593862, 56.462584303961485 ], [ -2.862310136954931, 56.462584730586627 ], [ -2.862313402501059, 56.462585606356527 ], [ -2.862317489526452, 56.462586925641176 ], [ -2.862319943778841, 56.462587807040869 ], [ -2.86232240821644, 56.462589137585319 ], [ -2.862323239880785, 56.462590030244947 ], [ -2.86232570431865, 56.462591360789354 ], [ -2.862332327079906, 56.462597154631588 ], [ -2.86234632279082, 56.462606041815924 ], [ -2.86234715445612, 56.462606934475403 ], [ -2.862348787230571, 56.462607372359869 ], [ -2.862349618895959, 56.46260826501932 ], [ -2.862352904816018, 56.462610039077788 ], [ -2.862354537590672, 56.462610476962197 ], [ -2.862357002031009, 56.462611807505958 ], [ -2.862361900355465, 56.46261312115891 ], [ -2.862364344425017, 56.462613553412901 ], [ -2.862365977199959, 56.462613991297161 ], [ -2.862369222378618, 56.462613968775948 ], [ -2.862370855153634, 56.462614406660116 ], [ -2.862377345511011, 56.462614361617362 ], [ -2.862389504745126, 56.462613828016472 ], [ -2.862404848040849, 56.462610577023362 ], [ -2.86241207838878, 56.462607382334561 ], [ -2.862413680605395, 56.462606472783754 ], [ -2.862418008500857, 56.462582634325024 ], [ -2.862418504021028, 56.462568705205172 ], [ -2.86242004511824, 56.462565100785383 ], [ -2.862423208802174, 56.462561485104246 ], [ -2.862424800830232, 56.462560126408469 ], [ -2.862425591751052, 56.462559222488146 ], [ -2.862427995072356, 56.462557858161638 ], [ -2.862428785993052, 56.462556954241307 ], [ -2.862432010793875, 56.462556033428825 ], [ -2.862432801714434, 56.462555129508488 ], [ -2.862439251315406, 56.46255328788321 ], [ -2.862445721288873, 56.462552344547248 ], [ -2.862447333688895, 56.462551884140808 ], [ -2.862460314381571, 56.462551794046945 ], [ -2.862463569741513, 56.462552220668073 ], [ -2.862468468061827, 56.462553534316832 ], [ -2.862499551888478, 56.462564548956635 ], [ -2.862529855002457, 56.462576916654456 ], [ -2.862574934628425, 56.46259681843749 ], [ -2.862615054836769, 56.462612711692593 ], [ -2.862628147626787, 56.462617562173946 ], [ -2.862637122812831, 56.462619745945538 ], [ -2.862638755591217, 56.462620183826175 ], [ -2.862642010959143, 56.462620610442649 ], [ -2.862645276516143, 56.462621486203808 ], [ -2.862647710400447, 56.462621469307429 ], [ -2.862649343179032, 56.462621907187945 ], [ -2.862655833537233, 56.462621862130639 ], [ -2.862657445937631, 56.462621401721456 ], [ -2.862660691116683, 56.462621379192626 ], [ -2.862665538506758, 56.462620447109643 ], [ -2.86266795201243, 56.462619531923295 ], [ -2.862671977918057, 56.46261815632753 ], [ -2.862673590318094, 56.462617695918148 ], [ -2.862675182339367, 56.46261633721916 ], [ -2.862677585655144, 56.462614972887827 ], [ -2.862680769697051, 56.462612255489717 ], [ -2.862681560612737, 56.46261135156778 ], [ -2.862682331149495, 56.462609549356266 ], [ -2.862683122065086, 56.462608645434322 ], [ -2.862684561243573, 56.462600549563348 ], [ -2.862685980042484, 56.462591555402739 ], [ -2.862692276793746, 56.462582976592472 ], [ -2.862693067708537, 56.462582072670443 ], [ -2.862699476542596, 56.462578434452503 ], [ -2.862701088940574, 56.462577974042752 ], [ -2.862703512632309, 56.4625775080005 ], [ -2.862705125030196, 56.462577047590699 ], [ -2.862711615380483, 56.462577002530466 ], [ -2.862714880935268, 56.462577878289807 ], [ -2.86271732500653, 56.462578310536848 ], [ -2.862718957784027, 56.462578748416455 ], [ -2.862721401855394, 56.462579180663418 ], [ -2.862723044822901, 56.46258006768776 ], [ -2.862723876496619, 56.462580960344717 ], [ -2.862725519464263, 56.462581847369023 ], [ -2.86272635113808, 56.462582740025958 ], [ -2.862731300421713, 56.462586299388292 ], [ -2.862734586357907, 56.462588073436677 ], [ -2.862737061000355, 56.46258985311772 ], [ -2.862740346937136, 56.462591627165956 ], [ -2.862744444168366, 56.462593395581351 ], [ -2.862751016043569, 56.462596943677362 ], [ -2.862755103085571, 56.462598262947601 ], [ -2.862761654581851, 56.462600912753473 ], [ -2.862773915711153, 56.462604870562771 ], [ -2.862777992564234, 56.462605740687486 ], [ -2.862782079608151, 56.462607059956852 ], [ -2.862790233315359, 56.462608800205615 ], [ -2.862795121463725, 56.4626096646967 ], [ -2.86279919831782, 56.462610534820712 ], [ -2.862815475162939, 56.462612667881096 ], [ -2.862817107943088, 56.462613105759416 ], [ -2.862820353121279, 56.462613083226408 ], [ -2.862821985901504, 56.462613521104664 ], [ -2.862823598299466, 56.462613060693322 ], [ -2.862826032183102, 56.462613043793461 ], [ -2.862830869376655, 56.462611662559233 ], [ -2.862834063598331, 56.462609394301971 ], [ -2.862836436333902, 56.462606682533213 ], [ -2.862836354803493, 56.462603089374966 ], [ -2.862835512935299, 56.462601747573999 ], [ -2.862828859521579, 56.462594606324217 ], [ -2.862816455715118, 56.462584360493359 ], [ -2.862814792363143, 56.46258257518069 ], [ -2.862810623792928, 56.462577662754136 ], [ -2.862807286899362, 56.462573642983827 ], [ -2.862808016665482, 56.462570044192368 ], [ -2.862811200694029, 56.462567326790889 ], [ -2.862816048073255, 56.462566394702016 ], [ -2.862819283056297, 56.462565923024258 ], [ -2.86282496211093, 56.462565883591346 ], [ -2.862832284135051, 56.462566731181077 ], [ -2.86283879486595, 56.462567584403743 ], [ -2.862849392639317, 56.462569756893231 ], [ -2.862861633384381, 56.462572816404332 ], [ -2.862865710235966, 56.46257368652617 ], [ -2.862911417870769, 56.462585497947558 ], [ -2.862975188058608, 56.462606617439597 ], [ -2.863072568007306, 56.462642776793963 ], [ -2.863105356233133, 56.462657373170352 ], [ -2.863141338692651, 56.462669701272901 ], [ -2.86314298167412, 56.462670588291672 ], [ -2.863143813359918, 56.462671480945815 ], [ -2.863146267637293, 56.46267236232918 ], [ -2.863150354701471, 56.462673681586416 ], [ -2.863153620274959, 56.462674557334211 ], [ -2.863157686949229, 56.462674978301706 ], [ -2.863162544528896, 56.462674495344068 ], [ -2.863164978416328, 56.462674478437556 ], [ -2.863166590812636, 56.462674018021758 ], [ -2.863169014504695, 56.462673551970418 ], [ -2.863170616705555, 56.462672642409828 ], [ -2.863172229101715, 56.46267218199398 ], [ -2.863173831302436, 56.46267127243334 ], [ -2.863174622207363, 56.46267036850827 ], [ -2.863177005117345, 56.462668105877761 ], [ -2.863178586926872, 56.462666298027564 ], [ -2.863178484972368, 56.462661806580059 ], [ -2.86316589753223, 56.462643476178641 ], [ -2.863153483421829, 56.462632781236721 ], [ -2.863114863216888, 56.462611487148052 ], [ -2.863083687421929, 56.462596430359383 ], [ -2.863041071988767, 56.462577859291123 ], [ -2.863001824090741, 56.462564655407711 ], [ -2.862955203232903, 56.462548358205957 ], [ -2.862950274318337, 56.462545697142062 ], [ -2.862948641539602, 56.462545259265497 ], [ -2.862947809861318, 56.462544366610047 ], [ -2.862946177082671, 56.462543928733446 ], [ -2.862945345404475, 56.462543036077975 ], [ -2.862944503533738, 56.462541694277725 ], [ -2.862945233285993, 56.462538095485435 ], [ -2.86294681510134, 56.462536287638159 ], [ -2.862948427494407, 56.462535827225196 ], [ -2.862949218401974, 56.46253492330154 ], [ -2.862950830794953, 56.462534462888556 ], [ -2.862953254480687, 56.462533996841401 ], [ -2.862974256356848, 56.462529808049226 ], [ -2.862982369283829, 56.462529751706278 ], [ -2.86298643594039, 56.462530172679386 ], [ -2.862990492403912, 56.462530144507575 ], [ -2.862994559060605, 56.462530565480414 ], [ -2.862997814424668, 56.46253099208753 ], [ -2.863001881081534, 56.462531413060141 ], [ -2.863005957931808, 56.462532283177374 ], [ -2.863008402003394, 56.462532715418696 ], [ -2.863012468660565, 56.462533136390938 ], [ -2.863016545511272, 56.46253400650783 ], [ -2.863019811069369, 56.462534882259149 ], [ -2.863027964771695, 56.462536622492308 ], [ -2.863031230330286, 56.462537498243329 ], [ -2.863034506082695, 56.462538823139042 ], [ -2.863038593128248, 56.462540142399973 ], [ -2.863041858687397, 56.462541018150716 ], [ -2.863045134440493, 56.462542343046138 ], [ -2.863047598900835, 56.462543673576235 ], [ -2.863089341838554, 56.462559555408774 ], [ -2.86311478757602, 56.462572405918699 ], [ -2.863143468311527, 56.462584784737217 ], [ -2.863185466223812, 56.462611895156329 ], [ -2.863230831730247, 56.462644372754411 ], [ -2.863232495104901, 56.462646158061496 ], [ -2.86323412789137, 56.462646595934324 ], [ -2.863235770874013, 56.462647482951873 ], [ -2.863239036447184, 56.462648358697436 ], [ -2.863241480529061, 56.462648790934168 ], [ -2.863246348300458, 56.462648757117996 ], [ -2.863248771989862, 56.462648291065086 ], [ -2.863250384383993, 56.462647830648216 ], [ -2.863255190977043, 56.462645101963211 ], [ -2.863256772781798, 56.462643294112013 ], [ -2.863256742192641, 56.462641946677763 ], [ -2.86325752289854, 56.462640593607425 ], [ -2.863250747041395, 56.462628062643255 ], [ -2.863239802558431, 56.462610619266556 ], [ -2.863230633614608, 56.462599901788231 ], [ -2.863206637078416, 56.462579404569681 ], [ -2.863170348825617, 56.462553602143167 ], [ -2.863142397838533, 56.462537624537354 ], [ -2.863106252394323, 56.462518110118687 ], [ -2.863089052144494, 56.462511042138992 ], [ -2.863080046375929, 56.462507510965715 ], [ -2.863078383014819, 56.462505725656555 ], [ -2.863078311655562, 56.462502581643164 ], [ -2.863079092365082, 56.462501228573899 ], [ -2.863082296756392, 56.462499409454971 ], [ -2.863083909146175, 56.462498949040231 ], [ -2.863085511341654, 56.462498039480721 ], [ -2.863088756509585, 56.462498016940692 ], [ -2.863097670526963, 56.462497505810418 ], [ -2.86310578344664, 56.462497449459399 ], [ -2.863110661393, 56.462497864793299 ], [ -2.863118825286055, 56.462500054165268 ], [ -2.863138459412909, 56.462507105234863 ], [ -2.863180222738763, 56.462523885326448 ], [ -2.863208903458346, 56.46253626412993 ], [ -2.863226996603297, 56.462546919615136 ], [ -2.863266570848817, 56.462574496059474 ], [ -2.863296460606817, 56.462604385851705 ], [ -2.863314696569012, 56.462621329350483 ], [ -2.86331820687258, 56.462632984567804 ], [ -2.863324860386808, 56.462640125791381 ], [ -2.863334019170374, 56.462650394117944 ], [ -2.863338147028205, 56.46265350994797 ], [ -2.863338988915666, 56.46265485174554 ], [ -2.863339820605793, 56.462655744398361 ], [ -2.863340662493365, 56.462657086195932 ], [ -2.863342305478997, 56.462657973212075 ], [ -2.863343137169275, 56.462658865864881 ], [ -2.86334476995759, 56.462659303736253 ], [ -2.86334723443636, 56.462660634260381 ], [ -2.86335214299934, 56.462662397019017 ], [ -2.863357031167577, 56.462663261487975 ], [ -2.863358663956247, 56.462663699359176 ], [ -2.863371634486961, 56.462663160025294 ], [ -2.8633732468802, 56.462662699606824 ], [ -2.863375670568896, 56.462662233551434 ], [ -2.863377282962043, 56.462661773132915 ], [ -2.863378885157286, 56.462660863569631 ], [ -2.863380497550335, 56.462660403151069 ], [ -2.863382900842963, 56.462659038806073 ], [ -2.863386084836957, 56.462656321389872 ], [ -2.863386865538444, 56.462654968318702 ], [ -2.863388457535182, 56.462653609610562 ], [ -2.863388426941249, 56.462652262176348 ], [ -2.863389217840553, 56.462651358249907 ], [ -2.863389166850625, 56.462649112526236 ], [ -2.863378972404364, 56.462628968656396 ], [ -2.863365665361802, 56.462614686214636 ], [ -2.863356486183262, 56.46260351960084 ], [ -2.863354843199711, 56.46260263258489 ], [ -2.863353179821172, 56.462600847279418 ], [ -2.863353858547319, 56.462595002761027 ], [ -2.863355440345166, 56.462593194908528 ], [ -2.863357042538011, 56.462592285345522 ], [ -2.863357833436819, 56.462591381419273 ], [ -2.86335944582713, 56.462590921000981 ], [ -2.863361869511339, 56.462590454945854 ], [ -2.86336348190156, 56.462589994527505 ], [ -2.863371594840809, 56.46258993815912 ], [ -2.863374860412081, 56.462590813901109 ], [ -2.863390376976692, 56.462595198246731 ], [ -2.863408388616506, 56.462602260547548 ], [ -2.863424838864867, 56.462612028988602 ], [ -2.863447121164176, 56.462628495137103 ], [ -2.863466979796836, 56.462645427338785 ], [ -2.863489302931621, 56.462663690058584 ], [ -2.863501625354366, 56.462670342664381 ], [ -2.863504890935729, 56.462671218402946 ], [ -2.863509748510268, 56.462670735431729 ], [ -2.863512973293908, 56.46266981459118 ], [ -2.863514575486162, 56.462668905026128 ], [ -2.863516157279291, 56.462667097171639 ], [ -2.863510810131334, 56.462646021196235 ], [ -2.86350018724906, 56.462607013257674 ], [ -2.863498906787419, 56.462586358237729 ], [ -2.863496978221986, 56.462572895171114 ], [ -2.863489309410418, 56.462556776699607 ], [ -2.863485778662542, 56.46254422319749 ], [ -2.863486993283439, 56.462526246132796 ], [ -2.863486962686089, 56.462524898698575 ], [ -2.863488544474513, 56.462523090844378 ], [ -2.863490136461937, 56.462521732134888 ], [ -2.863493351034008, 56.462520362150073 ], [ -2.863494953220349, 56.462519452585262 ], [ -2.863496565605841, 56.46251899216518 ], [ -2.863500611868314, 56.46251851483197 ], [ -2.863503867236988, 56.462518941425827 ], [ -2.863507112406379, 56.462518918874864 ], [ -2.863510377974557, 56.462519794613286 ], [ -2.863512020958118, 56.462520681627218 ], [ -2.863513653742324, 56.462521119496358 ], [ -2.863515296726022, 56.462522006510248 ], [ -2.863516128417367, 56.462522899161911 ], [ -2.863528542594621, 56.462533594067786 ], [ -2.863538584098823, 56.462547000754704 ], [ -2.863545492635516, 56.462565370584862 ], [ -2.863559927223268, 56.462593570855965 ], [ -2.863561075118461, 56.462608386993843 ], [ -2.863583290804184, 56.462657646320913 ], [ -2.86358923508209, 56.462669284615799 ], [ -2.863590878074152, 56.462670171628645 ], [ -2.863591709770646, 56.462671064279782 ], [ -2.863593342562388, 56.462671502147884 ], [ -2.863594174258973, 56.462672394799014 ], [ -2.863595817251288, 56.46267328181181 ], [ -2.863597450043174, 56.462673719679856 ], [ -2.863598281739908, 56.46267461233095 ], [ -2.863609711284528, 56.462677677406631 ], [ -2.863613777964146, 56.462678098359191 ], [ -2.863617033348054, 56.462678524950086 ], [ -2.863618666140419, 56.462678962817854 ], [ -2.86362840169011, 56.462678895155747 ], [ -2.863630014080819, 56.462678434733945 ], [ -2.863632447968204, 56.46267841781826 ], [ -2.863635682950411, 56.462677946119229 ], [ -2.863645357293278, 56.462675183587493 ], [ -2.863646959482513, 56.462674274020756 ], [ -2.86364857187279, 56.462673813598698 ], [ -2.863652577345385, 56.4626715396817 ], [ -2.863654189735474, 56.462671079259565 ], [ -2.8636557715219, 56.462669271403279 ], [ -2.863657373710624, 56.4626683618364 ], [ -2.863658164603721, 56.462667457908239 ], [ -2.86366602252595, 56.462656172902747 ], [ -2.863673130356838, 56.462647588403868 ], [ -2.863673911047697, 56.462646235330887 ], [ -2.863676314328609, 56.462644870980199 ], [ -2.86367792671725, 56.462644410557758 ], [ -2.863683615984085, 56.462644820230288 ], [ -2.863686060070801, 56.46264525245828 ], [ -2.86368770306409, 56.462646139469854 ], [ -2.863702561419569, 56.462657266586085 ], [ -2.863707531209755, 56.462661724198952 ], [ -2.863715929817964, 56.462674243859986 ], [ -2.863724369240025, 56.462688560099288 ], [ -2.863739390859126, 56.462706873526372 ], [ -2.863740232762241, 56.462708215321221 ], [ -2.863742727865135, 56.462710893271613 ], [ -2.863744370862676, 56.46271178028244 ], [ -2.863747646655661, 56.462713105159324 ], [ -2.863750100949961, 56.462713986530737 ], [ -2.863751733745431, 56.462714424396758 ], [ -2.863754167635089, 56.4627144074787 ], [ -2.863755800430625, 56.462714845344671 ], [ -2.863759856913428, 56.462714817147742 ], [ -2.863763091897145, 56.462714345445391 ], [ -2.863765515584241, 56.462713879382406 ], [ -2.863767127974748, 56.462713418958828 ], [ -2.863771143646917, 56.462711594182714 ], [ -2.863771934538153, 56.462710690253829 ], [ -2.863774317414285, 56.462708427611844 ], [ -2.863776690087447, 56.462705715825123 ], [ -2.863777460573046, 56.462703913606802 ], [ -2.863778251463967, 56.462703009677881 ], [ -2.863778220855874, 56.462701662243767 ], [ -2.863779011746728, 56.462700758314831 ], [ -2.863778909719676, 56.462696266867795 ], [ -2.863778057612751, 56.462694475928508 ], [ -2.863777225911273, 56.4626935832786 ], [ -2.863771128531692, 56.462675207822166 ], [ -2.863755953873778, 56.46265015722819 ], [ -2.863740993483027, 56.462634538671232 ], [ -2.863723609423442, 56.462619386174644 ], [ -2.863685269722456, 56.462574731098812 ], [ -2.86368360632938, 56.46257294579776 ], [ -2.863682744028416, 56.462570705713055 ], [ -2.863683514515836, 56.462568903495281 ], [ -2.863683483911326, 56.46256755606111 ], [ -2.863685065691977, 56.462565748204426 ], [ -2.863686667875553, 56.462564838637135 ], [ -2.863689892645627, 56.462563917791954 ], [ -2.863692316323881, 56.462563451730389 ], [ -2.863693928708808, 56.462562991307742 ], [ -2.863706098107775, 56.462562906722574 ], [ -2.863708542189362, 56.462563338950119 ], [ -2.863711797564287, 56.462563765538526 ], [ -2.863715884636357, 56.462565084777168 ], [ -2.863718338920123, 56.462565966149242 ], [ -2.863719971708717, 56.462566404015689 ], [ -2.863720803405956, 56.462567296665981 ], [ -2.863732324746362, 56.462574404032864 ], [ -2.863752050848765, 56.462585497307863 ], [ -2.86378254824426, 56.462606398449665 ], [ -2.863809780089361, 56.462626423853479 ], [ -2.863833026911882, 56.462649621463626 ], [ -2.863854600154176, 56.462670584625933 ], [ -2.863875229474587, 56.462685714543504 ], [ -2.863897481404236, 56.462700833177053 ], [ -2.863898323312899, 56.462702174970836 ], [ -2.863899966313739, 56.46270306197961 ], [ -2.863900798018365, 56.46270395462868 ], [ -2.86390732920572, 56.462705706084698 ], [ -2.86391058459533, 56.462706132667911 ], [ -2.863912217392321, 56.462706570531815 ], [ -2.863917074966025, 56.46270608754466 ], [ -2.863920309946952, 56.46270561583821 ], [ -2.863925147111482, 56.46270423456135 ], [ -2.863928351478618, 56.462702415420623 ], [ -2.863930724140154, 56.462699703630939 ], [ -2.863931494618168, 56.462697901411651 ], [ -2.863931464004535, 56.462696553977572 ], [ -2.863926126821786, 56.462675927164703 ], [ -2.863915039148147, 56.46265219582169 ], [ -2.863893282209657, 56.462623148065227 ], [ -2.863885858111264, 56.462617809091071 ], [ -2.863868463797064, 56.462602207469985 ], [ -2.863847691677116, 56.462580789525219 ], [ -2.863834455895941, 56.462569651146431 ], [ -2.863834394676002, 56.462566956278188 ], [ -2.863840782988581, 56.462562419711823 ], [ -2.863842385168192, 56.462561510142535 ], [ -2.863845620137543, 56.462561038438018 ], [ -2.863848865310306, 56.462561015878123 ], [ -2.863856197559753, 56.462562312552173 ], [ -2.86386682600124, 56.462565832388968 ], [ -2.863871734576072, 56.462567595127105 ], [ -2.863879117846913, 56.462571137523327 ], [ -2.863886490915204, 56.462574230774415 ], [ -2.863893874188762, 56.462577773169762 ], [ -2.863914411634609, 56.462588860778723 ], [ -2.86392099382424, 56.462592857957553 ], [ -2.86392676472133, 56.462596860776543 ], [ -2.863933346913702, 56.462600857954733 ], [ -2.863939128017962, 56.462605309917841 ], [ -2.863944898918935, 56.462609312735978 ], [ -2.863950680025895, 56.462613764698546 ], [ -2.863960619654948, 56.4626226799043 ], [ -2.863965599676193, 56.462627586651571 ], [ -2.863969747994071, 56.462631600750036 ], [ -2.863974728017721, 56.462636507496931 ], [ -2.863978896747772, 56.462641419884456 ], [ -2.863982254183907, 56.462646337912709 ], [ -2.863986422916062, 56.462651250299977 ], [ -2.863993137793009, 56.462661086355943 ], [ -2.863995683937375, 56.462666010024741 ], [ -2.863998240287758, 56.462671382838181 ], [ -2.864000786433516, 56.462676306506843 ], [ -2.864007521729743, 56.462687040851385 ], [ -2.864016680712709, 56.462697309127655 ], [ -2.864018354332913, 56.462699543568917 ], [ -2.864030799330523, 56.462711585858465 ], [ -2.864035738549753, 56.462714696024129 ], [ -2.864056265907452, 56.462725334464757 ], [ -2.864065302439268, 56.462730213001223 ], [ -2.864071042754507, 56.462732868379398 ], [ -2.864075971773621, 56.46273552939877 ], [ -2.864081712090438, 56.462738184776462 ], [ -2.864088253498677, 56.462740385367653 ], [ -2.864095595998238, 56.462742131172241 ], [ -2.864111903593723, 56.462745611496715 ], [ -2.864152539901675, 56.462748473417804 ], [ -2.864159040486637, 56.462748877426577 ], [ -2.864185854125111, 56.462750487816116 ], [ -2.86421268818176, 56.462752996489179 ], [ -2.864225699562759, 56.462754253644768 ], [ -2.864244410442697, 56.46275636959048 ], [ -2.864280250449083, 56.462762409337721 ], [ -2.864285960157999, 56.462763717271976 ], [ -2.864294925266416, 56.462765451779092 ], [ -2.864303900584727, 56.462767635430218 ], [ -2.864312064606446, 56.462769824723701 ], [ -2.864320238838384, 56.462772463161301 ], [ -2.864327611983078, 56.462775556386163 ], [ -2.86433992438246, 56.462781759764106 ], [ -2.864352226576287, 56.462787513996169 ], [ -2.864356323905172, 56.462789282358379 ], [ -2.864369416982461, 56.462794132656136 ], [ -2.86438332136141, 56.462798977309042 ], [ -2.864398016621906, 56.462802918027535 ], [ -2.864407002165559, 56.462805550815844 ], [ -2.864436351857088, 56.462811635666867 ], [ -2.864451827794148, 56.462814223301208 ], [ -2.864467293522287, 56.462816361788995 ], [ -2.864498184138132, 56.462818842180191 ], [ -2.864587539327126, 56.462823161874525 ], [ -2.864597295337239, 56.462823992425726 ], [ -2.864733736523911, 56.462829332037288 ], [ -2.864765397607882, 56.462830010137758 ], [ -2.864903379706187, 56.462831745113988 ], [ -2.865066430334269, 56.462829711696543 ], [ -2.865102918341595, 56.462828559244819 ], [ -2.865313641359022, 56.462817658503781 ], [ -2.865603748772674, 56.462800813853598 ], [ -2.865878471946816, 56.462785423371464 ], [ -2.866204265685646, 56.462767879425002 ], [ -2.866371927878501, 56.462754581747262 ], [ -2.866660956826656, 56.462726062524808 ], [ -2.866669049313249, 56.462725107651956 ], [ -2.866711935389942, 56.462719867159336 ], [ -2.866753999919927, 56.462714183166355 ], [ -2.86681706597253, 56.46270430971672 ], [ -2.866858288453496, 56.462697283914316 ], [ -2.867103096941428, 56.462651103495674 ], [ -2.867113592554682, 56.462648784176686 ], [ -2.867174163055251, 56.462636232662561 ], [ -2.867233901732227, 56.462622788492027 ], [ -2.867292808582236, 56.462608451666291 ], [ -2.867350893847764, 56.462593671330964 ], [ -2.867361379183356, 56.462590902846529 ], [ -2.867419443900916, 56.462575224190161 ], [ -2.867476687029757, 56.462559102025814 ], [ -2.867533098320998, 56.462542087210196 ], [ -2.867777967918954, 56.462463112249971 ], [ -2.868033301193507, 56.462380469974896 ], [ -2.86829375843466, 56.462309021838259 ], [ -2.868590785239211, 56.462240012919032 ], [ -2.868613398778669, 56.462235362697932 ], [ -2.86865135500857, 56.462227460715219 ], [ -2.868727308469266, 56.462213453292513 ], [ -2.868765305703626, 56.462207347852484 ], [ -2.868796032103484, 56.462202640881095 ], [ -2.868834861132596, 56.462197428036632 ], [ -2.868874501440859, 56.462192209507656 ], [ -2.868913350976958, 56.462187894927368 ], [ -2.868953011793833, 56.462183574662035 ], [ -2.869280793412855, 56.462146692587893 ], [ -2.869293732959199, 56.462144805209263 ], [ -2.869326882838921, 56.46213963193722 ], [ -2.869360843998116, 56.462134452980763 ], [ -2.869394825687903, 56.462130172303588 ], [ -2.869462809585804, 56.462122509209891 ], [ -2.869497623083724, 56.462119121116913 ], [ -2.869531645830359, 56.462116636979388 ], [ -2.869566479860551, 56.462114147155631 ], [ -2.869601324158477, 56.462112106466343 ], [ -2.869636178725371, 56.462110514911529 ], [ -2.869705928944606, 56.462109128349475 ], [ -2.869794359329454, 56.462108509434742 ], [ -2.869895955282475, 56.462115884188151 ], [ -2.869927626345059, 56.462117010132957 ], [ -2.86993087149734, 56.462116987415797 ], [ -2.869976334459218, 56.462118016799323 ], [ -2.870003096688624, 56.462117380225592 ], [ -2.870029057906472, 56.462117198470231 ], [ -2.870037992352578, 56.462117585134749 ], [ -2.870052605815313, 56.46211793203809 ], [ -2.870067229556184, 56.46211872808388 ], [ -2.870082674863811, 56.462119967591839 ], [ -2.870095696586276, 56.462121673283178 ], [ -2.8701307258767, 56.462127717040431 ], [ -2.870148666727912, 56.462131634363288 ], [ -2.870168219880538, 56.462135091177686 ], [ -2.870204039924141, 56.462140230944954 ], [ -2.8702146175136, 56.462141504522847 ], [ -2.870237405551682, 56.462144489457494 ], [ -2.870282221751921, 56.46215271071646 ], [ -2.870287110045437, 56.462153574915064 ], [ -2.87030503036331, 56.462156593926913 ], [ -2.870322139395107, 56.46215961861801 ], [ -2.870339238148488, 56.462162194162623 ], [ -2.870356306060213, 56.462163422272454 ], [ -2.870385563871157, 56.462165463434687 ], [ -2.87039530962097, 56.462165844391144 ], [ -2.870424536589409, 56.462166538111788 ], [ -2.870453753276379, 56.462166782681443 ], [ -2.870461855883984, 56.462166276709858 ], [ -2.870482138109034, 56.462166134638878 ], [ -2.87050324190594, 56.462166436025669 ], [ -2.870524355986444, 56.462167186552982 ], [ -2.870526789853477, 56.462167169503417 ], [ -2.87053247915994, 56.462167578865007 ], [ -2.870538979755548, 56.462167982543072 ], [ -2.870550358369088, 56.462168801264895 ], [ -2.870557690821519, 56.462170097546831 ], [ -2.870561767834332, 56.46217096741799 ], [ -2.870566666420231, 56.462172280749641 ], [ -2.870574841014708, 56.462174918779425 ], [ -2.870578938596316, 56.462176686938193 ], [ -2.870583857751549, 56.46217889855739 ], [ -2.870585511182121, 56.462180234622537 ], [ -2.870589619048871, 56.462182451925059 ], [ -2.870592925910843, 56.462185124055189 ], [ -2.870595452336285, 56.462189149301153 ], [ -2.870595514041168, 56.462191844165758 ], [ -2.870594764456483, 56.462194544713988 ], [ -2.870592382008304, 56.462196807485405 ], [ -2.870590009843931, 56.462199519400862 ], [ -2.87058762739516, 56.462201782172173 ], [ -2.870586846957574, 56.462203135288064 ], [ -2.870579637905372, 56.462207228737071 ], [ -2.870572418567738, 56.462210873041592 ], [ -2.870563556081138, 56.462213630424365 ], [ -2.870555515166988, 56.46221683126722 ], [ -2.870543417800817, 56.462220060526199 ], [ -2.870526462974691, 56.462223773027397 ], [ -2.870510319435537, 56.462227479843186 ], [ -2.870502257947837, 56.462229782394417 ], [ -2.870487757550404, 56.462234376129423 ], [ -2.870473277714909, 56.462239868150967 ], [ -2.870468471667484, 56.462242597112677 ], [ -2.870464456344815, 56.462244422103154 ], [ -2.870454043238575, 56.462250334852563 ], [ -2.870449278318237, 56.462254860389969 ], [ -2.870446906140065, 56.462257572302718 ], [ -2.870445345252569, 56.46226027853276 ], [ -2.870444616220713, 56.462263877368343 ], [ -2.870443897471113, 56.462267925348023 ], [ -2.870445684572031, 56.46227510028848 ], [ -2.870446588405173, 56.462279136902822 ], [ -2.87044661925245, 56.46228048433516 ], [ -2.870448324094903, 56.462284066122677 ], [ -2.870453356364124, 56.462291218332176 ], [ -2.870456673508644, 56.46229433960999 ], [ -2.870460000936299, 56.462297910031829 ], [ -2.870461654367751, 56.462299246098617 ], [ -2.870465772522899, 56.462301912549265 ], [ -2.870469900961334, 56.462305028143909 ], [ -2.870474830409703, 56.46230768891143 ], [ -2.870480560867994, 56.462309894851735 ], [ -2.870485480034841, 56.46231210647472 ], [ -2.870545321374181, 56.462338640251744 ], [ -2.870659201826702, 56.462386357777689 ], [ -2.870677985002999, 56.462391616771292 ], [ -2.870738679039118, 56.462419941345757 ], [ -2.870993368312177, 56.462521925447753 ], [ -2.870995011483094, 56.462522812363225 ], [ -2.870999109121683, 56.462524580507811 ], [ -2.871004018057213, 56.462526342965901 ], [ -2.871014626647821, 56.462528963907062 ], [ -2.871024403364537, 56.462530692245757 ], [ -2.871034970799888, 56.46253151660909 ], [ -2.871041471462742, 56.462531920260552 ], [ -2.87105851898254, 56.462532249984953 ], [ -2.87107961269601, 56.462532102128868 ], [ -2.871090149262556, 56.462531579055472 ], [ -2.871101497125444, 56.462531050294189 ], [ -2.871112033691379, 56.462530527218945 ], [ -2.871124172269212, 56.462529094480544 ], [ -2.871129019467628, 56.462528162069631 ], [ -2.871133065659873, 56.46252768448975 ], [ -2.871137923148565, 56.462527201222507 ], [ -2.871142770346399, 56.462526268811082 ], [ -2.871146806247484, 56.462525342086728 ], [ -2.871154857467311, 56.462522590349664 ], [ -2.871157270774851, 56.46252167499965 ], [ -2.871159673791343, 56.462520310505568 ], [ -2.871162087098623, 56.462519395155461 ], [ -2.871166893130802, 56.462516666167097 ], [ -2.871168484850343, 56.462515307360256 ], [ -2.871171647706946, 56.462511691458531 ], [ -2.871172386965619, 56.462508541763086 ], [ -2.871171483049885, 56.462504505154527 ], [ -2.871169767838374, 56.462500474233394 ], [ -2.871168042336208, 56.462495994168236 ], [ -2.871161346150351, 56.462487056787324 ], [ -2.871148929735987, 56.462476362641198 ], [ -2.871135722614629, 56.462466572468983 ], [ -2.871129920061101, 56.46246122255117 ], [ -2.871118376701451, 56.462453217578741 ], [ -2.871106022051851, 56.462445218292238 ], [ -2.871093677697568, 56.462437668148482 ], [ -2.871046118418871, 56.462415989924125 ], [ -2.87100432056291, 56.46239786502926 ], [ -2.870927153586006, 56.462358874845918 ], [ -2.87092386726162, 56.462357101013019 ], [ -2.87092218294728, 56.462354417520359 ], [ -2.870921351078254, 56.462353524918058 ], [ -2.870920508921223, 56.46235218317171 ], [ -2.870920436904921, 56.462349039163414 ], [ -2.870921997762163, 56.462346332927559 ], [ -2.870922767902632, 56.462344530665582 ], [ -2.870923558619182, 56.462343626691684 ], [ -2.870925150340266, 56.462342267887948 ], [ -2.870926752349351, 56.462341358228208 ], [ -2.870928344070225, 56.462339999424408 ], [ -2.870930757371725, 56.462339084078792 ], [ -2.870954048222644, 56.462328588873902 ], [ -2.8709564615228, 56.462327673527788 ], [ -2.870958885111327, 56.462327207325664 ], [ -2.870962119992111, 56.462326735437443 ], [ -2.870964543580508, 56.462326269235206 ], [ -2.870971033918952, 56.462326223746459 ], [ -2.870988163656772, 56.462330146633242 ], [ -2.871011814605149, 56.462335371458863 ], [ -2.87104037447337, 56.462342358736741 ], [ -2.871069786804013, 56.46235113689734 ], [ -2.871112293029457, 56.462364764643169 ], [ -2.871203970874465, 56.462399610037792 ], [ -2.871263720220135, 56.462422101169516 ], [ -2.871306257471699, 56.462437076280125 ], [ -2.871315253761357, 56.462440157716259 ], [ -2.871331623755459, 56.462446331963498 ], [ -2.871348784463502, 56.462451602232001 ], [ -2.871361847528096, 56.46245510436566 ], [ -2.871390407549789, 56.462462091562251 ], [ -2.871396928791777, 56.46246339348307 ], [ -2.871406715802499, 56.462465570935649 ], [ -2.87142791241782, 56.462469914460243 ], [ -2.871430346303621, 56.462469897392886 ], [ -2.871449879155956, 56.462472455716075 ], [ -2.871456379812897, 56.462472859345816 ], [ -2.871462870175484, 56.462472813831262 ], [ -2.871470171833372, 56.462472762626973 ], [ -2.871496862219638, 56.462468981722594 ], [ -2.871498474515196, 56.462468521199497 ], [ -2.871500898105928, 56.4624680549868 ], [ -2.871513837648939, 56.462466167376867 ], [ -2.871517082829615, 56.462466144618126 ], [ -2.871521149600627, 56.462466565313541 ], [ -2.871523593781358, 56.462466997388326 ], [ -2.871530073847551, 56.462466502726294 ], [ -2.871532497437761, 56.462466036512978 ], [ -2.871533277846973, 56.462464683391318 ], [ -2.871534890141905, 56.462464222867744 ], [ -2.871537303436547, 56.462463307510383 ], [ -2.871543773206486, 56.4624623637037 ], [ -2.871546997795857, 56.46246144265627 ], [ -2.871550232680587, 56.462460970752716 ], [ -2.871553477860789, 56.462460947993023 ], [ -2.871557524040434, 56.462460470399357 ], [ -2.871559968221178, 56.46246090247341 ], [ -2.871564024696411, 56.462460874023463 ], [ -2.871566468877255, 56.462461306097396 ], [ -2.87156810176309, 56.462461743861304 ], [ -2.871570545944035, 56.462462175935151 ], [ -2.871573021012388, 56.462463955440789 ], [ -2.87157548578516, 56.462465285802445 ], [ -2.871577149558771, 56.462467070998073 ], [ -2.871578823628397, 56.462469305337642 ], [ -2.87157978936163, 56.462476036806777 ], [ -2.871581432544139, 56.462476923714448 ], [ -2.871583065430816, 56.46247736147815 ], [ -2.871587121907779, 56.462477333027465 ], [ -2.871590356793349, 56.462476861122852 ], [ -2.871593581382805, 56.462475940074228 ], [ -2.871596004972825, 56.462475473859662 ], [ -2.871597617267445, 56.462475013335286 ], [ -2.871600862448802, 56.46247499057435 ], [ -2.871604097334, 56.462474518669396 ], [ -2.87160573022083, 56.4624749564328 ], [ -2.871608184699249, 56.462475837649848 ], [ -2.871609838178631, 56.462477173701089 ], [ -2.871610680362719, 56.462478515442626 ], [ -2.871612344138561, 56.462480300637765 ], [ -2.871613186322806, 56.462481642379274 ], [ -2.871613227507872, 56.462483438955061 ], [ -2.871611810841856, 56.462492433214564 ], [ -2.871611903508151, 56.462496475510044 ], [ -2.871612745692745, 56.46249781725156 ], [ -2.871613608469954, 56.462500057280948 ], [ -2.871615272246885, 56.462501842476058 ], [ -2.871616925727653, 56.462503178527193 ], [ -2.871617757616244, 56.462504071124719 ], [ -2.871621844985146, 56.462505390104695 ], [ -2.871627524057014, 56.462505350271883 ], [ -2.871629167241901, 56.462506237178914 ], [ -2.871630009427321, 56.462507578920302 ], [ -2.871629280503022, 56.462511177762259 ], [ -2.87162851039275, 56.462512980028443 ], [ -2.871626127986475, 56.462515242819393 ], [ -2.871622923987283, 56.462517062156756 ], [ -2.871617306691632, 56.462519796853009 ], [ -2.871607663802071, 56.462523907432356 ], [ -2.871604459801266, 56.46252572676925 ], [ -2.871600444503698, 56.462527551796285 ], [ -2.871594036500479, 56.462531190469612 ], [ -2.871590842794433, 56.462533458950105 ], [ -2.871590052089872, 56.462534362928174 ], [ -2.871585287269804, 56.462538888508568 ], [ -2.871583726452039, 56.462541594752523 ], [ -2.871582976930873, 56.462544295306309 ], [ -2.871533069786395, 56.462597203616021 ], [ -2.871529896661859, 56.462600370382837 ], [ -2.871518837050256, 56.462613475213836 ], [ -2.87150941032335, 56.462627017808501 ], [ -2.87150861961493, 56.462627921786051 ], [ -2.871507056729104, 56.462630538200237 ], [ -2.871496132994273, 56.462649571729315 ], [ -2.871491584341593, 56.462663529329028 ], [ -2.871487066570188, 56.462678834360396 ], [ -2.871484212574586, 56.462695924588353 ], [ -2.871482898818824, 56.46270941028569 ], [ -2.871482396362825, 56.462722890293506 ], [ -2.871483516508385, 56.462736358922292 ], [ -2.871485386186833, 56.462747126997883 ], [ -2.871488929943689, 56.462760129414079 ], [ -2.871493285004724, 56.46277312614054 ], [ -2.871498451370766, 56.462786117177231 ], [ -2.871503525084521, 56.462795065918257 ], [ -2.871510272881304, 56.462806248999364 ], [ -2.871517831984734, 56.462817426390345 ], [ -2.871526192100148, 56.462828148947118 ], [ -2.871536174826507, 56.462838860123576 ], [ -2.871546958566213, 56.462849116465357 ], [ -2.871554414731838, 56.462855802414694 ], [ -2.871575879276777, 56.46287182365478 ], [ -2.871599767455958, 56.462887378676321 ], [ -2.87161952705688, 56.462899818137842 ], [ -2.87164500699049, 56.462914014337912 ], [ -2.871666007044402, 56.462923929481072 ], [ -2.871663188885012, 56.462921343794797 ], [ -2.871666467054966, 56.462922758292493 ], [ -2.871672702992489, 56.462925769221485 ], [ -2.871678618527885, 56.462928962084042 ], [ -2.871682237696683, 56.462931092935236 ], [ -2.871685532343853, 56.46293322606266 ], [ -2.87168718172704, 56.462934382455131 ], [ -2.8716886688493, 56.462935539985743 ], [ -2.871690158031121, 56.462936787345093 ], [ -2.871691322690964, 56.462938036980816 ], [ -2.87169165339146, 56.4629383041908 ], [ -2.8716928180514, 56.462939553826487 ], [ -2.871693986830375, 56.462940983119708 ], [ -2.871694991288901, 56.462942323722352 ], [ -2.871695835545921, 56.462943755291924 ], [ -2.871696515482452, 56.462945098170898 ], [ -2.871697197478518, 56.462946530878639 ], [ -2.871697881534125, 56.462948053415168 ], [ -2.871698239008126, 56.462949488399275 ], [ -2.871698758743245, 56.462950922245199 ], [ -2.871698956015699, 56.462952448196262 ], [ -2.871699151228679, 56.462953884318551 ], [ -2.871699215072956, 56.462956669010715 ], [ -2.871698925562093, 56.462958198376349 ], [ -2.871698796252845, 56.462959636775004 ], [ -2.871698344480807, 56.462961167278806 ], [ -2.871697436817648, 56.462964048628848 ], [ -2.871696658463708, 56.462965491580235 ], [ -2.871696042370871, 56.462966933393439 ], [ -2.871694157021404, 56.462969641914995 ], [ -2.871691947149303, 56.46297235271286 ], [ -2.871690679951945, 56.462973709249944 ], [ -2.871689410695027, 56.462974975958261 ], [ -2.871687979176824, 56.462976243804732 ], [ -2.871662302014884, 56.462995919892805 ], [ -2.871661694157893, 56.462997721020976 ], [ -2.871660761778245, 56.462999524425385 ], [ -2.871660139505297, 56.463000696752069 ], [ -2.871659203006698, 56.463002320498916 ], [ -2.87165826444862, 56.463003854416975 ], [ -2.871657161569745, 56.463005299644372 ], [ -2.871655898488849, 56.463006835838684 ], [ -2.871653043685285, 56.463009730845954 ], [ -2.871652411114999, 56.463010454028691 ], [ -2.871639512434193, 56.463021918653531 ], [ -2.871588951741437, 56.463066871454529 ], [ -2.871586873229303, 56.463068233680801 ], [ -2.871584792657788, 56.463069506078241 ], [ -2.871580302872673, 56.463071873491529 ], [ -2.871577895718288, 56.463073058336136 ], [ -2.871575486504543, 56.463074153351911 ], [ -2.871570339434976, 56.463076166001827 ], [ -2.871567763840796, 56.463077082497925 ], [ -2.871565023925667, 56.463077910303184 ], [ -2.87156437899748, 56.463078094512795 ], [ -2.871561639082204, 56.463078922317997 ], [ -2.871558897107636, 56.463079660294355 ], [ -2.871555992871312, 56.463080399408646 ], [ -2.871553086575717, 56.463081048694093 ], [ -2.871547269865938, 56.463082167607219 ], [ -2.871544197190123, 56.463082638372882 ], [ -2.871541122455101, 56.463083019309686 ], [ -2.871538045660893, 56.463083310417645 ], [ -2.871534966807524, 56.46308351169673 ], [ -2.871533668714211, 56.46308352080051 ], [ -2.871531074586689, 56.463083628836792 ], [ -2.871525719951746, 56.463083666389629 ], [ -2.87152295944435, 56.463083595906149 ], [ -2.871520361198628, 56.463083524284656 ], [ -2.871517760893842, 56.463083362834332 ], [ -2.871514994209277, 56.463083022864332 ], [ -2.871512552048083, 56.463082680618378 ], [ -2.871509945566217, 56.463082249681527 ], [ -2.871507661548674, 56.463081726639992 ], [ -2.871505866375208, 56.463081290013363 ], [ -2.871504231404392, 56.463080762420013 ], [ -2.871502432112933, 56.463080146135781 ], [ -2.871500797142215, 56.463079618542373 ], [ -2.871499320315126, 56.463078910153463 ], [ -2.871497683285478, 56.463078292731232 ], [ -2.871496206458498, 56.463077584342273 ], [ -2.871494727572554, 56.463076786124518 ], [ -2.871492094324113, 56.463075187413125 ], [ -2.871497997513625, 56.463077841311453 ], [ -2.871499474340647, 56.463078549700391 ], [ -2.871495366323996, 56.463076332428919 ], [ -2.871487129702114, 56.463070999597711 ], [ -2.871483001097081, 56.463067884037962 ], [ -2.87148049510859, 56.46306475709909 ], [ -2.87147799941541, 56.463062079304073 ], [ -2.871474640940485, 56.463057161478872 ], [ -2.871471128044271, 56.463045506494758 ], [ -2.871470193199178, 56.463040122457144 ], [ -2.871469966713748, 56.463030241290852 ], [ -2.87147064418859, 56.463024396730418 ], [ -2.871062027103666, 56.462897887321056 ], [ -2.871070755942256, 56.462889291030677 ], [ -2.87101154958208, 56.462870410393016 ], [ -2.870990638720599, 56.462863742346997 ], [ -2.870955272886433, 56.462852465126474 ], [ -2.870946656407774, 56.462861716476787 ], [ -2.870904536377082, 56.46284654964829 ], [ -2.870886728360518, 56.462841364713597 ], [ -2.870876492713597, 56.462839441924984 ], [ -2.870874859819379, 56.462839004152045 ], [ -2.870871604318713, 56.462838577750112 ], [ -2.870867527227275, 56.462837707889555 ], [ -2.870864261439232, 56.462836832343399 ], [ -2.870856127832192, 56.46283599090971 ], [ -2.870852872331988, 56.462835564507287 ], [ -2.870848815816066, 56.462835592934141 ], [ -2.870844769587476, 56.462836070504899 ], [ -2.870839922342857, 56.462837002904841 ], [ -2.870834274081975, 56.462838390133889 ], [ -2.870829437123959, 56.462839771677451 ], [ -2.870824610452692, 56.462841602364833 ], [ -2.870821396100611, 56.462842972537672 ], [ -2.870819938445698, 56.462843525405191 ], [ -2.87081656942855, 56.462844803224748 ], [ -2.870812564346415, 56.462847077370547 ], [ -2.870809370567287, 56.462849345831124 ], [ -2.870805365484244, 56.462851619976682 ], [ -2.870736679156881, 56.462918652631451 ], [ -2.870735223521833, 56.462920073369318 ], [ -2.870724438781146, 56.462930598599904 ], [ -2.870466455648395, 56.463182371326525 ], [ -2.870460704669284, 56.463188064544624 ], [ -2.870456023294158, 56.463192700003248 ], [ -2.870246667471748, 56.463399983579372 ], [ -2.870243473612694, 56.463402252025496 ], [ -2.870240300314116, 56.463405418759677 ], [ -2.870239802371581, 56.463406282046158 ], [ -2.870239519839913, 56.463406771873281 ], [ -2.870238729085244, 56.463407675842809 ], [ -2.870237137295403, 56.463409034637834 ], [ -2.87023557634657, 56.463411740864984 ], [ -2.870234785591705, 56.463412644834506 ], [ -2.870234816432804, 56.463413992266688 ], [ -2.870234056518948, 56.463416243668355 ], [ -2.870233265763955, 56.463417147637863 ], [ -2.870233481651355, 56.463426579663057 ], [ -2.870235165965429, 56.463429263164606 ], [ -2.87023519680656, 56.463430610596788 ], [ -2.870241225553805, 56.463445841724706 ], [ -2.870244045460728, 56.463451767801153 ], [ -2.870247192622748, 56.463458377987955 ], [ -2.870255562804316, 56.463469549774146 ], [ -2.870263034457255, 56.463477129631578 ], [ -2.870271106073427, 56.463485396181291 ], [ -2.870288016360536, 56.463504810569681 ], [ -2.870359738734111, 56.46357528440344 ], [ -2.870554722640673, 56.463776964293224 ], [ -2.870823117131246, 56.464051800909182 ], [ -2.870825685417716, 56.46405410446058 ], [ -2.870828087982019, 56.464056258236624 ], [ -2.870834650629471, 56.464059356761339 ], [ -2.870837115480437, 56.464060687136978 ], [ -2.870845280212464, 56.464062876002458 ], [ -2.87085343465751, 56.46406461572348 ], [ -2.870862379856661, 56.464065451470546 ], [ -2.870870503438673, 56.46406584375864 ], [ -2.870879417773803, 56.4640653320727 ], [ -2.870892357890416, 56.464063444525657 ], [ -2.870905277428678, 56.464060658689412 ], [ -2.871041683572893, 56.46400624686418 ], [ -2.87106690365734, 56.463996186439019 ], [ -2.871211541269576, 56.46393931791399 ], [ -2.871248272804882, 56.463924875955321 ], [ -2.871254397665272, 56.463922467443147 ], [ -2.871272781751254, 56.463915231955447 ], [ -2.871322366980438, 56.463896340663922 ], [ -2.871362878232727, 56.463880909050538 ], [ -2.871383787397903, 56.463872676549954 ], [ -2.871458633233626, 56.463845647967069 ], [ -2.871534177032417, 56.46381367306703 ], [ -2.871591984855738, 56.463786763891584 ], [ -2.871606434224613, 56.463779924307602 ], [ -2.871651394648243, 56.463758945020402 ], [ -2.871688324181052, 56.463741615777302 ], [ -2.871734034047043, 56.463717935906452 ], [ -2.871751677158937, 56.463708827821591 ], [ -2.87179975911577, 56.463682435989696 ], [ -2.871821376406145, 56.463669706286048 ], [ -2.871862187282593, 56.463644713087575 ], [ -2.871882982910858, 56.463631539921508 ], [ -2.871919768010029, 56.463607922596623 ], [ -2.871934145148662, 56.463597938968064 ], [ -2.871987730950536, 56.463563871771342 ], [ -2.872307749151581, 56.463315545264031 ], [ -2.872372964462719, 56.463264954954205 ], [ -2.872399167385063, 56.46324698204981 ], [ -2.872402361102167, 56.463244713548725 ], [ -2.872406355824493, 56.463241990208225 ], [ -2.872410360852213, 56.463239716011373 ], [ -2.872419192523645, 56.463235611065414 ], [ -2.87242644279521, 56.463233314085379 ], [ -2.872450689376756, 56.463229100917864 ], [ -2.872462027120745, 56.463228122887728 ], [ -2.872474987486499, 56.463227133464521 ], [ -2.87248067697153, 56.463227542736021 ], [ -2.872483922216271, 56.463227519951751 ], [ -2.872490423012642, 56.463227923526716 ], [ -2.872496122804922, 56.463228781941282 ], [ -2.872502633908681, 56.463229634659385 ], [ -2.872508344008603, 56.463230942217152 ], [ -2.8725140644161, 56.463232698918439 ], [ -2.8727986484259, 56.463328629626247 ], [ -2.872804379172029, 56.463330835457739 ], [ -2.8728125644804, 56.463333922481702 ], [ -2.872819948787485, 56.463337464347141 ], [ -2.872826532093328, 56.463341461054192 ], [ -2.872836412210201, 56.463347680685956 ], [ -2.872844690324969, 56.463354810001249 ], [ -2.87285297875408, 56.463362388459686 ], [ -2.872853810690545, 56.463363281048608 ], [ -2.872865447493799, 56.463375328149262 ], [ -2.872874660672423, 56.463387841488419 ], [ -2.872876324547533, 56.463389626665972 ], [ -2.872878861606694, 56.463394101007076 ], [ -2.872882199669609, 56.46339812050573 ], [ -2.872885548044866, 56.463402589147996 ], [ -2.872888886109236, 56.463406608646451 ], [ -2.872890611856015, 56.463411088686037 ], [ -2.872893148918308, 56.463415563026821 ], [ -2.872894063350806, 56.463420048765123 ], [ -2.872900656990577, 56.463424494611793 ], [ -2.872904888868837, 56.463432101560599 ], [ -2.872908319745104, 56.463440163351827 ], [ -2.872911936238177, 56.46345630972958 ], [ -2.872912850673913, 56.463460795467697 ], [ -2.87291303628957, 56.463468880054307 ], [ -2.872912410588917, 56.463476970339819 ], [ -2.872910963259466, 56.463484617180491 ], [ -2.87291023443855, 56.463488216028985 ], [ -2.872907944855645, 56.463494521137413 ], [ -2.872904843955072, 56.463500831944657 ], [ -2.872900931736428, 56.46350714845066 ], [ -2.872896208199306, 56.463513470655322 ], [ -2.872893836118384, 56.463516182613894 ], [ -2.872888290949879, 56.463522061373354 ], [ -2.872882735468017, 56.463527490988852 ], [ -2.872875557349359, 56.463532932001442 ], [ -2.872869180234887, 56.463537918171312 ], [ -2.872865175203532, 56.463540192382865 ], [ -2.872828581242741, 56.463557968837954 ], [ -2.872785679584181, 56.463576688014939 ], [ -2.872780863225144, 56.463578967921869 ], [ -2.872743164271132, 56.463598099760382 ], [ -2.872699077818837, 56.463621768605016 ], [ -2.87263136529406, 56.463655486092456 ], [ -2.872632831022481, 56.463669850715689 ], [ -2.872632102171883, 56.463673449562542 ], [ -2.872632184641883, 56.463677042712334 ], [ -2.872634773235809, 56.463683762776874 ], [ -2.872639015399207, 56.46369181887826 ], [ -2.872644890515757, 56.463700312728868 ], [ -2.872650786252912, 56.463709704866602 ], [ -2.872664159143059, 56.463726681171707 ], [ -2.872665823023295, 56.463728466351945 ], [ -2.872675816617286, 56.463739626576654 ], [ -2.872686611230032, 56.463750331959325 ], [ -2.872695824441992, 56.463762845310896 ], [ -2.872712597308801, 56.46378653597597 ], [ -2.872718482766378, 56.463795478966546 ], [ -2.872719325019091, 56.463796820699983 ], [ -2.872726042423131, 56.463806656279885 ], [ -2.872728527943244, 56.463808884905234 ], [ -2.872735974195301, 56.463815121637246 ], [ -2.872745043097373, 56.463821346973134 ], [ -2.872753300678499, 56.463827578006224 ], [ -2.872764054096674, 56.463836486807054 ], [ -2.872775629154693, 56.463845839052581 ], [ -2.872777262113817, 56.463846276800183 ], [ -2.872781380598814, 56.46384894317201 ], [ -2.872784687759969, 56.463851615241794 ], [ -2.8727888268674, 56.46385517990074 ], [ -2.872795482435305, 56.463862320614552 ], [ -2.872800515356122, 56.463869472724426 ], [ -2.872805558589717, 56.463877073977741 ], [ -2.872807222483208, 56.463878859155997 ], [ -2.872819815110916, 56.463897188572645 ], [ -2.872822331575705, 56.463900764627077 ], [ -2.872829049024912, 56.463910600201061 ], [ -2.872836577803487, 56.463920430076222 ], [ -2.872842391131841, 56.463926229054771 ], [ -2.872849026099502, 56.463932471478202 ], [ -2.87286233728765, 56.463946752898629 ], [ -2.872881430890964, 56.463965485863199 ], [ -2.872893910151862, 56.463978874691456 ], [ -2.87289555343003, 56.463979761581136 ], [ -2.872902999743054, 56.463985998302704 ], [ -2.87290464302174, 56.463986885192256 ], [ -2.872916166599138, 56.463993991705806 ], [ -2.872917809878476, 56.463994878595173 ], [ -2.872924434558214, 56.464000671870728 ], [ -2.872931069552379, 56.464006914289598 ], [ -2.872932712832624, 56.464007801178759 ], [ -2.872940138532214, 56.464013139610707 ], [ -2.872953387906896, 56.464024726158996 ], [ -2.872954230173025, 56.46402606789075 ], [ -2.872957578612684, 56.464030536530352 ], [ -2.872960126037603, 56.464035460012781 ], [ -2.872969390973575, 56.464050219061072 ], [ -2.872981162094686, 56.464068105015961 ], [ -2.87298616413866, 56.46407390968686 ], [ -2.872998622845744, 56.464086400216786 ], [ -2.873045838116261, 56.464128294837494 ], [ -2.873078703894219, 56.464146032585262 ], [ -2.873086930657794, 56.464150916164435 ], [ -2.873091059511898, 56.46415403166926 ], [ -2.873096883229347, 56.464160279779009 ], [ -2.873103507965276, 56.464166073044609 ], [ -2.873125857438533, 56.464185232312722 ], [ -2.873129164653226, 56.46418790437297 ], [ -2.87313331414454, 56.464191918163571 ], [ -2.873138285283337, 56.464196375397215 ], [ -2.873144047125099, 56.464199928642927 ], [ -2.873148155359129, 56.464202145858557 ], [ -2.873153054295292, 56.464203459086271 ], [ -2.873157963546952, 56.464205221457419 ], [ -2.873161239820043, 56.46420654608594 ], [ -2.873167011980753, 56.464210548474192 ], [ -2.873173585159402, 56.464214096017891 ], [ -2.873175218138889, 56.464214533760142 ], [ -2.873202270620553, 56.464226472512124 ], [ -2.87325385910581, 56.464246773952965 ], [ -2.873315245546128, 56.46426970181475 ], [ -2.873334882619555, 56.464276751272138 ], [ -2.873355310398709, 56.464282896737359 ], [ -2.873361832019385, 56.46428419855301 ], [ -2.873370797958824, 56.464285932406007 ], [ -2.873380575232659, 56.464287660556337 ], [ -2.873387107172898, 56.46428941151423 ], [ -2.873402615374324, 56.464293345466047 ], [ -2.873435295728342, 56.464302998533341 ], [ -2.873450013243545, 56.464307836468706 ], [ -2.873475350338355, 56.46431574427325 ], [ -2.873481081272552, 56.464317950072356 ], [ -2.873493375115558, 56.464323254254147 ], [ -2.873519564841958, 56.464332952921005 ], [ -2.87352772978499, 56.464335141609091 ], [ -2.873555459638583, 56.464341235713867 ], [ -2.873570957558274, 56.464344720500904 ], [ -2.8735986977461, 56.464351263739495 ], [ -2.87360114207122, 56.464351695772628 ], [ -2.873614175032587, 56.464353850234019 ], [ -2.873616619358045, 56.464354282266861 ], [ -2.873642705927612, 56.464359489472066 ], [ -2.873681815152447, 56.464366401982474 ], [ -2.873718469741691, 56.464372433306202 ], [ -2.873722536740159, 56.464372853928431 ], [ -2.873744535693143, 56.46437674220283 ], [ -2.873767345986067, 56.464380624768772 ], [ -2.873770601650445, 56.46438105109398 ], [ -2.873806382994731, 56.464384393235093 ], [ -2.87380963865986, 56.464384819559278 ], [ -2.873832387025027, 56.464386007252116 ], [ -2.873860835387828, 56.464388053291671 ], [ -2.873899061077383, 56.464391827433964 ], [ -2.873954335150008, 56.46439593088752 ], [ -2.873978737172392, 56.464398454572382 ], [ -2.874022621584059, 56.464401290447761 ], [ -2.874038047291092, 56.464401631171796 ], [ -2.874065643036467, 56.464401886296727 ], [ -2.874085916106943, 56.464401294488646 ], [ -2.874118328234568, 56.464399269644481 ], [ -2.874127232275043, 56.464398308581735 ], [ -2.87416363911388, 56.464393560330286 ], [ -2.874183069860606, 56.464391626783112 ], [ -2.874196061558064, 56.464391984609343 ], [ -2.874209063583386, 56.46439279157768 ], [ -2.874218820266604, 56.464393621374768 ], [ -2.87423672129087, 56.464395741525365 ], [ -2.874260322323781, 56.464398720005896 ], [ -2.874283122353034, 56.46440215333331 ], [ -2.874288011025137, 56.464403017372483 ], [ -2.874322273051927, 56.46441086221504 ], [ -2.874329616392217, 56.464412607414829 ], [ -2.874348370084653, 56.464416518414801 ], [ -2.874361413439187, 56.464419121940885 ], [ -2.874374477454684, 56.464422623752476 ], [ -2.87438591879994, 56.46442613697991 ], [ -2.874387551802327, 56.46442657470611 ], [ -2.874394104471906, 56.464429223897568 ], [ -2.874400688132122, 56.46443322051897 ], [ -2.874406491447112, 56.464438570279043 ], [ -2.874410682420386, 56.464444380599858 ], [ -2.874428495259324, 56.464477946471476 ], [ -2.874430159255247, 56.464479731627392 ], [ -2.874444282566024, 56.464494007164774 ], [ -2.874445124895146, 56.464495348886025 ], [ -2.874455067559997, 56.464504263246013 ], [ -2.874460839901587, 56.464508265573166 ], [ -2.87446412657654, 56.464510039310362 ], [ -2.874473965941627, 56.464514462234582 ], [ -2.874484606316337, 56.464518430305333 ], [ -2.874496047700537, 56.464521943522406 ], [ -2.874509943764533, 56.464526337896963 ], [ -2.874531973879875, 56.464531573461265 ], [ -2.874538495582852, 56.464532875214715 ], [ -2.874552339997008, 56.464535023867448 ], [ -2.874571905111102, 56.464538929123506 ], [ -2.874590669222615, 56.464543289229823 ], [ -2.874608642664359, 56.464548553330161 ], [ -2.874611908684764, 56.464549428776607 ], [ -2.874636476171736, 56.464559138625859 ], [ -2.874641385537512, 56.464560900937748 ], [ -2.874655312631281, 56.464566642726055 ], [ -2.874668428389871, 56.464572390223253 ], [ -2.874679110133935, 56.464578154850692 ], [ -2.874689812547993, 56.464584817763971 ], [ -2.874698060279518, 56.464590599521557 ], [ -2.874705507007244, 56.464596836132671 ], [ -2.874714566083774, 56.464602612178417 ], [ -2.874718664118715, 56.464604380197983 ], [ -2.874729345879368, 56.464610144821002 ], [ -2.874740818315555, 56.464615005445381 ], [ -2.874744094678711, 56.464616330031674 ], [ -2.87476531353764, 56.464621571265106 ], [ -2.874776723975319, 56.46462373702591 ], [ -2.874789767429835, 56.464626340506484 ], [ -2.874799565523924, 56.464628966831071 ], [ -2.87481670702437, 56.464633338325534 ], [ -2.874821606073067, 56.464634651486847 ], [ -2.874840380595268, 56.4646394606984 ], [ -2.874858323110546, 56.464643377332102 ], [ -2.874867289201812, 56.464645111076301 ], [ -2.874881123339377, 56.464646810548736 ], [ -2.874895779154944, 56.464648953451004 ], [ -2.874903944244145, 56.464651142047849 ], [ -2.874912920675326, 56.464653324932073 ], [ -2.874921886771387, 56.4646550586723 ], [ -2.874936521919742, 56.464656303283043 ], [ -2.874951947737165, 56.464656643893036 ], [ -2.874957616788346, 56.464656154763233 ], [ -2.874965719862632, 56.464655648495935 ], [ -2.87497381259994, 56.464654693084768 ], [ -2.874984349696834, 56.464654169678802 ], [ -2.875021671384737, 56.464653906896174 ], [ -2.87502977445765, 56.464653400624705 ], [ -2.875032999146826, 56.464652479486624 ], [ -2.875038647521266, 56.464651092066468 ], [ -2.87504427522012, 56.464648806359392 ], [ -2.875046698905266, 56.464648340077225 ], [ -2.875049923593601, 56.464647418938718 ], [ -2.875053959622648, 56.464646492087127 ], [ -2.875057153297438, 56.464644223518434 ], [ -2.875058724290304, 56.46464196637573 ], [ -2.875059483942261, 56.464639714946046 ], [ -2.875058651926033, 56.464638822372414 ], [ -2.87505694654277, 56.464635240651802 ], [ -2.875052817475849, 56.464632125213484 ], [ -2.875047887406729, 56.464629464631329 ], [ -2.875000302466773, 56.464606889663521 ], [ -2.874997837435594, 56.464605559371407 ], [ -2.874989599992397, 56.464600226777293 ], [ -2.874988767978675, 56.464599334203164 ], [ -2.874987124625133, 56.464598447341622 ], [ -2.874987093614457, 56.464597099911579 ], [ -2.874987863606686, 56.464595297625635 ], [ -2.874991077955041, 56.464593927345319 ], [ -2.874995113979883, 56.464593000495661 ], [ -2.875003175691892, 56.464590697652604 ], [ -2.875008813721144, 56.464588861090462 ], [ -2.875010415726119, 56.464587951378384 ], [ -2.875023262775096, 56.464582021110957 ], [ -2.875035267468339, 56.464574749125049 ], [ -2.875036058132762, 56.464573845125507 ], [ -2.875042424796936, 56.46456840970226 ], [ -2.875047969782607, 56.464562530848319 ], [ -2.875050352111729, 56.464560267992759 ], [ -2.87505430543019, 56.464555747994474 ], [ -2.875056625732345, 56.46455079027875 ], [ -2.875057406058065, 56.464549437135723 ], [ -2.875058852994442, 56.464541790272946 ], [ -2.875058687591014, 56.464534603979516 ], [ -2.875059596965252, 56.46450360166299 ], [ -2.875057333353313, 56.464475766201787 ], [ -2.875055348861151, 56.464460057610722 ], [ -2.875055317848222, 56.464458710180693 ], [ -2.875052697760619, 56.464450642739415 ], [ -2.875049994973557, 56.464438982151293 ], [ -2.87504647051446, 56.464426878132656 ], [ -2.875046367139217, 56.464422386699169 ], [ -2.875045431752985, 56.464417002691889 ], [ -2.875042832345386, 56.46440983353704 ], [ -2.875039411265669, 56.464402220951662 ], [ -2.875036052211677, 56.464397303226264 ], [ -2.875032703495908, 56.464392834644123 ], [ -2.875025246417757, 56.464386148909128 ], [ -2.875018683374856, 56.464383050607758 ], [ -2.875010497662625, 56.464379963731446 ], [ -2.875005619314402, 56.464379548864144 ], [ -2.875001552301467, 56.464379128284008 ], [ -2.874996673953444, 56.464378713416352 ], [ -2.874990953259804, 56.464376956830982 ], [ -2.874981966552788, 56.464374324808674 ], [ -2.874972959173737, 56.464370794499004 ], [ -2.874945957719211, 56.464361101852717 ], [ -2.874936950346613, 56.464357571540397 ], [ -2.874924676964903, 56.464353165789227 ], [ -2.8749123829142, 56.464347861750078 ], [ -2.87490499821676, 56.464344320011293 ], [ -2.874895949509052, 56.464338993122453 ], [ -2.874888523472353, 56.464333654809174 ], [ -2.874885226457463, 56.464331431939812 ], [ -2.874879402420875, 56.464325183915449 ], [ -2.874874389720134, 56.464318930179019 ], [ -2.87487015734864, 56.464311323300478 ], [ -2.874869232325589, 56.464306388435055 ], [ -2.874891396725582, 56.464317462800018 ], [ -2.875253651435161, 56.46440277862547 ], [ -2.875254379071179, 56.464394202456575 ], [ -2.875408697890252, 56.464395352580127 ], [ -2.875409834346597, 56.4643488507025 ], [ -2.875407810286462, 56.464346442787068 ], [ -2.87540232550268, 56.464339919273797 ], [ -2.875410511237779, 56.46434300612421 ], [ -2.875427673362417, 56.464348275821351 ], [ -2.875446447818657, 56.464353084941749 ], [ -2.875483976059977, 56.464361804887339 ], [ -2.875523116645039, 56.464370064246175 ], [ -2.875540237424021, 56.464373537354469 ], [ -2.875560603546173, 56.46437698759528 ], [ -2.875580959328173, 56.464379988689473 ], [ -2.875583393333399, 56.464379971540197 ], [ -2.875601273737135, 56.464381193207188 ], [ -2.875619143797728, 56.464381965728329 ], [ -2.875637835538628, 56.464383181673384 ], [ -2.875650837589974, 56.464383988490582 ], [ -2.875672764328602, 56.464384732419568 ], [ -2.875674397343833, 56.464385170128793 ], [ -2.875692246717415, 56.464385044352859 ], [ -2.875710917771353, 56.46438536200035 ], [ -2.875717418798067, 56.464385765405297 ], [ -2.875739345538901, 56.464386509322487 ], [ -2.875762104307651, 56.464388145804726 ], [ -2.875775938390654, 56.464389845177728 ], [ -2.875795493207204, 56.464393301097573 ], [ -2.875815849016067, 56.464396302153133 ], [ -2.875877758839252, 56.464406647011018 ], [ -2.875909535446742, 56.464412262853003 ], [ -2.875942133747427, 56.46441832211125 ], [ -2.875955187558127, 56.464421374612655 ], [ -2.875981305534328, 56.464427928754553 ], [ -2.876005800847188, 56.464434494329325 ], [ -2.876032750875633, 56.464441941027552 ], [ -2.876102898396046, 56.464457618297054 ], [ -2.876159981777437, 56.464469793905096 ], [ -2.876181991382061, 56.464474130889428 ], [ -2.876204791626283, 56.464477563862971 ], [ -2.876208047325611, 56.464477990124102 ], [ -2.876233281585739, 56.464481405930783 ], [ -2.876259296131937, 56.464483468581896 ], [ -2.876265786829002, 56.464483422814851 ], [ -2.876280401249435, 56.464483768980919 ], [ -2.876295005317838, 56.464483666002081 ], [ -2.876337236259343, 56.464485165070741 ], [ -2.876376221855322, 56.464486687011558 ], [ -2.876517684457104, 56.464498267376769 ], [ -2.876771287815115, 56.464516693123215 ], [ -2.876860742143091, 56.464525046290163 ], [ -2.87688920112489, 56.464527540777702 ], [ -2.876916838412738, 56.464529591840765 ], [ -2.876926595187909, 56.464530421424641 ], [ -2.87699480974137, 56.464532635345513 ], [ -2.877158044115129, 56.464538221524435 ], [ -2.877188094713373, 56.464539357060644 ], [ -2.877228713435788, 56.46454131642254 ], [ -2.877256340387527, 56.464542918266844 ], [ -2.877294566558752, 56.464546691361448 ], [ -2.877317346216027, 56.464549225843932 ], [ -2.877345035365193, 56.464553522526693 ], [ -2.877353179843468, 56.4645548126759 ], [ -2.877372724520553, 56.464557819203243 ], [ -2.877393080539234, 56.464560819999214 ], [ -2.877401214655309, 56.464561661002236 ], [ -2.877423973597197, 56.464563297179019 ], [ -2.877425585908715, 56.464562836579034 ], [ -2.877436122944369, 56.464562312965214 ], [ -2.877446639247933, 56.464560891064458 ], [ -2.877454721535219, 56.464559486348854 ], [ -2.87746522747118, 56.464557615303512 ], [ -2.877475723039864, 56.464555295114259 ], [ -2.877482203380755, 56.46455480014054 ], [ -2.877495153695555, 56.464553361049092 ], [ -2.877501634035854, 56.464552866074364 ], [ -2.877514615449321, 56.464552774409924 ], [ -2.877521126889568, 56.464553626863221 ], [ -2.877524392976608, 56.464554502232751 ], [ -2.877532578928679, 56.46455758894222 ], [ -2.877539963910568, 56.464561130523386 ], [ -2.877546537555244, 56.464564677833387 ], [ -2.877552310229629, 56.464568680015361 ], [ -2.877554775347159, 56.464570010256395 ], [ -2.877560558390464, 56.46457446158098 ], [ -2.877567152774009, 56.464578907175877 ], [ -2.877572925452724, 56.464582909356871 ], [ -2.877577855691242, 56.464585569838064 ], [ -2.87758976137301, 56.464588091216413 ], [ -2.877614872957508, 56.464593214630682 ], [ -2.877642595349938, 56.464598948504346 ], [ -2.877882561733666, 56.464638222080616 ], [ -2.877967329015812, 56.464654423924003 ], [ -2.878007350232629, 56.464665641107061 ], [ -2.878060357076061, 56.46467694621262 ], [ -2.878172871961904, 56.464699959631361 ], [ -2.878328616377854, 56.464732550175199 ], [ -2.878463131236078, 56.464759450784328 ], [ -2.878595191494809, 56.464785470169566 ], [ -2.878628622639033, 56.464792421268449 ], [ -2.8786946840011, 56.464806778318682 ], [ -2.878700394547918, 56.464808085589439 ], [ -2.878873250759725, 56.464843698970597 ], [ -2.878944190752805, 56.464858470602053 ], [ -2.878966211278719, 56.464863256233038 ], [ -2.87899066584435, 56.464868024643906 ], [ -2.879000443518566, 56.46486975234977 ], [ -2.87902404520922, 56.464872729921645 ], [ -2.87904684594353, 56.464876162370921 ], [ -2.879050913052966, 56.464876582818086 ], [ -2.879099791071771, 56.464884772173065 ], [ -2.879108757410057, 56.464886505609819 ], [ -2.879182110836305, 56.464900361600371 ], [ -2.879190265836537, 56.464902100771198 ], [ -2.87940712262383, 56.464945488003607 ], [ -2.87949433150379, 56.464961941059187 ], [ -2.879587271843872, 56.464980599568221 ], [ -2.879665535275767, 56.464996217386243 ], [ -2.879701400840364, 56.465003150964904 ], [ -2.879714444756676, 56.465005753925951 ], [ -2.879763385442137, 56.465016637874328 ], [ -2.879878388366399, 56.465041878219481 ], [ -2.879968104484531, 56.465061457705104 ], [ -2.88008719561587, 56.465088016557644 ], [ -2.88018751148566, 56.465109766899246 ], [ -2.880268251073517, 56.465127163665493 ], [ -2.880341667781122, 56.465143713822279 ], [ -2.880392241923128, 56.465155035168387 ], [ -2.880410195646068, 56.465159400138525 ], [ -2.880455849715656, 56.465168510233809 ], [ -2.880483570868985, 56.465174153640476 ], [ -2.880554532900303, 56.46518982263089 ], [ -2.880616528508171, 56.465203758253963 ], [ -2.880673645646001, 56.465217279202037 ], [ -2.880701387675819, 56.465223820844827 ], [ -2.880738137827926, 56.465233892369838 ], [ -2.880769978263733, 56.465242201816281 ], [ -2.880823839696752, 56.465255296553735 ], [ -2.880874434941964, 56.465267515987037 ], [ -2.880930772134816, 56.465282389994499 ], [ -2.880969145110327, 56.465292449947619 ], [ -2.881027895620844, 56.465306408370495 ], [ -2.881052381952026, 56.465312523800101 ], [ -2.881114419577774, 56.465328255742577 ], [ -2.88113075075601, 56.465332632113025 ], [ -2.881202555932079, 56.465349642404931 ], [ -2.881220509838752, 56.465354007256984 ], [ -2.881317644100352, 56.465378474546952 ], [ -2.88138783714732, 56.465395945381282 ], [ -2.881440877239133, 56.465408596460946 ], [ -2.88145639713321, 56.465412978542986 ], [ -2.881512734766621, 56.465427852284172 ], [ -2.881539686565352, 56.465435297778285 ], [ -2.88156499483207, 56.465441856492902 ], [ -2.881586215079512, 56.465447096553945 ], [ -2.881609110122775, 56.465454570811545 ], [ -2.881619741083282, 56.465458089123537 ], [ -2.881639359464966, 56.465464238972167 ], [ -2.881648346885425, 56.465466870509076 ], [ -2.881676183008229, 56.465477454213861 ], [ -2.88169748662194, 56.465486287394839 ], [ -2.881713890850642, 56.465493807684609 ], [ -2.881727850596126, 56.46550089609989 ], [ -2.881741040656755, 56.465509786839846 ], [ -2.881751765398354, 56.465517347421802 ], [ -2.881756737717408, 56.465521804304437 ], [ -2.881761699620447, 56.465525812044469 ], [ -2.881763364005562, 56.465527597100149 ], [ -2.88177322531167, 56.46553291772522 ], [ -2.881776522831679, 56.465535140409116 ], [ -2.88178062129306, 56.465536908193513 ], [ -2.88178226484469, 56.465537794964177 ], [ -2.881787975606008, 56.465539102091846 ], [ -2.881794487308599, 56.465539954319759 ], [ -2.881799365876915, 56.465540368919285 ], [ -2.881817267852094, 56.465542487972392 ], [ -2.881825412690873, 56.465543777826483 ], [ -2.881869351072194, 56.465548856631401 ], [ -2.881895366641776, 56.465550918096788 ], [ -2.88192055001729, 56.465552087029955 ], [ -2.881949790187789, 56.465553227167362 ], [ -2.881968482696646, 56.465554442155771 ], [ -2.882015666544132, 56.465559497875653 ], [ -2.882036023457478, 56.465562497906056 ], [ -2.882043356948909, 56.465563793504515 ], [ -2.882067822765546, 56.465569010447517 ], [ -2.88208006609732, 56.465572068059529 ], [ -2.882094764350712, 56.465576006677736 ], [ -2.882105374547193, 56.465578626663088 ], [ -2.88212331824285, 56.465582542241201 ], [ -2.882140440161139, 56.465586014433775 ], [ -2.882159226488969, 56.465591271674242 ], [ -2.88216739219355, 56.465593459790433 ], [ -2.882189434389462, 56.465599143130291 ], [ -2.882200855958519, 56.465601757347692 ], [ -2.882217977892431, 56.465605229529508 ], [ -2.882228577682729, 56.465607400361918 ], [ -2.882261219690079, 56.465615254520451 ], [ -2.88229061627038, 56.465623131711865 ], [ -2.882317568358187, 56.465630577035654 ], [ -2.882403303273736, 56.465653327547251 ], [ -2.88243676714224, 56.465661625040411 ], [ -2.882540466839083, 56.465689189270883 ], [ -2.882573140260725, 56.465698390773518 ], [ -2.882600092456601, 56.465705836035433 ], [ -2.882617235327975, 56.465710206446253 ], [ -2.882627023808042, 56.465712383006917 ], [ -2.882662152212497, 56.465722465482635 ], [ -2.882689114870883, 56.465730359867266 ], [ -2.882762658931357, 56.465752298288258 ], [ -2.882864767673318, 56.465781221199023 ], [ -2.882917049578649, 56.465796123118118 ], [ -2.88295788897789, 56.465807512584448 ], [ -2.883077941929328, 56.465840350772204 ], [ -2.883085296375063, 56.465842544593031 ], [ -2.883157197281176, 56.46586359602486 ], [ -2.883209510716404, 56.465879845246121 ], [ -2.883259379663984, 56.465895662603174 ], [ -2.883299460083029, 56.465909303433556 ], [ -2.883326475183894, 56.465919443389126 ], [ -2.883335462827531, 56.465922074802762 ], [ -2.883355903526056, 56.465928667752415 ], [ -2.88342787780243, 56.46595286302081 ], [ -2.883485143179988, 56.46597267065453 ], [ -2.883500705288933, 56.465978849047126 ], [ -2.883517078770478, 56.465985021669326 ], [ -2.883519533749356, 56.465985902648256 ], [ -2.883545685403063, 56.46599380261344 ], [ -2.883568591595976, 56.466001725648141 ], [ -2.883589875062262, 56.466009660216365 ], [ -2.883593963219568, 56.46601097879811 ], [ -2.883682300894406, 56.466040897384914 ], [ -2.88368965541347, 56.46604309116956 ], [ -2.883769785574017, 56.46606902510996 ], [ -2.883790226426206, 56.466075617987308 ], [ -2.88401511804216, 56.466149935981633 ], [ -2.884105079111706, 56.46617984272082 ], [ -2.884200740820033, 56.466210607267868 ], [ -2.884204829019945, 56.466211925829242 ], [ -2.884248987865065, 56.466226435768817 ], [ -2.884297266292237, 56.466243611676788 ], [ -2.884305442706078, 56.466246248792999 ], [ -2.884385605056468, 56.466273529757459 ], [ -2.88455660337702, 56.466333406154945 ], [ -2.884633478783083, 56.466358913490637 ], [ -2.884640032494162, 56.466361562136072 ], [ -2.884689122643924, 56.466378732114009 ], [ -2.884709574272952, 56.466385773980214 ], [ -2.884751288929774, 56.466399851925871 ], [ -2.884761098613719, 56.466402926600601 ], [ -2.88479463682352, 56.466414367445651 ], [ -2.884802813308283, 56.466417004528751 ], [ -2.884860860138835, 56.466435458338637 ], [ -2.884933647758209, 56.466459646987708 ], [ -2.885039984306467, 56.466495725532809 ], [ -2.885124267407865, 56.466525672021959 ], [ -2.885184031458347, 56.466548156416309 ], [ -2.885189763408035, 56.466550361675019 ], [ -2.885230698454602, 56.466565792699271 ], [ -2.885256892718191, 56.466575488890719 ], [ -2.885274931352343, 56.466583446303005 ], [ -2.885283118373, 56.466586532503264 ], [ -2.885316688309453, 56.466599320661224 ], [ -2.885340417094704, 56.466607686747501 ], [ -2.885391203906776, 56.46662798892288 ], [ -2.885415806873177, 56.466639044067527 ], [ -2.885434667413566, 56.46664744481803 ], [ -2.885481418340595, 56.466668674143072 ], [ -2.885490437702217, 56.466672652833005 ], [ -2.885552793290893, 56.466701856851685 ], [ -2.885583159737756, 56.466716464630629 ], [ -2.885604506819607, 56.466727093721168 ], [ -2.885632449618354, 56.466742167974999 ], [ -2.885659581055055, 56.466757248004441 ], [ -2.885689989443754, 56.466773652325415 ], [ -2.885703992267413, 56.466782536869793 ], [ -2.885709766140079, 56.466786538672778 ], [ -2.885727878221148, 56.466797640013276 ], [ -2.885753407894417, 56.466813629871034 ], [ -2.885782193597214, 56.466830045734234 ], [ -2.885810947927948, 56.466845114164208 ], [ -2.885813413482983, 56.466846444241497 ], [ -2.885827374498945, 56.466853532203075 ], [ -2.885835582554203, 56.466857516650613 ], [ -2.885850407295304, 56.466866844537037 ], [ -2.885861944632019, 56.466874398986633 ], [ -2.885871859199738, 56.466881965002017 ], [ -2.885884302130894, 56.466893555945177 ], [ -2.885893499520535, 56.466905170021377 ], [ -2.885895164161694, 56.466906955022701 ], [ -2.885898545777942, 56.466912770735902 ], [ -2.885901116007666, 56.466918592232631 ], [ -2.885902812050014, 56.466921724660203 ], [ -2.885909585755385, 56.466933805228138 ], [ -2.88591293597564, 56.466938273514536 ], [ -2.88592047920759, 56.466948551729637 ], [ -2.885925473141076, 56.466953906732385 ], [ -2.885933764965303, 56.466961484310161 ], [ -2.885950306754378, 56.466974842895539 ], [ -2.885959347172423, 56.466979719834924 ], [ -2.885963435519147, 56.466981038341103 ], [ -2.88597160174586, 56.466983226210985 ], [ -2.885979757505827, 56.466984964938199 ], [ -2.885985468631795, 56.466986271875363 ], [ -2.886000178312753, 56.466990659180205 ], [ -2.886006721765375, 56.466992858616287 ], [ -2.886013254750672, 56.466994608909935 ], [ -2.886018997283665, 56.466997263271821 ], [ -2.886020640998429, 56.466998149987219 ], [ -2.886024781690326, 56.467001714201849 ], [ -2.886029775645497, 56.467007069200278 ], [ -2.88603228309192, 56.467010195841496 ], [ -2.886034801007098, 56.467013771624771 ], [ -2.886034916158862, 56.467018712187837 ], [ -2.886033460872755, 56.46702591003038 ], [ -2.886032691356214, 56.467027712383256 ], [ -2.886033047279304, 56.467042983214483 ], [ -2.886031612928597, 56.467051079341168 ], [ -2.886030136704084, 56.467057378899455 ], [ -2.886029649830819, 56.467071308088819 ], [ -2.886028932654674, 56.467075356152144 ], [ -2.886029016401048, 56.467078949288876 ], [ -2.886031544788864, 56.46708297421425 ], [ -2.886034062708856, 56.467086549997475 ], [ -2.886038983397638, 56.467088761000767 ], [ -2.886043071758845, 56.46709007950426 ], [ -2.886047139183303, 56.46709049972344 ], [ -2.886054441704064, 56.467090447661853 ], [ -2.886064968852112, 56.467089474176852 ], [ -2.886074663670782, 56.467087608191576 ], [ -2.886085169879582, 56.467085736420692 ], [ -2.886106171824849, 56.467081543734217 ], [ -2.886111820153966, 56.467080155812972 ], [ -2.886138491359659, 56.46707547348371 ], [ -2.886153918255653, 56.467075812706163 ], [ -2.886184782518538, 56.467076940287434 ], [ -2.886186415770449, 56.467077377858502 ], [ -2.886191294585976, 56.467077792287441 ], [ -2.886192927837996, 56.467078229858437 ], [ -2.886202706410206, 56.467079956999747 ], [ -2.886207616637453, 56.467081718854246 ], [ -2.88621088314224, 56.467082593995755 ], [ -2.886213338256166, 56.467083474922887 ], [ -2.886214981979176, 56.467084361635635 ], [ -2.886217437093309, 56.467085242562675 ], [ -2.886221546401406, 56.467087459344398 ], [ -2.886240470166419, 56.467098554822648 ], [ -2.886265178394344, 56.467114101216524 ], [ -2.886276674003498, 56.467119859058407 ], [ -2.886278317729555, 56.46712074577033 ], [ -2.886281594710603, 56.467122070052007 ], [ -2.886284060300031, 56.467123400119746 ], [ -2.886287337281506, 56.46712472440128 ], [ -2.886296335892398, 56.467127804747491 ], [ -2.886298801482712, 56.467129134814932 ], [ -2.886302067993652, 56.467130009954012 ], [ -2.88630452311274, 56.467130890879304 ], [ -2.886315955902666, 56.467133953865179 ], [ -2.88633393219103, 56.467139216268627 ], [ -2.886350275227668, 56.467144041100575 ], [ -2.886366586851507, 56.467147518504206 ], [ -2.886383724532237, 56.467151618917747 ], [ -2.886388620115472, 56.467152751966154 ], [ -2.88640738686965, 56.467157110287957 ], [ -2.886419641541197, 56.467160616619296 ], [ -2.88643439323173, 56.467166800440232 ], [ -2.886438502561245, 56.467169017214665 ], [ -2.886445920302087, 56.467173905692334 ], [ -2.88645499225091, 56.467180130021106 ], [ -2.886467383089892, 56.467189475194033 ], [ -2.886473374979461, 56.46719377188969 ], [ -2.88647728738656, 56.467196592017835 ], [ -2.886480840686397, 56.467199324863913 ], [ -2.886483071877131, 56.467201042926021 ], [ -2.886491311497319, 56.467206374755484 ], [ -2.886491410121404, 56.467206427958018 ], [ -2.886491541620185, 56.467206498894747 ], [ -2.886501237882729, 56.467212350409319 ], [ -2.88650530419338, 56.467214810065443 ], [ -2.886505346089271, 56.467216606633521 ], [ -2.886515177081475, 56.467220579460076 ], [ -2.886520087341271, 56.467222341302062 ], [ -2.886524186207579, 56.467224108931553 ], [ -2.886525819469678, 56.467224546498109 ], [ -2.886530729730476, 56.467226308339662 ], [ -2.886533996255049, 56.467227183472581 ], [ -2.886535639991726, 56.467228070181015 ], [ -2.886538896042189, 56.467228496171785 ], [ -2.886542162567136, 56.467229371304477 ], [ -2.886551150748772, 56.467232002489972 ], [ -2.886565007296584, 56.467234598946924 ], [ -2.886566640559598, 56.467235036512932 ], [ -2.886569085216822, 56.467235468290902 ], [ -2.886572351743056, 56.467236343422812 ], [ -2.88657399548102, 56.467237230130735 ], [ -2.886585428324411, 56.467240293091535 ], [ -2.886586260668559, 56.467241185587419 ], [ -2.886587893932098, 56.467241623153143 ], [ -2.886636975659991, 56.467258343251004 ], [ -2.886770333080798, 56.467304559568596 ], [ -2.886880772630187, 56.467342404168008 ], [ -2.886903669867142, 56.467349877457373 ], [ -2.886928231822524, 56.467359135729524 ], [ -2.886956882212526, 56.467369712469861 ], [ -2.886974047303191, 56.467374980570163 ], [ -2.886988788686832, 56.467380715182372 ], [ -2.887000242566195, 56.467384676388477 ], [ -2.887014952517354, 56.467389063571723 ], [ -2.887028840594232, 56.467393007402308 ], [ -2.887046005705295, 56.467398275492549 ], [ -2.887091747915035, 56.467410976295746 ], [ -2.887182431509446, 56.467436832785069 ], [ -2.887268225867249, 56.467461825679521 ], [ -2.887313957743289, 56.467474077258196 ], [ -2.887352355602274, 56.467485033532874 ], [ -2.887460141857755, 56.467513463011336 ], [ -2.887570414908338, 56.467544120720966 ], [ -2.887585946873828, 56.467548951183183 ], [ -2.887600688416577, 56.467554685721915 ], [ -2.887628506763933, 56.467564369816657 ], [ -2.887662889749045, 56.467577151536581 ], [ -2.887671077176312, 56.467580237577224 ], [ -2.887680096982212, 56.467584216105671 ], [ -2.88768748349903, 56.467587757082356 ], [ -2.887695691906902, 56.46759174140503 ], [ -2.887701455623438, 56.467595293971677 ], [ -2.887712962082988, 56.4676015008205 ], [ -2.887731886537602, 56.467612596067717 ], [ -2.88775738613204, 56.467627238080198 ], [ -2.887782854278455, 56.467640532661882 ], [ -2.887784498062011, 56.467641419353534 ], [ -2.887794339786247, 56.467645841219372 ], [ -2.887804992915511, 56.467650257288284 ], [ -2.887814824154808, 56.467654230010645 ], [ -2.887818090745391, 56.467655105109444 ], [ -2.887830345706301, 56.467658611300088 ], [ -2.887849945256419, 56.467663861889115 ], [ -2.887893201389006, 56.467674334074317 ], [ -2.887937279439782, 56.467685249589145 ], [ -2.887951989614349, 56.467689636660232 ], [ -2.887974876777729, 56.467696660608119 ], [ -2.88799856486158, 56.46770322961256 ], [ -2.888006752343068, 56.467706315630778 ], [ -2.888021483517847, 56.467711600977132 ], [ -2.88804605646959, 56.467721308167349 ], [ -2.888052610657826, 56.467723956636135 ], [ -2.888055877259813, 56.46772483172861 ], [ -2.888058342950153, 56.467726161760595 ], [ -2.888059175339483, 56.467727054246353 ], [ -2.888060819133197, 56.467727940934303 ], [ -2.888061662015165, 56.46772928256182 ], [ -2.888063305809034, 56.467730169249727 ], [ -2.888065761007389, 56.467731050139768 ], [ -2.88806741529404, 56.467732385969406 ], [ -2.888074833353655, 56.467737274348011 ], [ -2.888092156157391, 56.467749279418719 ], [ -2.888110300870242, 56.46776172783057 ], [ -2.888124315115304, 56.467771061238551 ], [ -2.888135853177158, 56.467778615472803 ], [ -2.888146527370203, 56.46778392979553 ], [ -2.888204060353026, 56.467814963818952 ], [ -2.88822293258441, 56.467823813281193 ], [ -2.888237695318571, 56.46783044602671 ], [ -2.888271319816393, 56.467845479083472 ], [ -2.888290139602081, 56.467852082826631 ], [ -2.888295060520446, 56.467854293739293 ], [ -2.888302426155915, 56.467856936395322 ], [ -2.888309781296882, 56.467859129909179 ], [ -2.888326946794332, 56.467864397820378 ], [ -2.888331857220635, 56.467866159589839 ], [ -2.888338390461929, 56.467867909759846 ], [ -2.888344112296517, 56.467869665729168 ], [ -2.888345745607074, 56.467870103271544 ], [ -2.888381657456043, 56.467878830914756 ], [ -2.888403670424571, 56.467883165732196 ], [ -2.888423228181334, 56.467886619662863 ], [ -2.888444419254178, 56.4678905111315 ], [ -2.888459909482065, 56.467893544916237 ], [ -2.888469698862608, 56.467895721019211 ], [ -2.888482754870922, 56.467898772202545 ], [ -2.888552945386596, 56.467915789859113 ], [ -2.888640301538428, 56.467938075343184 ], [ -2.888642421700519, 56.467938509400653 ], [ -2.88867372679249, 56.467944574597695 ], [ -2.888708015968132, 56.46795331374949 ], [ -2.888729291110887, 56.467960798302563 ], [ -2.88874892244186, 56.467967396173307 ], [ -2.888792315680865, 56.467983706883984 ], [ -2.888922338078273, 56.468025901799258 ], [ -2.888941958973047, 56.468032050497484 ], [ -2.888951779925971, 56.468035573987059 ], [ -2.888968176193843, 56.468042644178965 ], [ -2.888978840073316, 56.468047509287494 ], [ -2.888993645040142, 56.468055938508535 ], [ -2.888996943203213, 56.468058161000897 ], [ -2.889077934702474, 56.468085882305125 ], [ -2.889091802236101, 56.46808892761937 ], [ -2.889104078463143, 56.468093331966209 ], [ -2.889114731869025, 56.468097747921284 ], [ -2.889121328216924, 56.46810219289938 ], [ -2.889123825484539, 56.468104870334692 ], [ -2.889136143741903, 56.468111071244756 ], [ -2.889142708578261, 56.468114168796852 ], [ -2.889152540076446, 56.468118141411942 ], [ -2.889159905822186, 56.468120784016541 ], [ -2.889171349643196, 56.468124295878454 ], [ -2.889176270647755, 56.468126506755759 ], [ -2.889180380240242, 56.468128723438028 ], [ -2.889181233676533, 56.468130514199245 ], [ -2.889182108124752, 56.468133203243674 ], [ -2.889180537828802, 56.468135460561996 ], [ -2.889178135108072, 56.468136825402269 ], [ -2.889174910468483, 56.46813774690601 ], [ -2.889170853404294, 56.468137775931574 ], [ -2.889164341090145, 56.468136924088995 ], [ -2.889157807765006, 56.468135173962885 ], [ -2.88915455160826, 56.468134748041287 ], [ -2.889143191829342, 56.46813482931065 ], [ -2.88913346538129, 56.468135348110906 ], [ -2.889125361758579, 56.468135855300801 ], [ -2.889109955420252, 56.468136414732705 ], [ -2.889101830787029, 56.468136023637818 ], [ -2.889096140392397, 56.468135615128624 ], [ -2.889089628080248, 56.468134763282123 ], [ -2.889080702539516, 56.468134827132054 ], [ -2.889075855072079, 56.468135760242248 ], [ -2.889074263760401, 56.468137119276037 ], [ -2.889072682953246, 56.468138927451406 ], [ -2.889071903054238, 56.468140280680707 ], [ -2.889073609917236, 56.468143862204684 ], [ -2.889076138698304, 56.468147887065768 ], [ -2.889078614956361, 56.46814966621875 ], [ -2.889101607652896, 56.468161181372537 ], [ -2.889127013593537, 56.468171780824356 ], [ -2.889145032780107, 56.468178839382738 ], [ -2.889149131870913, 56.468180606924392 ], [ -2.889165496720693, 56.468186329664888 ], [ -2.889177751975932, 56.468189835721006 ], [ -2.889183473897404, 56.468191591651227 ], [ -2.889189996727381, 56.468192892634335 ], [ -2.889196530063917, 56.468194642758696 ], [ -2.889203084413446, 56.4681972911659 ], [ -2.889208848362261, 56.468200843661293 ], [ -2.889215413220056, 56.46820394120941 ], [ -2.889229375366245, 56.468211028782306 ], [ -2.889242515596425, 56.468217673017591 ], [ -2.889251535717187, 56.468221651430198 ], [ -2.88926790059994, 56.468227374157003 ], [ -2.889285066395268, 56.468232641934215 ], [ -2.889299766428434, 56.468236579702165 ], [ -2.889319376984955, 56.468242279198279 ], [ -2.889338176132175, 56.468247984497459 ], [ -2.889346342823213, 56.468250172143016 ], [ -2.889375826984763, 56.468261640795035 ], [ -2.889391380487741, 56.468267369311832 ], [ -2.889418346358602, 56.468275262240773 ], [ -2.889445291222427, 56.468282256880691 ], [ -2.88945182458595, 56.468284006991489 ], [ -2.889491804666831, 56.46829315441714 ], [ -2.889516262758355, 56.468297920755418 ], [ -2.88952929796758, 56.468300073544519 ], [ -2.889546400769869, 56.468302646436008 ], [ -2.88956104830455, 56.468304338465067 ], [ -2.889594431992192, 56.468309040903257 ], [ -2.889600954856166, 56.468310341864623 ], [ -2.889635192015791, 56.468316835049976 ], [ -2.889643337715635, 56.468318124392788 ], [ -2.889666183520268, 56.468323351459283 ], [ -2.889671073043919, 56.468324214892121 ], [ -2.889681652996724, 56.468325486807224 ], [ -2.889702791880136, 56.468327132351703 ], [ -2.889706048059352, 56.468327558258807 ], [ -2.889723983327321, 56.468331023600136 ], [ -2.889737060609638, 56.468334972933363 ], [ -2.88980960262987, 56.4683483793142 ], [ -2.889828359847841, 56.468352287972571 ], [ -2.889843059982904, 56.468356225675691 ], [ -2.88985692767561, 56.46835927090369 ], [ -2.889886275388383, 56.468364900593947 ], [ -2.889892787757367, 56.468365752398391 ], [ -2.889907445845923, 56.468367893527891 ], [ -2.889922093421362, 56.468369585514189 ], [ -2.889925360121399, 56.46837046055699 ], [ -2.889940028728527, 56.468373050824113 ], [ -2.889953896435027, 56.468376096041212 ], [ -2.88997345458375, 56.46837954972581 ], [ -2.88998165288556, 56.468383084753704 ], [ -2.889984930103609, 56.468384408936394 ], [ -2.889987385388415, 56.468385289787996 ], [ -2.889997164466194, 56.468387016628014 ], [ -2.890007733931324, 56.46838783937374 ], [ -2.890018292881009, 56.468388212977096 ], [ -2.890029663248888, 56.468388580768817 ], [ -2.890045881092547, 56.468388015411634 ], [ -2.890062077902884, 56.46838655176937 ], [ -2.890074217622391, 56.468385117180233 ], [ -2.890084713471862, 56.468382795929159 ], [ -2.890087948626593, 56.468382323543295 ], [ -2.89009841292394, 56.46837865486669 ], [ -2.890106432449266, 56.468374554481471 ], [ -2.890149660027177, 56.468349088745711 ], [ -2.890163222731404, 56.46833910883722 ], [ -2.890166426328566, 56.468337289024959 ], [ -2.890171210688385, 56.468333661023507 ], [ -2.890176806464007, 56.468330027210179 ], [ -2.890182412756368, 56.468326842538062 ], [ -2.890187239184797, 56.468325011101797 ], [ -2.890192898065182, 56.468324072136454 ], [ -2.890199368361849, 56.468323127359042 ], [ -2.890205037759719, 56.468322637534598 ], [ -2.890211518573982, 56.468322141897993 ], [ -2.890213130888896, 56.468321681132693 ], [ -2.890238190135037, 56.468317458687416 ], [ -2.890255145730821, 56.468313743500808 ], [ -2.890268866177017, 56.46831050070255 ], [ -2.890280953269485, 56.468306820386076 ], [ -2.890284167377282, 56.46830544971224 ], [ -2.890291396489206, 56.46830225341045 ], [ -2.89029861508075, 56.468298607966808 ], [ -2.89030584419016, 56.468295411664165 ], [ -2.890312272401797, 56.46829267031513 ], [ -2.890326772692816, 56.468288074273616 ], [ -2.890336488643043, 56.468287106238378 ], [ -2.890345403696736, 56.468286593156584 ], [ -2.890358386348746, 56.468286500151294 ], [ -2.89037220145648, 56.468287299614552 ], [ -2.890385215669187, 56.468288554030757 ], [ -2.890394151763104, 56.468288939228323 ], [ -2.89040798791334, 56.468290636970444 ], [ -2.890422614439402, 56.468291430614876 ], [ -2.890428294350268, 56.468291389921696 ], [ -2.890441266482776, 56.468290847766312 ], [ -2.890454207051907, 56.468288958185326 ], [ -2.890461478230659, 56.468287558439364 ], [ -2.890469539782235, 56.468285254596552 ], [ -2.890478412748477, 56.468282944939567 ], [ -2.890486463776667, 56.468280191954243 ], [ -2.890515516911789, 56.468273245536075 ], [ -2.890524389872413, 56.468270935875829 ], [ -2.890534875140671, 56.468268165445494 ], [ -2.890546171822652, 56.468265389200162 ], [ -2.890556678132174, 56.468263517050808 ], [ -2.890571241516513, 56.468261615829334 ], [ -2.890585014529312, 56.468260618703312 ], [ -2.890599609479198, 56.468260064902722 ], [ -2.890613393013525, 56.468259516914948 ], [ -2.890626365132337, 56.468258974740287 ], [ -2.890636091590412, 56.468258455823054 ], [ -2.890656324350694, 56.468256064747294 ], [ -2.890666830652131, 56.468254192588638 ], [ -2.890703987358521, 56.468246738836065 ], [ -2.890720131461997, 56.468243029401357 ], [ -2.890736243989388, 56.468237972540393 ], [ -2.890745875720739, 56.468233411342105 ], [ -2.890754696035347, 56.468228855958564 ], [ -2.890761914568382, 56.46822521048815 ], [ -2.890789966747721, 56.468210185276718 ], [ -2.890793981717943, 56.468208359632698 ], [ -2.890803581859608, 56.468202451005851 ], [ -2.890813171473096, 56.468196093236877 ], [ -2.890820389994311, 56.468192447763109 ], [ -2.890831623480302, 56.468186976643707 ], [ -2.890843678902015, 56.468181948848617 ], [ -2.890852530769942, 56.468178740882301 ], [ -2.890874207360048, 56.468168702735674 ], [ -2.890890246152736, 56.468160501865285 ], [ -2.890895841834074, 56.468156868019832 ], [ -2.890907054246123, 56.46815049861091 ], [ -2.890919120172716, 56.468145919949933 ], [ -2.890932018562082, 56.468142233753923 ], [ -2.890941713405845, 56.468140367388784 ], [ -2.890950607362982, 56.468138955980955 ], [ -2.890960323258805, 56.468137987897094 ], [ -2.890966793504417, 56.468137043079849 ], [ -2.890984549832994, 56.46813287283593 ], [ -2.891001473690629, 56.468127810123846 ], [ -2.891010336060088, 56.468125051287686 ], [ -2.891018387016155, 56.468122298268092 ], [ -2.891027249383096, 56.468119539430752 ], [ -2.891045016224712, 56.468115818319603 ], [ -2.891061191823353, 56.468113456264867 ], [ -2.891072520005309, 56.468112027395989 ], [ -2.891096820247265, 56.46811005630245 ], [ -2.89111871783763, 56.468109450081734 ], [ -2.891156084897231, 56.468110979021468 ], [ -2.891160963897476, 56.468111393254283 ], [ -2.891176401781248, 56.468112180992044 ], [ -2.891191850195272, 56.468113417869212 ], [ -2.891207309140098, 56.468115103885793 ], [ -2.891219532968475, 56.468117262315758 ], [ -2.891229333092322, 56.468119887341501 ], [ -2.891235055096928, 56.468121643176843 ], [ -2.891257922059773, 56.468127768232826 ], [ -2.891260377357164, 56.468128649059253 ], [ -2.891267711658414, 56.46812994411421 ], [ -2.891284003086922, 56.468132522585037 ], [ -2.89128808120978, 56.468133391773058 ], [ -2.891299546290783, 56.468137801720623 ], [ -2.891310199961975, 56.468142217486204 ], [ -2.891320063285399, 56.468147537352614 ], [ -2.89132993714286, 56.468153306359554 ], [ -2.891338198709061, 56.468159536145535 ], [ -2.891346470809451, 56.468166215072273 ], [ -2.891349758587384, 56.468167988360179 ], [ -2.891381108343878, 56.468189775145269 ], [ -2.891391013817614, 56.468196891571139 ], [ -2.891401730708821, 56.468204002176499 ], [ -2.891410772114941, 56.468208878713938 ], [ -2.891423090776435, 56.468215079395328 ], [ -2.891437021737612, 56.468220819294359 ], [ -2.891440288459267, 56.468221694297242 ], [ -2.891450921104779, 56.468225211767923 ], [ -2.89146233356791, 56.468227375993749 ], [ -2.891468856480701, 56.468228676856796 ], [ -2.891481860175198, 56.468229482016689 ], [ -2.891495654218003, 56.468229383072355 ], [ -2.891500512170356, 56.468228899009176 ], [ -2.891512651783957, 56.468227464279742 ], [ -2.891524759795811, 56.468224682125296 ], [ -2.891529586146194, 56.468222850637133 ], [ -2.891550682913557, 56.468222699301791 ], [ -2.891609052056803, 56.46822003449423 ], [ -2.891631729510778, 56.468218074937944 ], [ -2.891638199752955, 56.468217130085741 ], [ -2.891672121110033, 56.46821014847044 ], [ -2.891677790471438, 56.468209658578878 ], [ -2.891691552899618, 56.468208212189019 ], [ -2.891706147811968, 56.468207658258486 ], [ -2.891719931310119, 56.468207110148008 ], [ -2.891724789256688, 56.468206626076075 ], [ -2.891796067223417, 56.468200724042561 ], [ -2.891835731654196, 56.468196396474234 ], [ -2.891840589597879, 56.468195912397775 ], [ -2.891863267025135, 56.468193952799304 ], [ -2.891874595200149, 56.468192523857276 ], [ -2.891883489134168, 56.46819111238274 ], [ -2.891890749702916, 56.468189263412086 ], [ -2.891897989194965, 56.468186516158561 ], [ -2.891904427810818, 56.468184223868825 ], [ -2.891910065550853, 56.468182386542992 ], [ -2.891916514703488, 56.468180543393849 ], [ -2.891922141904112, 56.46817825692623 ], [ -2.891928527825348, 56.468173718929087 ], [ -2.89192926546983, 56.468170569117341 ], [ -2.891927589952277, 56.468168335057413 ], [ -2.891926725847757, 56.468166095174382 ], [ -2.891922573939079, 56.468162082018772 ], [ -2.891916799205947, 56.46815808050912 ], [ -2.891910213061447, 56.46815408482221 ], [ -2.891897061852536, 56.468146991729768 ], [ -2.891888884500937, 56.468144355111249 ], [ -2.891827501714257, 56.468122334748635 ], [ -2.891794802891739, 56.468112237393953 ], [ -2.891776003447338, 56.468106532467857 ], [ -2.891758826831516, 56.468100815894871 ], [ -2.891757182935954, 56.468099929256361 ], [ -2.891744885330135, 56.468094626890597 ], [ -2.89173339913898, 56.468089318701765 ], [ -2.8917259805426, 56.468084430544202 ], [ -2.891721849735768, 56.468081315664236 ], [ -2.891718540876457, 56.46807864410367 ], [ -2.891716043428573, 56.46807596672128 ], [ -2.891714346856161, 56.468072834375853 ], [ -2.891715116123887, 56.468071031989062 ], [ -2.891716696802358, 56.468069223780539 ], [ -2.891719099427294, 56.46806785889153 ], [ -2.891727160855488, 56.46806555496746 ], [ -2.891736845104074, 56.468063239399171 ], [ -2.891745749549287, 56.46806227707583 ], [ -2.891756287351597, 56.468061752249156 ], [ -2.89177576120708, 56.468061612519897 ], [ -2.891787152565944, 56.468062878433521 ], [ -2.891797721978102, 56.468063701027106 ], [ -2.891805857158617, 56.468064541086747 ], [ -2.891846511991818, 56.468067843094467 ], [ -2.891855448047592, 56.468068228187015 ], [ -2.891889569450849, 56.468069780196537 ], [ -2.891919623264503, 56.468070912170774 ], [ -2.891999299609413, 56.468077078604139 ], [ -2.892009879569189, 56.468078350320859 ], [ -2.892019616500528, 56.468078280436707 ], [ -2.892029332352818, 56.46807731226933 ], [ -2.892038215714495, 56.468075451642605 ], [ -2.892045455174242, 56.468072704380546 ], [ -2.892049459529642, 56.46807042955497 ], [ -2.892053453344781, 56.468067705588034 ], [ -2.892056614669059, 56.468064089162482 ], [ -2.892058975122029, 56.468060927702055 ], [ -2.89205975491303, 56.468059574454415 ], [ -2.89206050308439, 56.468056873783105 ], [ -2.892061240715774, 56.468053723970563 ], [ -2.892061988886917, 56.468051023299253 ], [ -2.892064359878545, 56.468048310979924 ], [ -2.892068343150357, 56.4680451378713 ], [ -2.892073959781835, 56.468042402255655 ], [ -2.892078786082538, 56.468040570746282 ], [ -2.892088459762919, 56.468037806009448 ], [ -2.892098154522483, 56.468035939554291 ], [ -2.892108671231492, 56.468034516415315 ], [ -2.892112717740971, 56.468034038152581 ], [ -2.892128102908572, 56.468032580065987 ], [ -2.892142697746707, 56.468032026084408 ], [ -2.892171097094064, 56.468031822223246 ], [ -2.892193827113108, 56.468032108270847 ], [ -2.892209254443146, 56.468032446739024 ], [ -2.892232795872701, 56.468032726954547 ], [ -2.892242532791778, 56.468032657052959 ], [ -2.892251468842999, 56.468033042117021 ], [ -2.892260415436605, 56.468033876321648 ], [ -2.892269340945963, 56.468033812243242 ], [ -2.892279056780357, 56.468032844056388 ], [ -2.892288762071704, 56.468031426727592 ], [ -2.892298477904979, 56.468030458539225 ], [ -2.892351103569287, 56.468025139315543 ], [ -2.892397269573218, 56.468021214102727 ], [ -2.892402949440712, 56.468021173319372 ], [ -2.892468599807998, 56.468017557390631 ], [ -2.892510782558998, 56.468016805257001 ], [ -2.892547894496015, 56.468014382501131 ], [ -2.892565884585268, 56.46801326502635 ], [ -2.892597529553059, 56.468013037758567 ], [ -2.892604821691601, 56.468012536169859 ], [ -2.892638848153307, 56.468010045703167 ], [ -2.892649364834476, 56.468008622518482 ], [ -2.892665550832866, 56.468006709396427 ], [ -2.892680914873215, 56.468004352959156 ], [ -2.892688196461696, 56.468003402224404 ], [ -2.892708450049121, 56.468001909097474 ], [ -2.892726269407541, 56.468000433452232 ], [ -2.892739241405693, 56.467999891057254 ], [ -2.89275302481256, 56.467999342832421 ], [ -2.892762740625467, 56.467998374607802 ], [ -2.892772435341392, 56.467996508100171 ], [ -2.892781318647367, 56.467994647420454 ], [ -2.892789401091956, 56.467993241709976 ], [ -2.892808822163578, 56.467990856113168 ], [ -2.892818548521636, 56.46799033702532 ], [ -2.892835577559317, 56.467989765475608 ], [ -2.892852617145645, 56.467989643064676 ], [ -2.892865610236856, 56.467989998938762 ], [ -2.892878613877786, 56.467990803952596 ], [ -2.892886727966656, 56.467990745659158 ], [ -2.892912671951054, 56.467989660834355 ], [ -2.892938584283328, 56.46798722858081 ], [ -2.892944253594651, 56.467986738631602 ], [ -2.892971757088549, 56.467982947288313 ], [ -2.892985498282673, 56.467980602473283 ], [ -2.893004887682319, 56.467976869422579 ], [ -2.893018607769901, 56.467973626321694 ], [ -2.893044404018445, 56.467966253494012 ], [ -2.893049251365423, 56.467965320229332 ], [ -2.89307673372953, 56.467960630580677 ], [ -2.893085638115886, 56.467959668161463 ], [ -2.893110696799346, 56.467955445138415 ], [ -2.893120402039339, 56.467954027744788 ], [ -2.893134111556242, 56.467950335490116 ], [ -2.893147009662584, 56.467946649065006 ], [ -2.893160719174225, 56.467942956807399 ], [ -2.893163142844813, 56.467942490172824 ], [ -2.893178485721811, 56.467939235392009 ], [ -2.893192216334037, 56.467936441413123 ], [ -2.893210804836426, 56.467933163302845 ], [ -2.893226147705535, 56.467929908516162 ], [ -2.893245494840234, 56.467924378863728 ], [ -2.893299748855117, 56.467905481182449 ], [ -2.893302164078027, 56.467904655232324 ], [ -2.893313093666805, 56.467900084504883 ], [ -2.893321133852643, 56.46789688219566 ], [ -2.893342777962582, 56.467885496197681 ], [ -2.893356424102524, 56.467879109072229 ], [ -2.893367625463878, 56.467872290301749 ], [ -2.893384432776091, 56.467862286714684 ], [ -2.893406066291748, 56.467850451564708 ], [ -2.893416477341704, 56.467844536904721 ], [ -2.893418890447042, 56.467843621124132 ], [ -2.893420502702478, 56.467843160317386 ], [ -2.893422915807631, 56.467842244536712 ], [ -2.893426941167928, 56.467840867949171 ], [ -2.893437426104175, 56.46783809727485 ], [ -2.893444686529312, 56.4678362482138 ], [ -2.893455160906752, 56.467833028396946 ], [ -2.893474539628071, 56.467828846132221 ], [ -2.893495551712229, 56.467825101338896 ], [ -2.893530294336796, 56.467818562525956 ], [ -2.893566670316723, 56.467812461176798 ], [ -2.89357314044096, 56.467811516224153 ], [ -2.893576364945303, 56.467810594606675 ], [ -2.893579600007181, 56.467810122130132 ], [ -2.89359088577073, 56.467806896467991 ], [ -2.89359330942731, 56.467806429825067 ], [ -2.89359814618238, 56.467805047398024 ], [ -2.893600559280816, 56.467804131613924 ], [ -2.893603783783865, 56.467803209995722 ], [ -2.893619094892125, 56.467798607737663 ], [ -2.893638420785784, 56.467792179742332 ], [ -2.893661729784065, 56.467782578584767 ], [ -2.893673784701478, 56.467777550516601 ], [ -2.893677757251621, 56.46777392821582 ], [ -2.8936825623228, 56.467771198362435 ], [ -2.893690539096285, 56.467765301183285 ], [ -2.893694033248484, 56.467762041695579 ], [ -2.893700073208481, 56.467756607659958 ], [ -2.89370245673585, 56.467754434279001 ], [ -2.89370723012528, 56.467750357001584 ], [ -2.89371194015833, 56.467743584877837 ], [ -2.893717461593, 56.467736806919127 ], [ -2.893721360219429, 56.46773004062981 ], [ -2.893722915445875, 56.467727154457606 ], [ -2.893730674679505, 56.467712004970771 ], [ -2.893731294235275, 56.467710742708014 ], [ -2.893757026883224, 56.467659257082587 ], [ -2.893777194048929, 56.467619580959841 ], [ -2.893784927895346, 56.467603353531075 ], [ -2.893785718175693, 56.467602449413803 ], [ -2.893786497895953, 56.467601096155526 ], [ -2.893787288176216, 56.46760019203824 ], [ -2.893791260697177, 56.467596569733864 ], [ -2.893792050977233, 56.467595665616557 ], [ -2.893795254337682, 56.467593845711392 ], [ -2.893796044617587, 56.46759294159407 ], [ -2.893799258537812, 56.467591570829846 ], [ -2.893804885537711, 56.467589284277487 ], [ -2.893808110017606, 56.467588362654048 ], [ -2.893810512536934, 56.467586997724887 ], [ -2.893815349256221, 56.467585615289472 ], [ -2.893822620175192, 56.467584215347543 ], [ -2.893825855214731, 56.467583742864676 ], [ -2.893829912214733, 56.467583713687247 ], [ -2.893833147254136, 56.467583241204181 ], [ -2.893859112053625, 56.467583054464811 ], [ -2.893863179614463, 56.467583474427308 ], [ -2.893865624375399, 56.467583906061151 ], [ -2.893868058575386, 56.467583888553939 ], [ -2.893872948097475, 56.467584751821377 ], [ -2.893874581458582, 56.467585189290816 ], [ -2.893877036780866, 56.467586070065444 ], [ -2.89388927114896, 56.467588677373826 ], [ -2.893902338041689, 56.467592177127031 ], [ -2.893924393709433, 56.467598307527929 ], [ -2.893942413505949, 56.467605365388138 ], [ -2.893953899856347, 56.467610673372356 ], [ -2.89397279443839, 56.467620420237779 ], [ -2.893981836032612, 56.467625296587642 ], [ -2.893986778374678, 56.467628405555558 ], [ -2.893995029696615, 56.46763418602297 ], [ -2.894006600564337, 56.467643087130178 ], [ -2.894012375437498, 56.467647088542378 ], [ -2.894018139749073, 56.467650640813304 ], [ -2.894025547990424, 56.467655079692371 ], [ -2.894035422127247, 56.467660848483447 ], [ -2.894051028895077, 56.467668822120118 ], [ -2.894062536406433, 56.467675028376057 ], [ -2.894065834830886, 56.467677250732827 ], [ -2.894072399990584, 56.467680348023123 ], [ -2.894086352278938, 56.467686985906496 ], [ -2.894101137102036, 56.467694516232953 ], [ -2.894111790971187, 56.467698931757596 ], [ -2.894118345574353, 56.467701579904471 ], [ -2.894130611688401, 56.467705534611717 ], [ -2.894159211502075, 56.467713863975263 ], [ -2.894161666839221, 56.467714744744178 ], [ -2.894164923014657, 56.467715170534383 ], [ -2.894168189754765, 56.46771604546548 ], [ -2.89417063452763, 56.467716477093255 ], [ -2.894173901267981, 56.467717352024202 ], [ -2.894186093439159, 56.467718162739146 ], [ -2.89419584083751, 56.467718541825654 ], [ -2.894239656587901, 56.467718226571193 ], [ -2.894268841729778, 56.467716938454679 ], [ -2.894409977192161, 56.467713856448107 ], [ -2.894560086676468, 56.467712776086614 ], [ -2.894644461973942, 56.467711719527685 ], [ -2.894698815373155, 56.467710879039032 ], [ -2.894749132900178, 56.467710966016028 ], [ -2.894805920502967, 56.467710107955931 ], [ -2.894819703772773, 56.467709559502175 ], [ -2.894844045846549, 56.467709384240429 ], [ -2.89489755611508, 56.46770720208432 ], [ -2.894953511158113, 56.467705451517482 ], [ -2.895030541505812, 56.467702650718259 ], [ -2.895104315657265, 56.467699424105874 ], [ -2.895205666890134, 56.467695549598922 ], [ -2.895253497302714, 56.467693408200901 ], [ -2.895298103257697, 56.467692188446584 ], [ -2.89530214968966, 56.467691710080175 ], [ -2.895314310141158, 56.467691173261812 ], [ -2.895326481170561, 56.467691085583077 ], [ -2.895367061846807, 56.467691242452815 ], [ -2.895421425776919, 56.467690850788792 ], [ -2.895441721404736, 56.467691153780194 ], [ -2.895588606312463, 56.467690993841309 ], [ -2.895684351734289, 56.46769030385817 ], [ -2.895707892970915, 56.467690583415497 ], [ -2.895731423624805, 56.467690413827619 ], [ -2.895745228039476, 56.467690763552717 ], [ -2.895753342058042, 56.467690705072194 ], [ -2.895759843856247, 56.467691107428152 ], [ -2.895767957874855, 56.467691048946669 ], [ -2.895780097151877, 56.467689613801205 ], [ -2.895796314604534, 56.467689047694336 ], [ -2.89581333287448, 56.467688026596115 ], [ -2.895890310193563, 56.467682979560124 ], [ -2.896018331682956, 56.467674419963927 ], [ -2.896180379023538, 56.467663368800672 ], [ -2.896284100707694, 56.467656781017325 ], [ -2.896327052010772, 56.467654225174627 ], [ -2.896335966831053, 56.467653711663559 ], [ -2.896344871060824, 56.467652749011151 ], [ -2.896365145493105, 56.467652153570306 ], [ -2.896394345334384, 56.467651493751553 ], [ -2.896399203148741, 56.467651009497196 ], [ -2.896436495814226, 56.467649392863976 ], [ -2.896447033433436, 56.467648867639845 ], [ -2.896472987667416, 56.467648231213005 ], [ -2.896479468281882, 56.46764773524994 ], [ -2.896509458333867, 56.467646171269998 ], [ -2.896522430153288, 56.467645628480398 ], [ -2.896551619393754, 56.46764451948404 ], [ -2.896560534208564, 56.467644005956856 ], [ -2.896570260423796, 56.467643486575639 ], [ -2.896579175238099, 56.46764297304712 ], [ -2.896598617073969, 56.467641485140327 ], [ -2.896627763934476, 56.467638579563491 ], [ -2.896696595252878, 56.467632243144067 ], [ -2.896792971774133, 56.467623911061636 ], [ -2.896845606824968, 56.467619039077931 ], [ -2.896882857052403, 56.467615625748344 ], [ -2.896924986269667, 56.46761262641396 ], [ -2.897035978482967, 56.467604637879901 ], [ -2.897212609206672, 56.467592581673443 ], [ -2.897437870748321, 56.467577927978297 ], [ -2.897617736204765, 56.467565398619556 ], [ -2.897667001372154, 56.467562167807159 ], [ -2.897755483067669, 56.467556317771155 ], [ -2.89777411341289, 56.467554835541776 ], [ -2.897808950511072, 56.467552337799688 ], [ -2.897960512267259, 56.467544055358886 ], [ -2.898131653621183, 56.467540123412796 ], [ -2.89824195069935, 56.467537080210896 ], [ -2.898244384893434, 56.467537062617886 ], [ -2.898300339516725, 56.467535310544207 ], [ -2.898333617447233, 56.467535519227077 ], [ -2.898387981110849, 56.467535126265048 ], [ -2.898400162694596, 56.467535487425621 ], [ -2.898418856691644, 56.467536699942123 ], [ -2.898438362087855, 56.467537906590202 ], [ -2.898482273118476, 56.467541632103064 ], [ -2.898514803351875, 56.467544541445655 ], [ -2.89856361463574, 56.467549579154088 ], [ -2.89858151847965, 56.467551695793262 ], [ -2.898620593000904, 56.467556803877443 ], [ -2.898635251257673, 56.467558943976002 ], [ -2.89866782398771, 56.46756364983991 ], [ -2.898720777254839, 56.467572251273715 ], [ -2.898763983140768, 56.467580473957788 ], [ -2.898782730265954, 56.467583932121158 ], [ -2.898800665995546, 56.467587396149689 ], [ -2.898819423746863, 56.467591303447854 ], [ -2.898826768816454, 56.467593047196097 ], [ -2.898865949612238, 56.467602646606231 ], [ -2.898904329648649, 56.467612701012904 ], [ -2.898939453485577, 56.467622329742902 ], [ -2.898979488224896, 56.467633719809356 ], [ -2.898996644460262, 56.467638537099511 ], [ -2.899026889320944, 56.467647751879731 ], [ -2.899074322319235, 56.467663131352786 ], [ -2.899080044613112, 56.467664886825482 ], [ -2.899099656322699, 56.467670584772414 ], [ -2.899118477883336, 56.467677186866922 ], [ -2.899123378157432, 56.467678499067354 ], [ -2.899151199500617, 56.467688180567556 ], [ -2.899165120801062, 56.467693470455593 ], [ -2.899174131203093, 56.467696999003557 ], [ -2.89918806313377, 56.46770273802931 ], [ -2.899192173259922, 56.467704954378092 ], [ -2.899194628711932, 56.467705835047006 ], [ -2.89919626213869, 56.467706272446151 ], [ -2.899199518368351, 56.467706698104095 ], [ -2.899201963196643, 56.467707129632558 ], [ -2.899203596623541, 56.467707567031617 ], [ -2.899206030827888, 56.467707549419714 ], [ -2.899214208587217, 56.467710185554772 ], [ -2.899226453979748, 56.467713241475771 ], [ -2.89924278825582, 56.467717615462064 ], [ -2.899257499732141, 56.467722001188157 ], [ -2.89927138918518, 56.467725943643281 ], [ -2.899311371005539, 56.467735087900259 ], [ -2.899330897781397, 56.467737192688098 ], [ -2.899335766193707, 56.467737157459233 ], [ -2.899343901465572, 56.467737997024578 ], [ -2.899354481569846, 56.46773926811484 ], [ -2.899365051048884, 56.467740090063927 ], [ -2.899369118685398, 56.467740509845704 ], [ -2.899375631154429, 56.467741361152378 ], [ -2.89938213299761, 56.467741763318429 ], [ -2.899403250705887, 56.467742508930449 ], [ -2.8994154217381, 56.467742420850819 ], [ -2.899431660407667, 56.467742752549725 ], [ -2.8994373402227, 56.467742711444757 ], [ -2.899447899077495, 56.467743084246507 ], [ -2.899458447305448, 56.467743007907103 ], [ -2.899468984906184, 56.467742482426551 ], [ -2.899483579517222, 56.467741927582871 ], [ -2.899516847003867, 56.467741686807543 ], [ -2.899546879509702, 56.467741918655094 ], [ -2.899574467181105, 56.467741718974317 ], [ -2.899649105543256, 56.467740729490657 ], [ -2.899662056087807, 56.467739288092609 ], [ -2.899680686445288, 56.467737805577109 ], [ -2.899689590607605, 56.467736842685099 ], [ -2.899708220962772, 56.467735360165477 ], [ -2.899712267342384, 56.467734881655545 ], [ -2.899725239142858, 56.467734338531386 ], [ -2.899737388910728, 56.46773335213976 ], [ -2.899741445920125, 56.467733322769107 ], [ -2.899774628350764, 56.467729488802973 ], [ -2.899790824493626, 56.467728023894026 ], [ -2.899811889045535, 56.467726523735465 ], [ -2.899843448659702, 56.467722701500186 ], [ -2.899900097921627, 56.467716002287652 ], [ -2.899930856749202, 56.467712635045594 ], [ -2.899982648206124, 56.467706420187881 ], [ -2.8999947873248, 56.467704984630934 ], [ -2.900040087552002, 56.467698816755544 ], [ -2.900116093382313, 56.467687035874974 ], [ -2.900178347897919, 56.467677151418386 ], [ -2.900186419361328, 56.467675296087499 ], [ -2.90030937994343, 56.467658682809741 ], [ -2.900318262796574, 56.467656821592463 ], [ -2.900331181374622, 56.467654032704367 ], [ -2.900344911350761, 56.467651237936863 ], [ -2.900387755980505, 56.467644189288983 ], [ -2.900412824269137, 56.467640413936145 ], [ -2.900448398193616, 56.467634765594326 ], [ -2.900483993385631, 56.467630015522623 ], [ -2.900553582223947, 56.467621425387833 ], [ -2.900563297735617, 56.467620456553902 ], [ -2.900596479982877, 56.467616622368787 ], [ -2.900629672864171, 56.467613237314936 ], [ -2.900642633968144, 56.467612244955006 ], [ -2.900689609983129, 56.467608310783902 ], [ -2.900713108628702, 56.467606792831781 ], [ -2.900738240712296, 56.467605712254048 ], [ -2.90079094971439, 56.467603982580464 ], [ -2.900810423287611, 56.467603841435121 ], [ -2.900838811604966, 56.467603186452621 ], [ -2.900871267559129, 56.467602951196184 ], [ -2.900945958829995, 56.467604206634462 ], [ -2.900971144128954, 56.467605371709965 ], [ -2.901010945254797, 56.467606880037529 ], [ -2.901039386798697, 56.467608470709465 ], [ -2.901084910307632, 56.467611734395064 ], [ -2.901108483463982, 56.467613360348508 ], [ -2.901184113928881, 56.467619999440856 ], [ -2.901236181896928, 56.467625461702369 ], [ -2.901252463122617, 56.467627589723385 ], [ -2.901304541759352, 56.467633501096152 ], [ -2.901341983273012, 56.467638170950565 ], [ -2.90136472375771, 56.467638904459811 ], [ -2.901366357206232, 56.467639341830328 ], [ -2.901376094000371, 56.467639271212875 ], [ -2.901395588888235, 56.467640028255701 ], [ -2.90141830807472, 56.467639863475135 ], [ -2.901453967050808, 56.467637807965815 ], [ -2.901462059744122, 56.467636850832278 ], [ -2.901484715022843, 56.467633991199556 ], [ -2.901496032007939, 56.467632112215156 ], [ -2.901513818881117, 56.467629287828707 ], [ -2.901530783701186, 56.467626020188369 ], [ -2.901548549265581, 56.467622297516968 ], [ -2.901554197102737, 56.46762090887556 ], [ -2.901583258333078, 56.467614408915523 ], [ -2.901612298248631, 56.467607010668708 ], [ -2.901622771862264, 56.467603790129054 ], [ -2.901633234821474, 56.467600120448537 ], [ -2.901644519829767, 56.467596894017703 ], [ -2.901651779803371, 56.467595044453006 ], [ -2.901659840521569, 56.467592739858432 ], [ -2.901677606057644, 56.467589017168393 ], [ -2.901680830343898, 56.467588095329951 ], [ -2.90169132525313, 56.46758577306435 ], [ -2.901708300691867, 56.467582954539502 ], [ -2.901726098179767, 56.467580579262332 ], [ -2.901734991595955, 56.467579167052804 ], [ -2.901777077745209, 56.467574369366176 ], [ -2.901794074481458, 56.467572449109433 ], [ -2.901810259818226, 56.467570534740858 ], [ -2.901833747732606, 56.467568567354554 ], [ -2.901860481235099, 56.467566576400586 ], [ -2.90186372682568, 56.467566552837262 ], [ -2.901909058534446, 56.467561731542311 ], [ -2.901919585390316, 56.467560756677152 ], [ -2.901977088045797, 56.46755584698856 ], [ -2.902045138850701, 56.467550860677342 ], [ -2.902074306520893, 56.467548852001059 ], [ -2.902131019057582, 56.46754484641307 ], [ -2.902223422391252, 56.467540132363709 ], [ -2.902247742981406, 56.467539057285563 ], [ -2.902269309084574, 56.467538181896543 ], [ -2.902287469451686, 56.467537421084991 ], [ -2.902327206579228, 56.467536234011618 ], [ -2.902343423856065, 56.467535666993122 ], [ -2.902379862085313, 56.467532257779006 ], [ -2.902392769802983, 56.467529019491167 ], [ -2.902401695166957, 56.467528954653503 ], [ -2.90240736428226, 56.467528464252894 ], [ -2.902412232662523, 56.467528428886403 ], [ -2.902425183023951, 56.467526987154983 ], [ -2.902439756177669, 56.467525533632994 ], [ -2.902444624557514, 56.467525498265239 ], [ -2.902460030431244, 56.467524937126107 ], [ -2.902478692553526, 56.467524801545608 ], [ -2.902492475633224, 56.467524252192177 ], [ -2.902502212392433, 56.467524181452319 ], [ -2.902509504298856, 56.467523679256978 ], [ -2.902517607601656, 56.4675231711661 ], [ -2.902524910170809, 56.467523118109789 ], [ -2.9025379031792, 56.467523472926381 ], [ -2.902557387360454, 56.467523780578738 ], [ -2.902560632946764, 56.467523756997167 ], [ -2.902567946179587, 56.46752415307828 ], [ -2.902593099473536, 56.467523970316819 ], [ -2.902619010842515, 56.467521535954731 ], [ -2.902639263761875, 56.467520041138641 ], [ -2.902658705283166, 56.467518552215317 ], [ -2.902661950868941, 56.467518528631089 ], [ -2.90267084423522, 56.46751711635423 ], [ -2.902681371058572, 56.467516141424291 ], [ -2.902690275088647, 56.467515178285971 ], [ -2.902700801910947, 56.467514203354391 ], [ -2.902709716605375, 56.467513689354618 ], [ -2.902719442695873, 56.46751316945776 ], [ -2.902722688281133, 56.467513145871948 ], [ -2.902741307733539, 56.467511213692134 ], [ -2.902758315057465, 56.467509742442864 ], [ -2.902759927184027, 56.467509281509528 ], [ -2.90278340434348, 56.467506864803106 ], [ -2.902795553953302, 56.467505878069716 ], [ -2.902811739210048, 56.467503963570095 ], [ -2.902841664863691, 56.467499703116289 ], [ -2.902852181010714, 56.467498279031872 ], [ -2.902873223969609, 56.467495880000286 ], [ -2.902903982340877, 56.467492511913832 ], [ -2.902911263568004, 56.467491560554883 ], [ -2.902920167586342, 56.467490597400008 ], [ -2.902943666059917, 56.467489078943025 ], [ -2.902973645028859, 56.467487064156977 ], [ -2.903008471030806, 56.467484115693871 ], [ -2.903018197109424, 56.467483595773544 ], [ -2.903036827201081, 56.467482112689169 ], [ -2.903040873509782, 56.467481634056568 ], [ -2.903063549907761, 56.46747967233545 ], [ -2.903115393860016, 56.46747570168862 ], [ -2.903129977637163, 56.467474697225271 ], [ -2.903146184204279, 56.467473680961739 ], [ -2.903173739634652, 56.467472132964865 ], [ -2.903187522684441, 56.467471583534099 ], [ -2.903202928524436, 56.46747102230259 ], [ -2.903212654596893, 56.467470502366993 ], [ -2.903223181393002, 56.467469527390946 ], [ -2.903232907464784, 56.467469007453765 ], [ -2.903261295626876, 56.46746835181748 ], [ -2.903278324254827, 56.46746777877663 ], [ -2.903299409858273, 56.467467176232297 ], [ -2.903320506133516, 56.46746702282433 ], [ -2.903327798017695, 56.4674665205808 ], [ -2.903348872946735, 56.467465468888122 ], [ -2.903369125806365, 56.467463973952626 ], [ -2.903391001454541, 56.467462467212158 ], [ -2.903425080047834, 56.467462219372329 ], [ -2.903429937744467, 56.467461734825939 ], [ -2.903434806114824, 56.467461699419289 ], [ -2.90343968515908, 56.467462113152393 ], [ -2.903447799109729, 56.467462054140576 ], [ -2.903449432573878, 56.467462491478095 ], [ -2.903455923734448, 56.467462444268165 ], [ -2.903465649801049, 56.467461924312715 ], [ -2.903479432842589, 56.467461374849485 ], [ -2.903505365459722, 56.467459838581689 ], [ -2.903534554329588, 56.467458727841333 ], [ -2.903559686222959, 56.467457646603869 ], [ -2.903565355312174, 56.467457156150232 ], [ -2.90360430226859, 56.467456872849219 ], [ -2.903628612087584, 56.467455348360069 ], [ -2.903635092570402, 56.467454852000841 ], [ -2.903642384447905, 56.467454349738787 ], [ -2.903648864930366, 56.467453853378849 ], [ -2.903651288438494, 56.467453386531311 ], [ -2.90366589354544, 56.467453280284744 ], [ -2.903675608929972, 56.467452311172877 ], [ -2.903688569893126, 56.46745131844915 ], [ -2.903725050626133, 56.467449705398749 ], [ -2.903729918994556, 56.46744966998051 ], [ -2.903759908566544, 56.467448104144097 ], [ -2.903785040446023, 56.467447022860938 ], [ -2.903787463952018, 56.467446556010735 ], [ -2.903813407224264, 56.46744546881839 ], [ -2.903837706348574, 56.467443495148288 ], [ -2.903851468020119, 56.467442047363818 ], [ -2.903858749213335, 56.467441095949098 ], [ -2.903870898773194, 56.467440109110186 ], [ -2.903886283231148, 56.467438649513888 ], [ -2.903906536054489, 56.467437154490511 ], [ -2.90390895955834, 56.467436687637914 ], [ -2.90392111979502, 56.467436149934009 ], [ -2.903932457957238, 56.467435168993347 ], [ -2.903947031016409, 56.467433715293879 ], [ -2.903957547102877, 56.467432291115465 ], [ -2.903983426278295, 56.467428509047913 ], [ -2.904015785920951, 56.467424230595775 ], [ -2.904019031497469, 56.467424206976034 ], [ -2.904029547578554, 56.467422782791488 ], [ -2.904040875052909, 56.467421352700967 ], [ -2.904058682997436, 56.467419426227984 ], [ -2.90406840904432, 56.467418906225198 ], [ -2.904071643938988, 56.467418433464161 ], [ -2.904080569272903, 56.467418368505626 ], [ -2.9040902953192, 56.467417848501114 ], [ -2.904155078648415, 56.467411986371943 ], [ -2.904176132157779, 56.467410036258663 ], [ -2.904204477525734, 56.467407583846651 ], [ -2.904222285455298, 56.46740565735012 ], [ -2.90423120010262, 56.467405143240818 ], [ -2.904262001011281, 56.467403571376444 ], [ -2.904304962137099, 56.46740146176279 ], [ -2.90432035724651, 56.467400451252445 ], [ -2.904336574433081, 56.467399883973066 ], [ -2.904363350419713, 56.467399689038338 ], [ -2.904373076457143, 56.467399169011628 ], [ -2.904381991100796, 56.467398654891475 ], [ -2.904408767086228, 56.467398459946942 ], [ -2.904414457526056, 56.467398867734254 ], [ -2.904423382854541, 56.467398802751056 ], [ -2.904432318868587, 56.467399186907137 ], [ -2.904453404413717, 56.467398584166489 ], [ -2.904455838594171, 56.467398566443087 ], [ -2.904463941843031, 56.467398058224852 ], [ -2.904472055777735, 56.467397999146002 ], [ -2.904496408268018, 56.467398271046207 ], [ -2.904515881711191, 56.467398129250981 ], [ -2.904528885380015, 56.467398932998982 ], [ -2.904534575821145, 56.467399340780794 ], [ -2.904583259429603, 56.467398986272066 ], [ -2.904597885887028, 56.467399778195556 ], [ -2.904611679576122, 56.467399677746315 ], [ -2.904619804198653, 56.467400067797747 ], [ -2.904636854149676, 56.467400392850081 ], [ -2.904646601559577, 56.467400771081756 ], [ -2.904663651511108, 56.467401096130423 ], [ -2.904666085691582, 56.467401078402908 ], [ -2.90468395772545, 56.467401846679515 ], [ -2.904702641153528, 56.467402609044157 ], [ -2.904731071993762, 56.467403749631025 ], [ -2.904758691442082, 56.467404896121188 ], [ -2.904764381886455, 56.467405303892477 ], [ -2.90478062044729, 56.467405634834911 ], [ -2.904806617111193, 56.467406793134273 ], [ -2.904812307556342, 56.467407200903367 ], [ -2.904830190286117, 56.467408418298888 ], [ -2.904834257944513, 56.467408837887497 ], [ -2.904851329282084, 56.467410061190236 ], [ -2.904857820431204, 56.467410013906957 ], [ -2.904866756451942, 56.467410398031809 ], [ -2.904883795718419, 56.467410273910346 ], [ -2.904908970303521, 56.467410988958981 ], [ -2.904920329814566, 56.467410906207753 ], [ -2.904947938581655, 56.46741160351597 ], [ -2.904951194847988, 56.467412029011761 ], [ -2.904956874603608, 56.467411987634343 ], [ -2.904963376444738, 56.467412389485446 ], [ -2.90496906689233, 56.467412797247377 ], [ -2.904989351734065, 56.467412649466766 ], [ -2.904994209403819, 56.46741216485902 ], [ -2.904999077765738, 56.467412129390986 ], [ -2.90502508513285, 56.467413736784579 ], [ -2.905051903895812, 56.467415338261027 ], [ -2.905076277786554, 56.467416508327396 ], [ -2.905078711967738, 56.467416490591795 ], [ -2.905093338441594, 56.467417282457006 ], [ -2.905116868859957, 56.467417111007656 ], [ -2.905138018566559, 56.467419202990193 ], [ -2.905146153892325, 56.467420042147133 ], [ -2.905164047332558, 56.467421708634554 ], [ -2.905193300288217, 56.467423292343206 ], [ -2.905216040705523, 56.467424025067523 ], [ -2.905246115754097, 56.467426051990891 ], [ -2.905276201501369, 56.467428528046888 ], [ -2.905310333526436, 56.467430525388863 ], [ -2.905314401192328, 56.467430944961777 ], [ -2.905374551313531, 56.467434998753703 ], [ -2.905386732921211, 56.467435359185934 ], [ -2.905399736620205, 56.467436162842887 ], [ -2.905407871955193, 56.467437001982724 ], [ -2.905415185199214, 56.467437397896198 ], [ -2.905423320534796, 56.467438237035033 ], [ -2.905430633779205, 56.467438632947605 ], [ -2.905442815388522, 56.467438993374323 ], [ -2.90545661978632, 56.467439341971186 ], [ -2.905463933031267, 56.46743973788179 ], [ -2.905494008104845, 56.467441764745253 ], [ -2.905505389019801, 56.467442580220336 ], [ -2.905526528062709, 56.467444222996981 ], [ -2.905529773639581, 56.467444199337756 ], [ -2.905537898280402, 56.46744458932919 ], [ -2.905546834315616, 56.467444973405179 ], [ -2.905554969655632, 56.467445812535402 ], [ -2.905579364978646, 56.467447880782998 ], [ -2.905582621254975, 56.467448306262284 ], [ -2.905595635661666, 56.467449559038677 ], [ -2.905597269149665, 56.467449996348059 ], [ -2.905600845704342, 56.467450239804805 ], [ -2.90561027285788, 56.46745079998302 ], [ -2.9056119063461, 56.467451237292217 ], [ -2.905624910055031, 56.467452040925657 ], [ -2.905644426319358, 56.467453695513157 ], [ -2.905656618635373, 56.467454505058825 ], [ -2.905676124201991, 56.467455710501454 ], [ -2.905707032094761, 56.467458629677466 ], [ -2.905710288373405, 56.467459055153419 ], [ -2.905737128597655, 56.467461554761989 ], [ -2.905764769518612, 56.46746359930853 ], [ -2.905775339051053, 56.467464420675284 ], [ -2.905798912301144, 56.46746604565638 ], [ -2.905809481834973, 56.467466867020249 ], [ -2.905819250676587, 56.467468143439802 ], [ -2.905837154870126, 56.467470258970394 ], [ -2.905846101616477, 56.467471092164779 ], [ -2.90585668185512, 56.46747236266453 ], [ -2.905877810226436, 56.467473556241636 ], [ -2.905887579072007, 56.467474832655839 ], [ -2.905910340938303, 56.467476463533018 ], [ -2.90594696073994, 56.46748068864791 ], [ -2.905954273997638, 56.467481084529702 ], [ -2.905970544710891, 56.467482762736424 ], [ -2.905975434488216, 56.467483625509928 ], [ -2.905979502166895, 56.467484045061113 ], [ -2.905983580549601, 56.467484913752052 ], [ -2.905987648228504, 56.467485333302974 ], [ -2.905993338697496, 56.467485741018088 ], [ -2.906005531030849, 56.467486550529614 ], [ -2.906014477784593, 56.467487383711891 ], [ -2.906023435243134, 56.467488666033425 ], [ -2.906038061763243, 56.467489457787615 ], [ -2.906046186418592, 56.467489847745881 ], [ -2.906062457139523, 56.467491525940595 ], [ -2.906065713424862, 56.46749195140724 ], [ -2.906072215290764, 56.467492353200434 ], [ -2.906080350652145, 56.467493192296352 ], [ -2.906088475308697, 56.467493582251848 ], [ -2.906095788570259, 56.467493978125326 ], [ -2.906109614404091, 56.467495224929507 ], [ -2.906115315581311, 56.467496081778926 ], [ -2.906125885130034, 56.467496903115915 ], [ -2.906129141416525, 56.467497328580933 ], [ -2.906136454679205, 56.467497724452024 ], [ -2.906144590043108, 56.467498563543749 ], [ -2.906165750555785, 56.467501104491646 ], [ -2.906199925516121, 56.467504898149222 ], [ -2.90621293996183, 56.467506150861112 ], [ -2.906228399301446, 56.467507834953423 ], [ -2.906248737722186, 56.467509932666729 ], [ -2.90628940386273, 56.467513678943504 ], [ -2.906314632078982, 56.467516639407066 ], [ -2.906347162859887, 56.467519546584363 ], [ -2.906353675441646, 56.467520397502724 ], [ -2.906363433606389, 56.467521224739762 ], [ -2.906374003167235, 56.467522046055713 ], [ -2.906400010664576, 56.467523653161997 ], [ -2.906419505579885, 56.467524409348286 ], [ -2.906428441642084, 56.467524793360973 ], [ -2.906452025665677, 56.467526867358302 ], [ -2.906484556465454, 56.467529774499702 ], [ -2.906522777751608, 56.467533089323524 ], [ -2.906543927597512, 56.467535181067326 ], [ -2.906564255338921, 56.467536829589235 ], [ -2.906575647015186, 56.467538094106374 ], [ -2.906595985470661, 56.467540191762978 ], [ -2.90659923105476, 56.467540168075828 ], [ -2.906611434129202, 56.467541426667886 ], [ -2.906616313216916, 56.467541840276404 ], [ -2.906624448600512, 56.467542679336781 ], [ -2.906631783299986, 56.467543973458532 ], [ -2.906635039596027, 56.467544398910313 ], [ -2.906637484496026, 56.467544830284076 ], [ -2.906648865465235, 56.467545645654631 ], [ -2.906655367346156, 56.467546047417365 ], [ -2.906662680623353, 56.46754644325754 ], [ -2.906679762791025, 56.467548115449411 ], [ -2.906700101257423, 56.467550213089027 ], [ -2.906722873914795, 56.467552292957542 ], [ -2.906750536378413, 56.467555235565008 ], [ -2.906777387449879, 56.467558184089306 ], [ -2.906783077937853, 56.467558591768316 ], [ -2.906805861318296, 56.467561120761516 ], [ -2.906809929014138, 56.467561540285594 ], [ -2.906820520023127, 56.467563259843381 ], [ -2.906830299636565, 56.467564985323584 ], [ -2.906840879933326, 56.467566255739769 ], [ -2.906857150720916, 56.467567933830694 ], [ -2.906860407021468, 56.467568359276591 ], [ -2.906869364526964, 56.467569641537352 ], [ -2.906875877128699, 56.467570492428436 ], [ -2.906892147919598, 56.467572170514785 ], [ -2.906905995236753, 56.467574315510305 ], [ -2.906922287460685, 56.467576891872476 ], [ -2.906927988668066, 56.467577748684739 ], [ -2.906940202480375, 56.467579456384463 ], [ -2.906943458782819, 56.4675798818282 ], [ -2.906946725800682, 56.467580756411721 ], [ -2.90694998210331, 56.467581181855273 ], [ -2.906958939614779, 56.467582464109611 ], [ -2.90696300731454, 56.467582883628687 ], [ -2.906971954111195, 56.467583716742226 ], [ -2.906975221130035, 56.467584591325007 ], [ -2.906989879853232, 56.467586730386955 ], [ -2.906993136156842, 56.467587155829392 ], [ -2.907000460161231, 56.467588000789597 ], [ -2.907013485377002, 56.467589702557738 ], [ -2.907019197304518, 56.4675910085057 ], [ -2.907039578677779, 56.467594902649381 ], [ -2.907046913401199, 56.46759619674674 ], [ -2.907055048805627, 56.467597035779022 ], [ -2.907070508218376, 56.467598719766869 ], [ -2.907072953126717, 56.467599151132092 ], [ -2.907080277135142, 56.467599996087628 ], [ -2.90708678974668, 56.467600846967692 ], [ -2.907094113755729, 56.467601691922404 ], [ -2.907099804253456, 56.467602099586969 ], [ -2.90710792894302, 56.467602489475929 ], [ -2.907117676427234, 56.467602867514024 ], [ -2.907126623231862, 56.467603700616451 ], [ -2.907134769357172, 56.4676049887834 ], [ -2.907143716162661, 56.467605821884597 ], [ -2.907171346542769, 56.467607416979099 ], [ -2.907190841515065, 56.467608173044582 ], [ -2.907208713693398, 56.467608940958577 ], [ -2.907211158603935, 56.4676093723211 ], [ -2.907219283296117, 56.467609762202791 ], [ -2.907228219385835, 56.467610146158066 ], [ -2.90724689224428, 56.467610459000809 ], [ -2.907259885321334, 56.46761081332361 ], [ -2.907285860756765, 56.467611072825306 ], [ -2.907313469706942, 56.467611769608524 ], [ -2.907340267260667, 56.46761247231224 ], [ -2.907348381234647, 56.467612413045643 ], [ -2.907361374313202, 56.467612767357842 ], [ -2.907445759641246, 56.467612150944987 ], [ -2.907481471846853, 56.467612339277515 ], [ -2.907517173330615, 56.467612078459922 ], [ -2.907528543615729, 56.467612444610204 ], [ -2.907549650669373, 56.46761273962381 ], [ -2.907626733417016, 56.467612176439722 ], [ -2.907629968282906, 56.46761170358581 ], [ -2.907635648064127, 56.467611662085993 ], [ -2.907642939916384, 56.467611159588856 ], [ -2.907655911549475, 56.467610615590552 ], [ -2.907660779933204, 56.467610580018267 ], [ -2.907667260387632, 56.467610083448427 ], [ -2.907673751565823, 56.467610036018087 ], [ -2.907681043417242, 56.467609533518704 ], [ -2.907692413703016, 56.467609899653979 ], [ -2.907707029578078, 56.467610242072134 ], [ -2.907754902016454, 56.46760989225011 ], [ -2.907769496441864, 56.467609336381216 ], [ -2.907773553428042, 56.467609306733955 ], [ -2.907794628305316, 56.467608254286361 ], [ -2.907800297360331, 56.467607763639158 ], [ -2.907850603985888, 56.467607395991251 ], [ -2.907853048903469, 56.467607827341162 ], [ -2.907860351478126, 56.467607773971075 ], [ -2.907861963546333, 56.467607312971154 ], [ -2.907866821203147, 56.46760682825095 ], [ -2.907869255394628, 56.467606810460701 ], [ -2.907871668133564, 56.467605894390715 ], [ -2.907874102324983, 56.467605876600359 ], [ -2.907877337187198, 56.467605403739981 ], [ -2.907882194843568, 56.467604919019173 ], [ -2.907887063226263, 56.467604883438021 ], [ -2.907891920882437, 56.467604398716823 ], [ -2.907909771618643, 56.467604268250277 ], [ -2.907926021014343, 56.467605047921765 ], [ -2.907932522918202, 56.46760544961775 ], [ -2.907940647616442, 56.467605839452268 ], [ -2.907976349089574, 56.467605578502571 ], [ -2.907987719376723, 56.467605944610831 ], [ -2.907999890333415, 56.467605855647243 ], [ -2.908027467106883, 56.467605204852184 ], [ -2.908055033150907, 56.467604104911153 ], [ -2.908069638297952, 56.467603998146785 ], [ -2.908080175730911, 56.467603471898265 ], [ -2.908084221987337, 56.467602993101004 ], [ -2.908105296851972, 56.467601940600609 ], [ -2.908114211489857, 56.467601426212454 ], [ -2.908132873620554, 56.467601289782102 ], [ -2.908141777528437, 56.467600326252132 ], [ -2.908149880768477, 56.467599817793293 ], [ -2.908158795405229, 56.467599303401933 ], [ -2.908170144232499, 56.467598771213801 ], [ -2.908180692392448, 56.467598694096566 ], [ -2.908203379315459, 56.467597180575375 ], [ -2.908226877633465, 56.467595661117592 ], [ -2.908248763886656, 56.467594602660355 ], [ -2.908252009473912, 56.467594578930026 ], [ -2.908261724773911, 56.467593609458824 ], [ -2.90829336924851, 56.467593378081112 ], [ -2.908302305344405, 56.467593761959122 ], [ -2.908310440775128, 56.467594600909287 ], [ -2.908320999665083, 56.467594972919983 ], [ -2.908364815092178, 56.467594652527765 ], [ -2.908371295534322, 56.467594155921113 ], [ -2.90837858737306, 56.467593653380682 ], [ -2.908396405904443, 56.467592175424592 ], [ -2.908406943329322, 56.467591649148304 ], [ -2.90841990421127, 56.467590655930216 ], [ -2.908430441635382, 56.467590129651931 ], [ -2.908447459499442, 56.467589106762084 ], [ -2.90847339199208, 56.467587569455922 ], [ -2.908494456103105, 56.467586067749501 ], [ -2.908505804921413, 56.46758553553061 ], [ -2.908527680426505, 56.467584027884293 ], [ -2.908556025633052, 56.467581574477933 ], [ -2.908592484799954, 56.467579061717117 ], [ -2.908625698376551, 56.467576572685772 ], [ -2.908665381647732, 56.467573137883612 ], [ -2.908677520384343, 56.467571701434011 ], [ -2.908703431383181, 56.467569265799995 ], [ -2.908737424130359, 56.467565423383597 ], [ -2.908755242634058, 56.467563945375851 ], [ -2.908775495324381, 56.467562449557484 ], [ -2.908781965018465, 56.46756150378949 ], [ -2.908794925879954, 56.467560510532124 ], [ -2.90879734933067, 56.467560043583823 ], [ -2.908810331665907, 56.467559948604524 ], [ -2.908813566512334, 56.467559475719661 ], [ -2.908818424150537, 56.467558990962111 ], [ -2.908829740743253, 56.467557111294035 ], [ -2.908837021830915, 56.467556159586771 ], [ -2.908849160555462, 56.467554723120323 ], [ -2.908857263775861, 56.467554214615191 ], [ -2.908864544862265, 56.467553262906321 ], [ -2.908891235017071, 56.467549473876836 ], [ -2.908919547957748, 56.467545672967674 ], [ -2.908964867981398, 56.467540399951197 ], [ -2.908978618747587, 56.467538502457678 ], [ -2.909006141755071, 56.467535605745681 ], [ -2.909009376596946, 56.46753513285568 ], [ -2.90904500281256, 56.467531727619416 ], [ -2.909053917420595, 56.467531213163603 ], [ -2.909085475911844, 56.467527388464994 ], [ -2.909125970483848, 56.467523947577007 ], [ -2.909131628767402, 56.467523007729 ], [ -2.909146212396413, 56.46752200255812 ], [ -2.909160785283184, 56.467520548245695 ], [ -2.909163219468275, 56.467520530430036 ], [ -2.909183439893622, 56.467517687125387 ], [ -2.909204471710813, 56.46751483787861 ], [ -2.909212564175673, 56.467513880210383 ], [ -2.90922550352482, 56.46751198862826 ], [ -2.909236830825431, 56.467510558062692 ], [ -2.909249780914715, 56.467509115617844 ], [ -2.909257072725025, 56.46750861302565 ], [ -2.909265165187203, 56.467507655353977 ], [ -2.909283773551488, 56.467505273051188 ], [ -2.909312075675948, 56.467501022912238 ], [ -2.909323397598279, 56.467499367768809 ], [ -2.909334719519617, 56.467497712624372 ], [ -2.9093354947728, 56.467497620699291 ], [ -2.909337584249745, 56.46749737360684 ], [ -2.909338663792222, 56.467497246212091 ], [ -2.909338765748596, 56.467497233786048 ], [ -2.909339181236808, 56.467497165158619 ], [ -2.909339798800105, 56.467497062708198 ], [ -2.909339949139328, 56.467497037349858 ], [ -2.90934017709309, 56.467496999743673 ], [ -2.909340369474416, 56.467496967788513 ], [ -2.909340699255627, 56.467496912366606 ], [ -2.909341029058323, 56.467496857842974 ], [ -2.909341033930803, 56.467497740072382 ], [ -2.909361236712359, 56.467495449406329 ], [ -2.909366361461938, 56.467494868335862 ], [ -2.909439142279502, 56.467486616144974 ], [ -2.909558084100306, 56.467471819518984 ], [ -2.909695752365723, 56.467459580951704 ], [ -2.909823759065898, 56.467450557524991 ], [ -2.909952566346405, 56.467441078882388 ], [ -2.910073216623342, 56.467429862991956 ], [ -2.91020439342462, 56.467417671414722 ], [ -2.910326655580127, 56.467405994246491 ], [ -2.910446397430641, 56.467390741679786 ], [ -2.910584215721663, 56.46738479008134 ], [ -2.910707213725193, 56.46736996261037 ], [ -2.910849340656703, 56.467340619754026 ], [ -2.910970166731679, 56.467302897789338 ], [ -2.911072233740529, 56.467261270323178 ], [ -2.911171791005743, 56.467216516648044 ], [ -2.911284114903017, 56.467162684856291 ], [ -2.911433277661834, 56.467088367815649 ], [ -2.911578339840124, 56.467012283804365 ], [ -2.911687068800887, 56.46697779442426 ], [ -2.911816660395749, 56.467001101042491 ], [ -2.911949899648924, 56.467007310429253 ], [ -2.912087978117469, 56.466978445063852 ], [ -2.912209052773886, 56.466917360648907 ], [ -2.912306877252856, 56.466868126567014 ], [ -2.912418645841926, 56.46682507904567 ], [ -2.91252971060816, 56.466786528780801 ], [ -2.912665957517397, 56.46678283247676 ], [ -2.912785629161055, 56.466798574245033 ], [ -2.912908686629244, 56.466820130863532 ], [ -2.913019204415887, 56.466860197514983 ], [ -2.913151769967084, 56.466905941841326 ], [ -2.913267903192399, 56.466943271681878 ], [ -2.913388829402286, 56.466977421638958 ], [ -2.913517761733634, 56.467007020410861 ], [ -2.913649680737651, 56.467025815823412 ], [ -2.9137755207421, 56.467028034706253 ], [ -2.913900279446734, 56.467019030936825 ], [ -2.914021490197812, 56.466997475009549 ], [ -2.914138481899339, 56.466969211722258 ], [ -2.914265848562537, 56.466933684451817 ], [ -2.914393377031169, 56.466904894145763 ], [ -2.914533086811494, 56.466876463241718 ], [ -2.914656633628776, 56.46685084650985 ], [ -2.914821614644042, 56.466827170602457 ], [ -2.915002725729469, 56.46679933268129 ], [ -2.915182300289624, 56.466775099568395 ], [ -2.915314122313104, 56.466756159493819 ], [ -2.91549282019482, 56.466729237069465 ], [ -2.91575327206698, 56.466693625741989 ], [ -2.91589881115682, 56.466671439374274 ], [ -2.9160241306352, 56.466652097262966 ], [ -2.916162421153628, 56.466632210134556 ], [ -2.916293322557413, 56.466608783600854 ], [ -2.916491362070304, 56.466576326405004 ], [ -2.916658753188947, 56.466551731802468 ], [ -2.916777700035357, 56.466537377372674 ], [ -2.916900584474808, 56.466518052370766 ], [ -2.917030684454618, 56.466495080224789 ], [ -2.917129388726795, 56.466448980369385 ], [ -2.917153705512102, 56.466380519543172 ], [ -2.917070325825702, 56.465588443358527 ], [ -2.917083555808337, 56.465517908137606 ], [ -2.917149130061815, 56.465457587991054 ], [ -2.918505495442737, 56.465311269560956 ], [ -2.918725838034045, 56.465295442950996 ], [ -2.92012651662711, 56.465277337445514 ], [ -2.920133363492347, 56.46527725073431 ], [ -2.920133491567934, 56.465277177909435 ], [ -2.920161266724311, 56.465262003943913 ], [ -2.923366552629465, 56.465234769514332 ], [ -2.92337518320001, 56.465239296315808 ], [ -2.923375749309896, 56.465245230790714 ], [ -2.925105782394398, 56.465228759435249 ], [ -2.925106209994162, 56.465220319891358 ], [ -2.925263147636023, 56.46521881728485 ], [ -2.925274365779382, 56.465219623086824 ], [ -2.925280694089361, 56.465221570433869 ], [ -2.925283454517421, 56.465222960400546 ], [ -2.925289088766815, 56.46522839887205 ], [ -2.925289973369835, 56.465234070419385 ], [ -2.925293342398323, 56.465278204545079 ], [ -2.925294309883208, 56.465290882411765 ], [ -2.925307016950789, 56.465457556175942 ], [ -2.925308064562453, 56.465471258565366 ], [ -2.925631249245114, 56.465462567970569 ], [ -2.926052511498246, 56.465451239897334 ], [ -2.928035585549383, 56.465397898660974 ], [ -2.92804684510755, 56.465520074344745 ], [ -2.928052059597133, 56.465576780898161 ], [ -2.928263089946373, 56.465710094339777 ], [ -2.929250224631252, 56.465596357119495 ], [ -2.929270346110268, 56.465477351574052 ], [ -2.929274010536099, 56.465477207332974 ], [ -2.9295394167603, 56.465466549399139 ], [ -2.929808152577024, 56.465469270698534 ], [ -2.93000713814341, 56.465488811960654 ], [ -2.930139460398054, 56.465499427988519 ], [ -2.930346749842305, 56.465526013139502 ], [ -2.930619060567019, 56.465507673355013 ], [ -2.93094416557417, 56.465519771420148 ], [ -2.931210806077509, 56.465529692948266 ], [ -2.931881812902402, 56.465518348286501 ], [ -2.931995153791784, 56.465520641568276 ], [ -2.931993942875147, 56.465537451539696 ], [ -2.932225713209989, 56.465511272828316 ], [ -2.932478136878272, 56.465480176724434 ], [ -2.932479568570599, 56.465459142405294 ], [ -2.932480489984274, 56.465443772110049 ], [ -2.932481235233793, 56.465441071181239 ], [ -2.932481991498915, 56.465438819390997 ], [ -2.932483087723377, 56.465437193955843 ], [ -2.932483559107508, 56.465436561503424 ], [ -2.932485137731657, 56.465434752754412 ], [ -2.932486738387176, 56.465433842282572 ], [ -2.932494007431129, 56.465432439990444 ], [ -2.932752278738499, 56.465404219311715 ], [ -2.93283201321301, 56.465395506960874 ], [ -2.932833923132841, 56.465395294944813 ], [ -2.932900003811684, 56.465343407204038 ], [ -2.932995539595171, 56.465268297808883 ], [ -2.933741850729636, 56.464960357706893 ], [ -2.933754809999298, 56.464959361739197 ], [ -2.933736238800289, 56.464897059693001 ], [ -2.934167809036306, 56.464858412541865 ], [ -2.934164965588149, 56.464848371384299 ], [ -2.93417921631621, 56.46484709611542 ], [ -2.934164685583396, 56.464797341909971 ], [ -2.93423998693746, 56.464790575693414 ], [ -2.934254513351001, 56.464840150235212 ], [ -2.934270382319248, 56.464838683082419 ], [ -2.934273219172418, 56.464848454754588 ], [ -2.934312420182609, 56.464865229999859 ], [ -2.934293411069023, 56.464785142142802 ], [ -2.934358820782197, 56.464778719869386 ], [ -2.934366910827698, 56.464810733377597 ], [ -2.93446716800884, 56.464802431425532 ], [ -2.934481054487958, 56.464852370141642 ], [ -2.934409001649297, 56.464905471719923 ], [ -2.934499348747558, 56.464942975147046 ], [ -2.934585666783877, 56.464935406996347 ], [ -2.934777090320412, 56.464918691464881 ], [ -2.935134152343642, 56.464886080059443 ], [ -2.935142156908396, 56.464914590164902 ], [ -2.935156584156809, 56.464966680870432 ], [ -2.93518400339235, 56.46505209563631 ], [ -2.93566090516885, 56.465008874851378 ], [ -2.935883286375541, 56.464990484753244 ], [ -2.936405981895246, 56.464941794194729 ], [ -2.936539248506583, 56.464929466855637 ], [ -2.936718983706757, 56.464912655339155 ], [ -2.93713253985815, 56.464874130373524 ], [ -2.937272601236577, 56.464860942277888 ], [ -2.937504176766145, 56.464840323504482 ], [ -2.937695263073706, 56.46482315519016 ], [ -2.937826432667493, 56.464811381411451 ], [ -2.93794871079284, 56.464801022448206 ], [ -2.938092850415521, 56.464788701013596 ], [ -2.938214261646004, 56.464776102246056 ], [ -2.938527591823691, 56.464747225914017 ], [ -2.93881016869548, 56.464721726296546 ], [ -2.939129166145332, 56.464692356309072 ], [ -2.939302423945608, 56.464676219072672 ], [ -2.939262763063852, 56.464548940857853 ], [ -2.94050577835635, 56.464443830659604 ], [ -2.941673434063272, 56.464343323670015 ], [ -2.942174694347266, 56.464301330515241 ], [ -2.942546686875021, 56.464249537158793 ], [ -2.942764184864891, 56.464217785201079 ], [ -2.942979904773404, 56.464186859484023 ], [ -2.943006889149929, 56.464182991237429 ], [ -2.943007733311106, 56.464182869814337 ], [ -2.943141810379485, 56.464164150354208 ], [ -2.943320333527705, 56.464137994804652 ], [ -2.943302848374908, 56.464112890674755 ], [ -2.943253186007672, 56.46404156405827 ], [ -2.943195866333408, 56.463955300709387 ], [ -2.943180602678416, 56.463932075364674 ], [ -2.943171225264472, 56.463917807604922 ], [ -2.943165002485474, 56.463908367420508 ], [ -2.94313102231936, 56.463860110173769 ], [ -2.943141335353979, 56.463850598068987 ], [ -2.943255194919962, 56.463828169044966 ], [ -2.943269865312852, 56.463830752722586 ], [ -2.943300331588635, 56.463881282774572 ], [ -2.943664548430947, 56.463810678061591 ], [ -2.943635760075272, 56.463762381432055 ], [ -2.943789138912128, 56.463730217422089 ], [ -2.944165235743713, 56.463654489542911 ], [ -2.944162877095817, 56.463651003591075 ], [ -2.944169211372259, 56.463644666255156 ], [ -2.94429353854823, 56.463619012015307 ], [ -2.944304163570684, 56.463622075610708 ], [ -2.94434634629613, 56.463686891177943 ], [ -2.944461924364198, 56.463864350998982 ], [ -2.944806399609664, 56.463783112108821 ], [ -2.945080669480395, 56.463717681093044 ], [ -2.945370330820071, 56.463651233651028 ], [ -2.945793840411113, 56.463550521997277 ], [ -2.946101180136646, 56.463477199685627 ], [ -2.946353685808582, 56.463417771897973 ], [ -2.946673159248058, 56.463343007897137 ], [ -2.946998243353866, 56.46326550490484 ], [ -2.947341907512554, 56.463184714535842 ], [ -2.947715442411161, 56.463097854993372 ], [ -2.948117571999745, 56.463005834212829 ], [ -2.950942262249701, 56.462339745868803 ], [ -2.951000354898605, 56.462326542365055 ], [ -2.951139152340799, 56.462295828956051 ], [ -2.951143186232203, 56.462294899564789 ], [ -2.951148831432609, 56.462293508590207 ], [ -2.951155299141413, 56.462292560523366 ], [ -2.951160955577279, 56.462291618681341 ], [ -2.951163378158808, 56.462291150872801 ], [ -2.951172290920952, 56.462290633262697 ], [ -2.951181214919346, 56.462290564785036 ], [ -2.951190150154309, 56.462290945439811 ], [ -2.951194206517234, 56.462290914313094 ], [ -2.95120803186158, 56.462292155880512 ], [ -2.951221068408142, 56.462294301938037 ], [ -2.951233293683479, 56.462296454219789 ], [ -2.951246352707497, 56.46229949854073 ], [ -2.95125206532883, 56.462300802359884 ], [ -2.951276583314433, 56.462307801714161 ], [ -2.951416573196183, 56.462363661369437 ], [ -2.951432309934309, 56.462369946449591 ], [ -2.951581982140143, 56.46243007059126 ], [ -2.951635917292462, 56.462451757870355 ], [ -2.951681489777521, 56.462470005458357 ], [ -2.951711781810294, 56.462481398538621 ], [ -2.951755213147267, 56.462497739888789 ], [ -2.952020755394897, 56.462603062863096 ], [ -2.952276496243118, 56.46270576526058 ], [ -2.952281408941526, 56.46270752437195 ], [ -2.952305916189423, 56.462714074263232 ], [ -2.952310006356705, 56.462715390477527 ], [ -2.952314896557304, 56.462716251322519 ], [ -2.95231979800851, 56.462717561299769 ], [ -2.952324688209617, 56.462718422144349 ], [ -2.952334446111378, 56.462719245567953 ], [ -2.952338502528393, 56.462719214383817 ], [ -2.952343358978132, 56.462718727830207 ], [ -2.952347415395081, 56.462718696645787 ], [ -2.952351460561255, 56.462718216328767 ], [ -2.952355494476508, 56.46271728687914 ], [ -2.952359539642423, 56.462716806561865 ], [ -2.952363562306409, 56.462715427979525 ], [ -2.952365973654469, 56.462714511003561 ], [ -2.952372396414704, 56.462711766312523 ], [ -2.952375596543412, 56.462709944834401 ], [ -2.952390328382671, 56.462702015166649 ], [ -2.952436443936536, 56.46267713326634 ], [ -2.952438832776718, 56.462675318024246 ], [ -2.952445210517316, 56.462670776800067 ], [ -2.952449221921229, 56.46266894908279 ], [ -2.95245404460699, 56.462667115127836 ], [ -2.952460478604614, 56.462664819565106 ], [ -2.952466123823556, 56.462663428504534 ], [ -2.952479059328914, 56.462661532172085 ], [ -2.952485538333451, 56.462661033137778 ], [ -2.952491206055723, 56.462660540340934 ], [ -2.952500941440764, 56.462660465487026 ], [ -2.952506631667962, 56.462660870954281 ], [ -2.9525123106426, 56.462660827288886 ], [ -2.952523713603097, 56.462662536486874 ], [ -2.952528603801593, 56.46266339732351 ], [ -2.952538390929723, 56.462666035351013 ], [ -2.952553602333943, 56.46267012307559 ], [ -2.952607118948065, 56.462700977192327 ], [ -2.952613530233984, 56.462704252110591 ], [ -2.952624362719336, 56.462709748108715 ], [ -2.952634735937424, 56.462715049981263 ], [ -2.952642792303366, 56.462719210684952 ], [ -2.952591743657849, 56.462747993876 ], [ -2.952673742784973, 56.462795070345081 ], [ -2.952804000201689, 56.46286455098145 ], [ -2.952830992462754, 56.46287894297965 ], [ -2.952876050129661, 56.462853296399217 ], [ -2.952916110025094, 56.46287559293954 ], [ -2.952924932429444, 56.462880529371162 ], [ -2.952927907941699, 56.462885286169922 ], [ -2.952929465707161, 56.462891105046531 ], [ -2.952929575568869, 56.462896135451722 ], [ -2.95292734749981, 56.46290436431034 ], [ -2.952914768154732, 56.462919177483329 ], [ -2.952822719551954, 56.462969748810856 ], [ -2.952786677752897, 56.462989926421358 ], [ -2.952134527164313, 56.463355079540491 ], [ -2.95212496032145, 56.463361891359618 ], [ -2.952123371471448, 56.463363251228998 ], [ -2.952120993820361, 56.463365515599335 ], [ -2.952118661161949, 56.463369576499737 ], [ -2.952117906105497, 56.463371828398266 ], [ -2.952117139800732, 56.463373631164259 ], [ -2.95211722978654, 56.463377224224523 ], [ -2.952118097325507, 56.463379463651286 ], [ -2.952118153566705, 56.463381709313957 ], [ -2.952121511241017, 56.46338617569571 ], [ -2.952124851790312, 56.463390606271453 ], [ -2.952129080887337, 56.46339617103358 ], [ -2.952153397938674, 56.463428157183778 ], [ -2.952112976685554, 56.463440686636105 ], [ -2.952113965513567, 56.463441936848824 ], [ -2.952504549156763, 56.463938016231893 ], [ -2.952632158736991, 56.464101808327229 ], [ -2.95277703864881, 56.464287658818115 ], [ -2.952788898116819, 56.464303676575256 ], [ -2.9527988758533, 56.464317139274989 ], [ -2.952806222743722, 56.46431887963432 ], [ -2.952808679211991, 56.464319759175403 ], [ -2.952815169757035, 56.46431970924678 ], [ -2.952821626530695, 56.464318311921488 ], [ -2.953186450343095, 56.464240036219827 ], [ -2.953510132144646, 56.464171509791719 ], [ -2.953567052691409, 56.464159373952647 ], [ -2.95385252702661, 56.464098525948906 ], [ -2.954877447704854, 56.46388021531029 ], [ -2.955362515384866, 56.463775850225709 ], [ -2.955632091410788, 56.463718067760396 ], [ -2.955771701760797, 56.463687342235851 ], [ -2.955896798777076, 56.46366032230133 ], [ -2.955942817160735, 56.463650982817207 ], [ -2.955949836522859, 56.463639698201632 ], [ -2.955938093637865, 56.463625135339839 ], [ -2.955935178595914, 56.463621510187195 ], [ -2.955934508998478, 56.463620697778211 ], [ -2.955904959248273, 56.463584054016984 ], [ -2.955417511964963, 56.462979492635917 ], [ -2.955393691915361, 56.462949947099318 ], [ -2.955386198439668, 56.462942368185189 ], [ -2.955382975864327, 56.462943291474708 ], [ -2.955377319426101, 56.462944233534685 ], [ -2.955372462987914, 56.462944720206629 ], [ -2.955370040412394, 56.462945188108016 ], [ -2.955365183973984, 56.462945674779682 ], [ -2.955356259810262, 56.46294574360379 ], [ -2.955350569509958, 56.462945338269613 ], [ -2.955345690497373, 56.462944926678553 ], [ -2.955335909898862, 56.462943205233834 ], [ -2.955331008313175, 56.46294189538019 ], [ -2.955327751876302, 56.462941471275315 ], [ -2.955325284153623, 56.462940142651831 ], [ -2.95532200514365, 56.462938820284791 ], [ -2.95531953742135, 56.462937491661179 ], [ -2.95531705841263, 56.462935713906525 ], [ -2.955315401978087, 56.462934379026386 ], [ -2.955313734257109, 56.462932595015204 ], [ -2.955310859682679, 56.462929283985176 ], [ -2.955307433632416, 56.462925339318232 ], [ -2.95530362287866, 56.462920939415461 ], [ -2.955294965356495, 56.462910952678754 ], [ -2.955281276947635, 56.462895155917636 ], [ -2.955271950996478, 56.462884401678451 ], [ -2.955268134026243, 56.462876524874474 ], [ -2.955266823701387, 56.462874109201245 ], [ -2.955265922127674, 56.462870522409041 ], [ -2.955264220554151, 56.46286739100389 ], [ -2.955263318980859, 56.462863804211636 ], [ -2.955263127120282, 56.46285616898399 ], [ -2.955263848118592, 56.462852569679661 ], [ -2.955266157829982, 56.462847610470106 ], [ -2.955268467540763, 56.462842651260544 ], [ -2.955273999819987, 56.462836768764546 ], [ -2.955278754670613, 56.462832239917574 ], [ -2.955287543372997, 56.46282678152761 ], [ -2.955301988494499, 56.462820381081329 ], [ -2.95530923362629, 56.46281807911965 ], [ -2.955315690045451, 56.462816681675967 ], [ -2.955383714033501, 56.462811224665721 ], [ -2.955396427950657, 56.462810201223661 ], [ -2.955429873503378, 56.462807535468365 ], [ -2.955514904853779, 56.462800770264352 ], [ -2.955525286305938, 56.462832854197252 ], [ -2.955591076853298, 56.462828932657445 ], [ -2.955859092693101, 56.462806200903096 ], [ -2.955841140998212, 56.462769952767978 ], [ -2.955949940343331, 56.462759679665226 ], [ -2.955882654520407, 56.462581499996126 ], [ -2.955853581712442, 56.462587025091608 ], [ -2.955835012621101, 56.462590762109478 ], [ -2.955826122421348, 56.462592178356886 ], [ -2.955806719460054, 56.462595023368635 ], [ -2.955774358600652, 56.462598866786756 ], [ -2.955610154230924, 56.462619449921199 ], [ -2.955534108359683, 56.462628571649702 ], [ -2.955517105558025, 56.462630059434403 ], [ -2.95551694375344, 56.462630078651152 ], [ -2.955497333819173, 56.462631793182659 ], [ -2.955467716545659, 56.462634384503758 ], [ -2.955466220412613, 56.462639427284884 ], [ -2.955257282354362, 56.46265586279268 ], [ -2.955194733457534, 56.462620856866181 ], [ -2.955125931406579, 56.462595332697497 ], [ -2.954999719339961, 56.462545544072881 ], [ -2.954927535055797, 56.462449967821883 ], [ -2.954830302227874, 56.46232628383185 ], [ -2.954795139054185, 56.462332268900198 ], [ -2.954368958760617, 56.462405307428661 ], [ -2.954072448995089, 56.462456556125886 ], [ -2.953768648168734, 56.462508309487603 ], [ -2.953401045990738, 56.462572143003925 ], [ -2.953354185473173, 56.462580230198292 ], [ -2.953340472549213, 56.46258348025885 ], [ -2.953370218914934, 56.462637157578605 ], [ -2.953374134151303, 56.462646381351711 ], [ -2.953378187754683, 56.462655945465976 ], [ -2.953376421223109, 56.462674161401011 ], [ -2.953374617255608, 56.462694767467354 ], [ -2.953367527816848, 56.462711694679783 ], [ -2.953353732673158, 56.46272784693555 ], [ -2.95334126653461, 56.462736163573332 ], [ -2.953322169899927, 56.462748646078531 ], [ -2.953305915762837, 56.462754107879981 ], [ -2.953291865184902, 56.46275748631642 ], [ -2.953256260115426, 56.462762701709359 ], [ -2.953168552129148, 56.462766934407028 ], [ -2.95315217524391, 56.462766206899659 ], [ -2.953134821247826, 56.462763402533184 ], [ -2.952891471863261, 56.462628792984205 ], [ -2.952878754068956, 56.462621891979921 ], [ -2.952843382691626, 56.462602757795075 ], [ -2.952827260962503, 56.462594077107006 ], [ -2.95280900064573, 56.462584244896277 ], [ -2.9527542175021, 56.462554658419478 ], [ -2.95274483609911, 56.46254942978765 ], [ -2.952742357238662, 56.462547651976557 ], [ -2.95273986712308, 56.462545425033113 ], [ -2.952737388263136, 56.462543647221914 ], [ -2.952734019336879, 56.462538731723853 ], [ -2.952727196837958, 56.462533941614012 ], [ -2.952723639455413, 56.462531219753011 ], [ -2.952722958089772, 56.462527343742131 ], [ -2.952724047105928, 56.462515754504629 ], [ -2.952670698339736, 56.462408046775352 ], [ -2.952571312474539, 56.462198127344948 ], [ -2.952501176168668, 56.462054467327029 ], [ -2.952493514678474, 56.462040151225018 ], [ -2.952487464478659, 56.462025373515246 ], [ -2.952484325870199, 56.46201604490691 ], [ -2.952500584401435, 56.462014653107602 ], [ -2.952495879934438, 56.461988814264863 ], [ -2.952494874562466, 56.461971356360905 ], [ -2.952502006273897, 56.461951571832202 ], [ -2.952512131429661, 56.461935322102462 ], [ -2.95252042512657, 56.4619262919256 ], [ -2.952530361467291, 56.461915461227129 ], [ -2.952548169393248, 56.461902719223396 ], [ -2.952578771033457, 56.461887614783748 ], [ -2.95262070879061, 56.461870266919711 ], [ -2.953203091458164, 56.461686818671389 ], [ -2.953887869141503, 56.461471044361048 ], [ -2.955331218446569, 56.46101286136048 ], [ -2.955462461514107, 56.461146794460298 ], [ -2.955543939357465, 56.461224779267631 ], [ -2.956547387745413, 56.460911208725896 ], [ -2.956719969446, 56.46083692326188 ], [ -2.956794024564693, 56.460781097631596 ], [ -2.956873803351986, 56.460727024630636 ], [ -2.956994381218156, 56.460682070041344 ], [ -2.957121380844187, 56.460634370429908 ], [ -2.957275894306659, 56.460583762823838 ], [ -2.957397406873599, 56.460543742037984 ], [ -2.957614833787593, 56.460478272929407 ], [ -2.957772489021413, 56.460423597498583 ], [ -2.957875330894586, 56.460383271372194 ], [ -2.958020726347725, 56.460325096680414 ], [ -2.95817965187421, 56.46025648520277 ], [ -2.958317013335877, 56.460201516834665 ], [ -2.958464403509159, 56.460158150399977 ], [ -2.958618305790094, 56.460115631852887 ], [ -2.958737653545243, 56.460086407787742 ], [ -2.958885167381618, 56.460047981308435 ], [ -2.958997861776856, 56.460012339763736 ], [ -2.959102441468704, 56.45997667108842 ], [ -2.959205246666324, 56.459934996557493 ], [ -2.959311251180865, 56.459891500310214 ], [ -2.959421998080827, 56.459843025872409 ], [ -2.959534333120184, 56.459793191393878 ], [ -2.959637205350738, 56.459754211311612 ], [ -2.959757856090692, 56.459712398148774 ], [ -2.959870813988901, 56.459687265490601 ], [ -2.959991997299293, 56.459666561178466 ], [ -2.960123851038338, 56.459650715459929 ], [ -2.960261258372205, 56.459629885183162 ], [ -2.960397729526977, 56.459604120629812 ], [ -2.960519621351827, 56.459579367374985 ], [ -2.960643112740078, 56.459553703170769 ], [ -2.960758276174722, 56.459519568300941 ], [ -2.960876276514529, 56.459483850753145 ], [ -2.960884694181447, 56.459481303109953 ], [ -2.960929313286123, 56.45946731800111 ], [ -2.961011077866505, 56.459441690413044 ], [ -2.961131073805318, 56.459406170087263 ], [ -2.961259113458404, 56.459367891955907 ], [ -2.961367020314079, 56.459335609705015 ], [ -2.9614781263725, 56.459301505676933 ], [ -2.961606896987192, 56.459260077018108 ], [ -2.961720356679662, 56.459222810005606 ], [ -2.961829085280519, 56.459190970211928 ], [ -2.961961156759242, 56.459151761665716 ], [ -2.962104482494314, 56.459108422664166 ], [ -2.962211508451157, 56.459073451257048 ], [ -2.962303568779202, 56.459024221058783 ], [ -2.962399080674312, 56.458963913275142 ], [ -2.962409593832741, 56.458961460665762 ], [ -2.962507291863224, 56.458938672329346 ], [ -2.962543590206397, 56.458930204781019 ], [ -2.962754292211732, 56.458880564805114 ], [ -2.9628900386868, 56.458858396979416 ], [ -2.962997646832451, 56.458814436086307 ], [ -2.963018619542077, 56.458745543063024 ], [ -2.963083567264047, 56.458683046537693 ], [ -2.963185177704346, 56.458626554062946 ], [ -2.96327730392471, 56.458580017982776 ], [ -2.963371897629115, 56.458534810306155 ], [ -2.963473780418983, 56.458489096678932 ], [ -2.963577330870653, 56.458445166871002 ], [ -2.963669467537579, 56.458399079656729 ], [ -2.963766459703885, 56.458352505404143 ], [ -2.963888097283377, 56.458285973907728 ], [ -2.964072289198592, 56.458190654977493 ], [ -2.964178775570614, 56.458134572618029 ], [ -2.964398842919825, 56.458014266495702 ], [ -2.964551510677378, 56.457923683821612 ], [ -2.964702600931564, 56.457834910130451 ], [ -2.964857723540414, 56.457745206440357 ], [ -2.964949731778273, 56.457694177592501 ], [ -2.965051234425097, 56.457633641156207 ], [ -2.965189640068403, 56.45755664538121 ], [ -2.965305674547687, 56.457493300270286 ], [ -2.965394265852094, 56.457435559450083 ], [ -2.965504270829773, 56.457294546285766 ], [ -2.96540141130922, 56.457333531124412 ], [ -2.965296277709606, 56.457378822657653 ], [ -2.965177536455481, 56.457431407579691 ], [ -2.964942009672687, 56.457485800140297 ], [ -2.965065130079683, 56.457381970380226 ], [ -2.965163947406141, 56.457311571966699 ], [ -2.965282141020643, 56.457237428825685 ], [ -2.965376432688144, 56.457180542070844 ], [ -2.965483782438375, 56.457126698062822 ], [ -2.965584025351781, 56.457080546054272 ], [ -2.965688403647847, 56.457037506280983 ], [ -2.96580951937206, 56.456982656315859 ], [ -2.965934736151911, 56.456929571154227 ], [ -2.966042563631496, 56.456894590156317 ], [ -2.966194467062062, 56.456870046735901 ], [ -2.966317876464195, 56.456873576838831 ], [ -2.966439046489842, 56.456884760995081 ], [ -2.966579135709703, 56.456906129517556 ], [ -2.966712633085784, 56.456923506325666 ], [ -2.966840415578363, 56.456931817417164 ], [ -2.966897189797965, 56.456880322654108 ], [ -2.966932406355653, 56.456848380720672 ], [ -2.966934750533623, 56.456846254700224 ], [ -2.96702463481696, 56.456764735469442 ], [ -2.967235073343386, 56.456825993003982 ], [ -2.967446996070084, 56.456719796959689 ], [ -2.96762921103303, 56.456628405144095 ], [ -2.96780105900333, 56.456558782281647 ], [ -2.967695198136369, 56.456511542459801 ], [ -2.967613386124231, 56.45645288434865 ], [ -2.967554983214913, 56.456389551264408 ], [ -2.967499436522547, 56.456310922431108 ], [ -2.967475741607173, 56.456240580106105 ], [ -2.967471982401921, 56.456156605623164 ], [ -2.967509179966272, 56.456088034099608 ], [ -2.967594051464863, 56.456011902935465 ], [ -2.967677791834942, 56.45595509693652 ], [ -2.967782518498607, 56.455894084072199 ], [ -2.967894625021323, 56.45583615802947 ], [ -2.968030116735398, 56.455772658650623 ], [ -2.968128845005032, 56.455731008742298 ], [ -2.968256441879032, 56.455676106690426 ], [ -2.96846286514707, 56.455594534686263 ], [ -2.968660651202292, 56.455524260248758 ], [ -2.968786727323551, 56.455473412641332 ], [ -2.96891605902965, 56.455422988708222 ], [ -2.969025295532163, 56.455379909089181 ], [ -2.969150639685617, 56.455332211380089 ], [ -2.969279993313372, 56.455282685358128 ], [ -2.969399830753743, 56.45524176870159 ], [ -2.969579129331878, 56.455178375609101 ], [ -2.96971979164449, 56.455126963913031 ], [ -2.969917618704374, 56.455058484151188 ], [ -2.970100867961972, 56.454991016510007 ], [ -2.970272887091547, 56.454928577829882 ], [ -2.970430489095909, 56.454873439168153 ], [ -2.970670078334637, 56.454788459810075 ], [ -2.970861562108667, 56.454725868087486 ], [ -2.970974153449901, 56.454687252789292 ], [ -2.971096489268934, 56.454649010347225 ], [ -2.971253587525241, 56.454606003511287 ], [ -2.971404035978735, 56.454556759507192 ], [ -2.971516913127248, 56.454529371935763 ], [ -2.971631412310489, 56.454501971564405 ], [ -2.971744893628675, 56.454466493156552 ], [ -2.97185695915678, 56.454439111646224 ], [ -2.97197455296185, 56.454405846913076 ], [ -2.972118970172986, 56.454374618011769 ], [ -2.972236096950208, 56.45435483320842 ], [ -2.972408993988958, 56.454326974559251 ], [ -2.972485321151943, 56.454317422579798 ], [ -2.972539189888592, 56.454310680790933 ], [ -2.972726185321902, 56.454294840061095 ], [ -2.972876991583428, 56.454291411654815 ], [ -2.972999156651835, 56.454278324895803 ], [ -2.973118773410571, 56.45426076583805 ], [ -2.973256004213365, 56.454234084179909 ], [ -2.973435969810946, 56.454197184362705 ], [ -2.973569875288538, 56.454167383941922 ], [ -2.973802239142977, 56.454117494419989 ], [ -2.973954730101697, 56.454084852442868 ], [ -2.97418953770363, 56.454035392258589 ], [ -2.974317033848414, 56.454008785896541 ], [ -2.974454193810311, 56.453979408220903 ], [ -2.974673704560183, 56.453934559443525 ], [ -2.974799554815296, 56.453907067100403 ], [ -2.974930213822862, 56.453877290772951 ], [ -2.975067292200545, 56.453844768574875 ], [ -2.975215702482042, 56.453811258741986 ], [ -2.975332664563943, 56.453785183380432 ], [ -2.975493159959834, 56.453748433728116 ], [ -2.975641592524793, 56.453715821663032 ], [ -2.975890718388697, 56.453655464628824 ], [ -2.976006707037747, 56.453623107293659 ], [ -2.976149357333639, 56.453586497185078 ], [ -2.976367080130547, 56.453535370576638 ], [ -2.976505916568846, 56.453508223610918 ], [ -2.976664022536802, 56.453473288172567 ], [ -2.976859287699219, 56.453432220226802 ], [ -2.977023070539472, 56.453397239660077 ], [ -2.977190062742864, 56.453360885966958 ], [ -2.977373983260032, 56.453320355792471 ], [ -2.977519145102168, 56.453286868902083 ], [ -2.97760532313249, 56.453267635642128 ], [ -2.977675627043267, 56.453251945018714 ], [ -2.977910470689096, 56.45320427464555 ], [ -2.97802662947386, 56.453178652392531 ], [ -2.978154942585956, 56.453152485016965 ], [ -2.978287333972296, 56.453127183793285 ], [ -2.978502906909944, 56.453087300909694 ], [ -2.978681505543127, 56.45306073649553 ], [ -2.97881885513852, 56.453038989339113 ], [ -2.979001207990084, 56.453000715282457 ], [ -2.979147363242955, 56.452974406158809 ], [ -2.979308001780466, 56.452943490429561 ], [ -2.979440484194208, 56.452921781015483 ], [ -2.979693305756529, 56.452879356069708 ], [ -2.979815278624244, 56.452859076877772 ], [ -2.979934690850889, 56.452833876430475 ], [ -2.980078353725136, 56.452805339854613 ], [ -2.980221240053385, 56.452778156895107 ], [ -2.980432742026697, 56.452737853710538 ], [ -2.980636920846826, 56.452696709616632 ], [ -2.980841945031389, 56.452656906160072 ], [ -2.981010749308685, 56.452628169834007 ], [ -2.981223095405763, 56.452589206318024 ], [ -2.981342505819283, 56.452564004579486 ], [ -2.981524135457417, 56.452529326378844 ], [ -2.981671851216679, 56.452500755968963 ], [ -2.981910682309457, 56.452450800682072 ], [ -2.982047760979802, 56.452418720290858 ], [ -2.982288178340592, 56.452367404111946 ], [ -2.982499524888444, 56.452321258981478 ], [ -2.982626962835802, 56.45229284800719 ], [ -2.982801220869692, 56.452255531089527 ], [ -2.98303665374471, 56.45219976085432 ], [ -2.983234396449835, 56.452160909690349 ], [ -2.983433760835046, 56.452122045372221 ], [ -2.983560490906636, 56.4520976820057 ], [ -2.98374203487768, 56.452059856862398 ], [ -2.98391302329295, 56.452021665933032 ], [ -2.984024261532024, 56.451994280433418 ], [ -2.984143517034711, 56.451963237560072 ], [ -2.984265993253644, 56.451931270609222 ], [ -2.984412614442852, 56.451891924625698 ], [ -2.984575351451531, 56.451848407714657 ], [ -2.98474851526726, 56.451800315741529 ], [ -2.98488368751774, 56.451757466856058 ], [ -2.985028277444799, 56.451702414802654 ], [ -2.985141550897872, 56.451659739696566 ], [ -2.985254389907476, 56.451569002143692 ], [ -2.985250964034101, 56.451499401307537 ], [ -2.98531107759381, 56.451440077586078 ], [ -2.985385664588241, 56.451501028097915 ], [ -2.98544887412592, 56.451561170402407 ], [ -2.985545821217061, 56.451608467038916 ], [ -2.985601687012247, 56.45164296356684 ], [ -2.985722774015999, 56.451648699602273 ], [ -2.986060375948482, 56.451609185517668 ], [ -2.986560516595698, 56.451541592205913 ], [ -2.987107716531222, 56.451423392785337 ], [ -2.98763099085018, 56.451315428257701 ], [ -2.987830409251234, 56.451310493187911 ], [ -2.988277090040799, 56.451280151720965 ], [ -2.988524089405822, 56.451244701035385 ], [ -2.988886601637668, 56.451203883979268 ], [ -2.988968229463271, 56.451201680721624 ], [ -2.989049396387966, 56.451199160341758 ], [ -2.989530829664418, 56.451126182184403 ], [ -2.989730072516991, 56.451114548575212 ], [ -2.990019564310414, 56.4510854531798 ], [ -2.990315448116605, 56.451069699894191 ], [ -2.990580581764593, 56.451034100504984 ], [ -2.990665306743171, 56.451036773246059 ], [ -2.990691408622236, 56.451110233396918 ], [ -2.990897307080162, 56.451121985689802 ], [ -2.990975376180346, 56.451101271352002 ], [ -2.990998772239551, 56.451070947854092 ], [ -2.991168398575237, 56.451082988178641 ], [ -2.991512122318522, 56.451046759652883 ], [ -2.991692442334291, 56.45100513708411 ], [ -2.991741679654003, 56.451038229259353 ], [ -2.991839108289572, 56.451064240639496 ], [ -2.991990335235341, 56.451066381443127 ], [ -2.992098280819561, 56.451032033134787 ], [ -2.9921596981715, 56.451068377201722 ], [ -2.992262646661656, 56.451074251730482 ], [ -2.992444364070178, 56.451086194624452 ], [ -2.992497987182115, 56.451055629319939 ], [ -2.992502111635952, 56.450981927104408 ], [ -2.992555821941475, 56.450954709515443 ], [ -2.992575880464713, 56.451028217593709 ], [ -2.992613552327909, 56.451081494281475 ], [ -2.992788874895584, 56.451080093117952 ], [ -2.993084495139724, 56.451054290007121 ], [ -2.993161688453052, 56.451000095088126 ], [ -2.993278478242322, 56.451072830496209 ], [ -2.993484464691512, 56.451087925340254 ], [ -2.994010693242139, 56.451093761547824 ], [ -2.994294747348072, 56.451088139647858 ], [ -2.994536132213606, 56.451069464082217 ], [ -2.994559089196708, 56.45102240029977 ], [ -2.994613235914043, 56.451011920518845 ], [ -2.994663351531026, 56.451078490732044 ], [ -2.994894660220596, 56.451136912895258 ], [ -2.995221559172878, 56.451151037245985 ], [ -2.995832163627974, 56.451146143449655 ], [ -2.996478776646121, 56.45113091155396 ], [ -2.997004390013168, 56.451113300013908 ], [ -2.997415138524364, 56.451096607752149 ], [ -2.997578544301538, 56.451101992398108 ], [ -2.997716976629926, 56.451077440537745 ], [ -2.997812476629116, 56.451029793406093 ], [ -2.997886429325455, 56.451082777105334 ], [ -2.998002349640537, 56.451122028901793 ], [ -2.998251448067432, 56.451166907247568 ], [ -2.998505625356152, 56.451174909590385 ], [ -2.999104313230368, 56.451176792376494 ], [ -3.000150110711873, 56.451165027649523 ], [ -3.000669986658571, 56.451122336572787 ], [ -3.001128436067082, 56.451116963231932 ], [ -3.001266689810608, 56.451085711939072 ], [ -3.001530666761473, 56.451006566848136 ], [ -3.001681717560867, 56.451001999630726 ], [ -3.001929408165249, 56.45099330529019 ], [ -3.002141884032842, 56.451025077707072 ], [ -3.002511104996507, 56.451038840905994 ], [ -3.003025506739496, 56.451054780245912 ], [ -3.003672203601398, 56.451042860175932 ], [ -3.004233378448616, 56.450998141775571 ], [ -3.004412888422673, 56.45092637029952 ], [ -3.00446544052902, 56.450855625169282 ], [ -3.00442161871664, 56.450799053095004 ], [ -3.004269419655748, 56.450760100375689 ], [ -3.004045118233192, 56.450738473429055 ], [ -3.003627535991631, 56.450725105583288 ], [ -3.003198128448437, 56.450721876291595 ], [ -3.002835928339189, 56.450744892377976 ], [ -3.002287198984327, 56.450802898794834 ], [ -3.001919128690598, 56.450832656427693 ], [ -3.001671174549765, 56.450831307559433 ], [ -3.001253327666004, 56.450807886929312 ], [ -3.000738577735818, 56.450778549855407 ], [ -3.000430608613185, 56.450794424491349 ], [ -2.999754919440718, 56.450853442659309 ], [ -2.999122074546833, 56.450932203177501 ], [ -2.998675848196407, 56.450979323258757 ], [ -2.998446029182549, 56.450977822368394 ], [ -2.998257913664195, 56.450952545894211 ], [ -2.998177651780988, 56.450889567782639 ], [ -2.998212694706381, 56.450842406157335 ], [ -2.998403075102968, 56.450723676002887 ], [ -2.998538605931145, 56.450588642477101 ], [ -2.998552873375108, 56.450441190835775 ], [ -2.998495915421284, 56.450344539341017 ], [ -2.998314199782911, 56.450332606205379 ], [ -2.997975390514573, 56.450325282634829 ], [ -2.997206829426149, 56.450301318448076 ], [ -2.996655289994533, 56.45025216742561 ], [ -2.996074138331347, 56.450226692332514 ], [ -2.995499647738162, 56.450224601132092 ], [ -2.994889320762296, 56.450239536526958 ], [ -2.994230806821621, 56.450261552415675 ], [ -2.993946933880821, 56.450273869656975 ], [ -2.993730609467045, 56.450325829834149 ], [ -2.9934361323742, 56.450395156920955 ], [ -2.99316609742682, 56.450474333186939 ], [ -2.992865309047258, 56.450533664042112 ], [ -2.992696298051784, 56.450545060213521 ], [ -2.992418642474603, 56.450564022023421 ], [ -2.992493923223888, 56.450523572566588 ], [ -2.992543587577893, 56.450486006871358 ], [ -2.992747298042924, 56.450414058066286 ], [ -2.992824840205758, 56.450373255214238 ], [ -2.992884596256675, 56.450345989146349 ], [ -2.993010326527493, 56.450298104090365 ], [ -2.993074553724245, 56.450210527563954 ], [ -2.993284569249848, 56.450148573661544 ], [ -2.993495371328743, 56.450116750868276 ], [ -2.993674897394255, 56.450044994839324 ], [ -2.993848376011582, 56.449973286932185 ], [ -2.99388955612271, 56.449929425895718 ], [ -2.993911113521114, 56.449828795051189 ], [ -2.99395632678295, 56.449707882395955 ], [ -2.993917517664606, 56.449611083299864 ], [ -2.993818693692737, 56.449531506830361 ], [ -2.99387775565634, 56.449550080265531 ], [ -2.994067491560921, 56.449579955170194 ], [ -2.994152093775259, 56.449563581398778 ], [ -2.994112807768162, 56.449506340887687 ], [ -2.993988644884614, 56.44945501215296 ], [ -2.994024513190355, 56.449381474408383 ], [ -2.994098029809687, 56.449302402821282 ], [ -2.994124042959029, 56.449213246380623 ], [ -2.994198241045007, 56.449160330945638 ], [ -2.994349099504079, 56.449148658287783 ], [ -2.994515976728023, 56.449026981579756 ], [ -2.994550887837894, 56.448916824636633 ], [ -2.994613998888033, 56.44880121114636 ], [ -2.994791003850939, 56.44870561282719 ], [ -2.994892715905487, 56.448621083304808 ], [ -2.994953636276321, 56.448421770536747 ], [ -2.994902439957349, 56.448270445798443 ], [ -2.994652891155557, 56.448120710544899 ], [ -2.99451873906205, 56.448048533179495 ], [ -2.994593209498319, 56.44800607943786 ], [ -2.9947911530595, 56.447988797550146 ], [ -2.995619612334862, 56.447877514443945 ], [ -2.996685162293894, 56.447800949261442 ], [ -2.997780414342357, 56.447776458777213 ], [ -2.998489229782107, 56.447786459162039 ], [ -2.998896204951651, 56.447814580057276 ], [ -3.000052530073578, 56.447957009914745 ], [ -3.001415698158581, 56.448061135650519 ], [ -3.002379408838368, 56.448063826168081 ], [ -3.003890954690709, 56.448062083508162 ], [ -3.004902584494262, 56.448090527956978 ], [ -3.00643343643008, 56.448104294815153 ], [ -3.007281863882318, 56.448034630493794 ], [ -3.008309750970322, 56.447963502714977 ], [ -3.009781011809616, 56.447867835168928 ], [ -3.010327453562149, 56.44781106883682 ], [ -3.010753565258506, 56.447737976252689 ], [ -3.011237559174702, 56.44765967075881 ], [ -3.011670573355249, 56.44757242851378 ], [ -3.012031490929129, 56.447502515597733 ], [ -3.012231064136944, 56.447504238682086 ], [ -3.012498469193003, 56.447555636867357 ], [ -3.012866410330394, 56.447522499525462 ], [ -3.013191768607724, 56.447479662070627 ], [ -3.013794482172769, 56.447407771301982 ], [ -3.014704948448856, 56.447313271814117 ], [ -3.01513333369181, 56.447279632984646 ], [ -3.015422597933426, 56.447243782534571 ], [ -3.015796935643704, 56.447223978157318 ], [ -3.015965926443264, 56.447212550439318 ], [ -3.016116511586952, 56.447191226670476 ], [ -3.016339905748298, 56.447179352448686 ], [ -3.016587210034118, 56.44715723661961 ], [ -3.017257031321214, 56.447108220042537 ], [ -3.018161884855795, 56.447030484351949 ], [ -3.01875952081862, 56.446995444409957 ], [ -3.019748546424598, 56.446900260178467 ], [ -3.020720331523409, 56.446838695672902 ], [ -3.021426679616373, 56.44679940043352 ], [ -3.022248237980829, 56.44677254661071 ], [ -3.02293671788672, 56.446743435373328 ], [ -3.023207924815055, 56.446711062081292 ], [ -3.023352010408403, 56.446673039962249 ], [ -3.023471105208777, 56.446605085279984 ], [ -3.023806099415707, 56.446471725786012 ], [ -3.024046630442105, 56.446422861000954 ], [ -3.024119436737643, 56.446432305974696 ], [ -3.024247279670592, 56.446464738254022 ], [ -3.024306915316689, 56.446434107810489 ], [ -3.024347606, 56.446373496123698 ], [ -3.024546001239477, 56.446331675926679 ], [ -3.02479934090188, 56.446309492957347 ], [ -3.027230751983648, 56.445894257020619 ], [ -3.027404150080009, 56.445822499586136 ], [ -3.02761498960724, 56.445793965438924 ], [ -3.027939863448104, 56.445734349145042 ], [ -3.028444356800051, 56.445609618536935 ], [ -3.028697598810388, 56.44558407973976 ], [ -3.029173766116523, 56.445529903390074 ], [ -3.029770189884792, 56.445451286211295 ], [ -3.031035020909684, 56.445273354981978 ], [ -3.031775871313584, 56.445170087752331 ], [ -3.032606204138684, 56.445022539898162 ], [ -3.033502384026808, 56.444850996615791 ], [ -3.033622091705239, 56.444806467183852 ], [ -3.033766887360142, 56.444795215831824 ], [ -3.035151723806559, 56.44454435599912 ], [ -3.040326829706418, 56.448786151183668 ], [ -3.044442144927361, 56.452258318966088 ], [ -3.047495172651117, 56.454831784048714 ], [ -3.05014978538351, 56.457070736739503 ], [ -3.050948905453685, 56.457685703516809 ], [ -3.050948930254084, 56.45768660085934 ], [ -3.051930374504999, 56.458381750297839 ], [ -3.051932030290175, 56.458383533153558 ], [ -3.051996537690306, 56.458543852354182 ], [ -3.052125769111898, 56.458698142987728 ], [ -3.052398225500665, 56.45886927290411 ], [ -3.05241794354005, 56.458880781863471 ], [ -3.052640416769512, 56.458942666219087 ], [ -3.052818706299494, 56.458935763516251 ], [ -3.052931162381987, 56.458952773585445 ], [ -3.053157293431093, 56.459030792660599 ], [ -3.053491098384769, 56.459189723212262 ], [ -3.053561235553024, 56.459205295180844 ], [ -3.053821318329509, 56.459219252880054 ], [ -3.053827410694232, 56.45979152887616 ], [ -3.053753777211648, 56.459886464430404 ], [ -3.053762738273235, 56.460209826981099 ], [ -3.053794425926962, 56.460242790534359 ], [ -3.053897703616593, 56.460276044413149 ], [ -3.054383115432727, 56.460285393168171 ], [ -3.054480138971899, 56.460329568251119 ], [ -3.054588884305715, 56.460449001881308 ], [ -3.053881590617074, 56.460694019891896 ], [ -3.054576945459893, 56.461248762813781 ], [ -3.055220634011186, 56.461696067458782 ], [ -3.055750759435928, 56.462028469566476 ], [ -3.056442676673231, 56.462399910535169 ], [ -3.05785304972895, 56.463041957535729 ], [ -3.05842084950897, 56.463269836126891 ], [ -3.058940649993792, 56.463460398658015 ], [ -3.061056208559066, 56.464190700254456 ], [ -3.061742211855892, 56.464409469871661 ], [ -3.062374995852999, 56.464634081242529 ], [ -3.06274868965685, 56.464766508584837 ], [ -3.06300275750797, 56.464448976311111 ], [ -3.063160766741322, 56.464352414706475 ], [ -3.063841283217958, 56.464020447297194 ], [ -3.06443899949348, 56.463752060812617 ], [ -3.065821620931115, 56.463225347355021 ], [ -3.067026991864839, 56.462863703744553 ], [ -3.068066629010998, 56.462609461690278 ], [ -3.06935792589004, 56.462359327358932 ], [ -3.070642969881609, 56.462177584809325 ], [ -3.071678911327782, 56.462083310049593 ], [ -3.072902219304392, 56.462014262629893 ], [ -3.07922765762021, 56.461828251605212 ], [ -3.080308007542187, 56.461809864326021 ], [ -3.081531422323941, 56.461801898410229 ], [ -3.083190411340412, 56.461818859061928 ], [ -3.08647144565326, 56.461917797439149 ], [ -3.087476025201344, 56.461921569054361 ], [ -3.08754843721516, 56.462353057454628 ], [ -3.088490312374143, 56.464926040321927 ], [ -3.08854664200846, 56.465192400887922 ], [ -3.088620954115796, 56.465638243556874 ], [ -3.088722169866776, 56.46593923909618 ], [ -3.089011226491348, 56.466397658136785 ], [ -3.089427457987892, 56.466936693895519 ], [ -3.091876867434558, 56.470108247788971 ], [ -3.092010159834773, 56.470229229304309 ], [ -3.092148095721535, 56.47033948180335 ], [ -3.092301409294404, 56.470533040865604 ], [ -3.092427828499998, 56.470754770385341 ], [ -3.092646410532691, 56.471128381286348 ], [ -3.093755452140579, 56.472778027800416 ], [ -3.094378178395653, 56.473715913535351 ], [ -3.095527795934034, 56.47541646965896 ], [ -3.095873728106809, 56.475929065364895 ], [ -3.0968387160052, 56.47673726215416 ], [ -3.097189831695431, 56.477089931259393 ], [ -3.09728233730729, 56.477257164082339 ], [ -3.098041217469245, 56.479250359510488 ], [ -3.095327877056058, 56.479518731004191 ], [ -3.094335500458529, 56.479619998301366 ], [ -3.093105142267741, 56.479745897416379 ], [ -3.09301007206563, 56.479768291006174 ], [ -3.09292095597266, 56.479830152833472 ], [ -3.092826728298473, 56.479942357165051 ], [ -3.092812109239688, 56.479997275663536 ], [ -3.092856844966369, 56.480482081749606 ], [ -3.092828532420166, 56.480628735989811 ], [ -3.092707785334484, 56.480889464441105 ], [ -3.092656110471291, 56.480954588387057 ], [ -3.092525975410849, 56.481000733286024 ], [ -3.092302397128961, 56.481018868414054 ], [ -3.0920647234038, 56.480998415027756 ], [ -3.09175123502822, 56.48093919806125 ], [ -3.091647326948032, 56.480938315041755 ], [ -3.091472566846668, 56.480959612205631 ], [ -3.091203639205054, 56.481034819672793 ], [ -3.091024724632154, 56.481135193213476 ], [ -3.090994272417005, 56.481151627445122 ], [ -3.090201315466859, 56.481808161860016 ], [ -3.089986519685786, 56.481964625991033 ], [ -3.089741645294512, 56.482085336125692 ], [ -3.089460051239483, 56.482176728418601 ], [ -3.089357975157824, 56.481161507938729 ], [ -3.089332262622153, 56.480890391515032 ], [ -3.088383764508645, 56.480824162714796 ], [ -3.087855533500386, 56.480464938840569 ], [ -3.08713588168213, 56.480054306981053 ], [ -3.086621734735194, 56.479845041225907 ], [ -3.086549573594251, 56.479821422220155 ], [ -3.085780832151315, 56.479565789385568 ], [ -3.085226775141936, 56.479322646500172 ], [ -3.084547608679905, 56.478963830005306 ], [ -3.084139938129192, 56.478900925958712 ], [ -3.084040208481503, 56.47921984292369 ], [ -3.083999320755145, 56.479550821481148 ], [ -3.084008320065033, 56.479692656033947 ], [ -3.084077134807421, 56.479885253945959 ], [ -3.084096446713568, 56.479938078010917 ], [ -3.084380949626095, 56.480234778428915 ], [ -3.084530188861192, 56.480459008468038 ], [ -3.084532026571118, 56.48046707568119 ], [ -3.084568505858172, 56.480661662830165 ], [ -3.084503150657634, 56.480932676823443 ], [ -3.084242505229323, 56.481242221686806 ], [ -3.084187494224915, 56.481308269352958 ], [ -3.083573468692721, 56.48192457447837 ], [ -3.083465047728287, 56.481995578335912 ], [ -3.082975873707742, 56.482094245347618 ], [ -3.082914947278043, 56.482117231486669 ], [ -3.082890185994125, 56.482159662446847 ], [ -3.082880214476549, 56.482439174045098 ], [ -3.082533235053341, 56.48279707186294 ], [ -3.082374561911254, 56.482871208188193 ], [ -3.081822909810313, 56.483000054712271 ], [ -3.082017393735746, 56.483214821877013 ], [ -3.07487844399435, 56.484212110265837 ], [ -3.074393708322217, 56.484299028881303 ], [ -3.07392049544459, 56.484443239213846 ], [ -3.073587959271476, 56.484515275253273 ], [ -3.073282299591205, 56.484500852039744 ], [ -3.071732666790403, 56.484308464806574 ], [ -3.068501017561761, 56.484008392219245 ], [ -3.066209300701451, 56.4839292941924 ], [ -3.063455958933505, 56.483835247354229 ], [ -3.061115063218566, 56.483796895815516 ], [ -3.05980254781168, 56.483779275272518 ], [ -3.058667108658328, 56.483764712124994 ], [ -3.058291600195064, 56.48374635738967 ], [ -3.057828444088139, 56.483676653180382 ], [ -3.05749937302915, 56.483580656921447 ], [ -3.057338061036659, 56.48349930784358 ], [ -3.056848453674868, 56.483176448039536 ], [ -3.056468320725336, 56.482996455538732 ], [ -3.056111054137247, 56.482935724283394 ], [ -3.054449583697932, 56.482803354376024 ], [ -3.053540046917413, 56.48273652666829 ], [ -3.052429799375135, 56.482634569767292 ], [ -3.051219285736511, 56.482542343821713 ], [ -3.051157434021702, 56.482537477821111 ], [ -3.051090739461541, 56.482531755254669 ], [ -3.05108510074193, 56.482565036115318 ], [ -3.051070159692799, 56.482668542862079 ], [ -3.051031134341067, 56.483019252214632 ], [ -3.050976088612011, 56.484025054340073 ], [ -3.050978133521398, 56.484921693395549 ], [ -3.050976266926692, 56.486494877609161 ], [ -3.05096283203313, 56.488182228029864 ], [ -3.050939064145709, 56.489844607096856 ], [ -3.050957898432789, 56.490351112040024 ], [ -3.051052655736245, 56.490901075856875 ], [ -3.051168327296782, 56.491500262260061 ], [ -3.051361368064435, 56.492490501478144 ], [ -3.051342112510723, 56.492554435631781 ], [ -3.0512875160268, 56.492580047407024 ], [ -3.051227628186243, 56.492588638808137 ], [ -3.051134917597573, 56.492582238051263 ], [ -3.047483598532441, 56.491689489942701 ], [ -3.047272489239626, 56.492221384077524 ], [ -3.04812097717803, 56.492421795458618 ], [ -3.048374871898495, 56.492441208043552 ], [ -3.049363674378974, 56.492664587957279 ], [ -3.049892997054154, 56.492838044104872 ], [ -3.051311884831665, 56.493165642924922 ], [ -3.051442278173922, 56.493769201606767 ], [ -3.052032789662231, 56.496853083213367 ], [ -3.051407177502242, 56.497020955375049 ], [ -3.051417299934409, 56.497033444347103 ], [ -3.049211010908393, 56.497606473855527 ], [ -3.048922154398212, 56.497675380065019 ], [ -3.044958136298423, 56.498717835223623 ], [ -3.04494588909414, 56.498686501605313 ], [ -3.0441995661496, 56.498777210526598 ], [ -3.041643336252732, 56.499095175993808 ], [ -3.039046318708948, 56.499407141650522 ], [ -3.037418989618316, 56.499597693315451 ], [ -3.036330873464701, 56.499724532571051 ], [ -3.035155640053205, 56.499878944977318 ], [ -3.032137646901113, 56.500243676730996 ], [ -3.031777207168724, 56.50031224040557 ], [ -3.031668357457395, 56.500368024826344 ], [ -3.03153302810629, 56.50046974578899 ], [ -3.031562694728415, 56.500774211628496 ], [ -3.031726693924454, 56.502457271206573 ], [ -3.024052005627159, 56.502208144874828 ], [ -3.023956474721862, 56.502217016956948 ], [ -3.022454689327431, 56.502169262409488 ], [ -3.021085062945664, 56.502125694815909 ], [ -3.020927291067184, 56.502061424461431 ], [ -3.012691752791802, 56.501787462166753 ], [ -3.009781225751022, 56.501689819611535 ], [ -3.009607745426077, 56.501643626086889 ], [ -3.00897742481365, 56.50139716662089 ], [ -3.008719090799995, 56.501272620555056 ], [ -3.008624586728564, 56.501204227670179 ], [ -3.008442279314532, 56.501188643284856 ], [ -3.008344459758481, 56.501298118132155 ], [ -3.008054858729603, 56.501161160994343 ], [ -3.007820258343181, 56.501012169544317 ], [ -3.006949853442013, 56.500348104580361 ], [ -3.005911866663704, 56.499616140298969 ], [ -3.00574171523588, 56.499507939812347 ], [ -3.00523370385662, 56.499158976538936 ], [ -3.00520949147652, 56.499160070992218 ], [ -3.004776287932587, 56.498874270924929 ], [ -3.004341158729064, 56.498636986550132 ], [ -3.003550747655456, 56.498233714477443 ], [ -3.00351725876518, 56.498253745513843 ], [ -3.003227439594537, 56.498106987922021 ], [ -3.003287458001873, 56.498041744030779 ], [ -3.002792044628881, 56.497858922578487 ], [ -3.002774543668963, 56.497870740993854 ], [ -3.002254121495939, 56.497663778726057 ], [ -3.002266755081267, 56.497650203682483 ], [ -3.002178339559256, 56.497623972082479 ], [ -3.002173140522962, 56.49760964253128 ], [ -3.001322911328995, 56.497216719243532 ], [ -3.00088162767026, 56.497542815420374 ], [ -3.000909271784332, 56.497733007935743 ], [ -3.000930734118881, 56.498547760436452 ], [ -2.997120493588412, 56.498076146794347 ], [ -2.99514257225726, 56.498286110413467 ], [ -2.994655822530194, 56.497936932692255 ], [ -2.994465334346075, 56.49773088740028 ], [ -2.993290366411024, 56.497029647031759 ], [ -2.993088442331503, 56.496944138202061 ], [ -2.992964163081121, 56.496913695500886 ], [ -2.992723858523179, 56.49691741276343 ], [ -2.992414110816489, 56.496877584484274 ], [ -2.990820142126069, 56.49648424279566 ], [ -2.99062086991679, 56.496443617495366 ], [ -2.990415803907525, 56.496427289747707 ], [ -2.989900126733616, 56.496332601637455 ], [ -2.989532953092644, 56.496206099320176 ], [ -2.989142015768682, 56.496041252824007 ], [ -2.988568638830873, 56.495854415477062 ], [ -2.988381798810116, 56.495848717911272 ], [ -2.988160077921072, 56.495881918977702 ], [ -2.988059363159929, 56.495881821944693 ], [ -2.987889724643185, 56.495852633558357 ], [ -2.987755213206382, 56.49580430273808 ], [ -2.987603536491132, 56.495657219452077 ], [ -2.987454121385887, 56.49559194183017 ], [ -2.987379034344396, 56.495578167416973 ], [ -2.986926717189142, 56.495550326650047 ], [ -2.986619755629532, 56.495550071495529 ], [ -2.986455174957217, 56.495591797238859 ], [ -2.986349279694692, 56.495706798060183 ], [ -2.986271375529207, 56.495770289806906 ], [ -2.986171523278931, 56.495803417764122 ], [ -2.985924545979885, 56.495802683592849 ], [ -2.985687431624943, 56.495800075554556 ], [ -2.985457260561105, 56.495822560249863 ], [ -2.985209119601837, 56.495900875209578 ], [ -2.984989251090191, 56.496000521724092 ], [ -2.984781122175816, 56.496057051085664 ], [ -2.984163070477468, 56.496150871950874 ], [ -2.983902585553731, 56.496125092715751 ], [ -2.983741862171311, 56.496191933534206 ], [ -2.983523883091887, 56.496245754640427 ], [ -2.983356828112385, 56.496254263489064 ], [ -2.983137194106351, 56.496238937713606 ], [ -2.983013110643664, 56.496215668504497 ], [ -2.982802020976833, 56.496152670610051 ], [ -2.982614422196345, 56.496060744453246 ], [ -2.982476613249125, 56.495946777039443 ], [ -2.982379928759371, 56.495848742303131 ], [ -2.9823221894189, 56.495687435768545 ], [ -2.982322569822223, 56.495577854436981 ], [ -2.982358093841807, 56.495506617226319 ], [ -2.982345575696699, 56.495462705249473 ], [ -2.982106920628905, 56.495213910300947 ], [ -2.981937629742094, 56.495078635094295 ], [ -2.981899414794323, 56.494978340720905 ], [ -2.98192565697275, 56.494864064463776 ], [ -2.981915330133554, 56.494780524670368 ], [ -2.981877444789334, 56.494698192006325 ], [ -2.981743392123829, 56.494537578590609 ], [ -2.98169537951556, 56.494503827377365 ], [ -2.981524891249377, 56.494441314166721 ], [ -2.981272809049955, 56.494366961823459 ], [ -2.980884121617227, 56.4942820112988 ], [ -2.980597982662439, 56.494273493058529 ], [ -2.980198345520987, 56.494335031303649 ], [ -2.979505228229758, 56.494415050507065 ], [ -2.979293110942105, 56.494503937137608 ], [ -2.979026279844912, 56.494673103645809 ], [ -2.978784252114883, 56.494734291832948 ], [ -2.978407554757577, 56.49480282813618 ], [ -2.978133719689976, 56.494830224715798 ], [ -2.977611575979403, 56.494862180682439 ], [ -2.977431889234315, 56.494889642934652 ], [ -2.977184762185872, 56.494940089505782 ], [ -2.976169119509163, 56.495238281646373 ], [ -2.975993308907176, 56.495286369072211 ], [ -2.975642305527123, 56.495406788929564 ], [ -2.975413434856776, 56.495412180000017 ], [ -2.975268180363587, 56.495388171967164 ], [ -2.975132029055388, 56.495332655942995 ], [ -2.975057654390334, 56.495283840351476 ], [ -2.97477161243049, 56.494960855599402 ], [ -2.974629472464573, 56.494864968075476 ], [ -2.97448316074023, 56.494799561186866 ], [ -2.974207911391295, 56.494766692088938 ], [ -2.973695728473779, 56.494811127912705 ], [ -2.973516288848019, 56.494843072901212 ], [ -2.973296806372285, 56.49483850640609 ], [ -2.972780850020681, 56.494793150392006 ], [ -2.972680321726937, 56.494800225258707 ], [ -2.972462564479528, 56.494863007648327 ], [ -2.972116899261269, 56.494872989225719 ], [ -2.972002187419334, 56.494833379536132 ], [ -2.971563768819523, 56.494646397405013 ], [ -2.971516316909742, 56.494571321654981 ], [ -2.971477465748199, 56.494513154541011 ], [ -2.971427925075844, 56.494482105895422 ], [ -2.970881964334151, 56.49441003099556 ], [ -2.969934193516433, 56.49424669486551 ], [ -2.969603953869901, 56.494225922268612 ], [ -2.969601292594279, 56.494252888025585 ], [ -2.969595716659771, 56.494286254537045 ], [ -2.96959667881004, 56.494323970523801 ], [ -2.969595712561391, 56.494349127070294 ], [ -2.969593007089289, 56.49437429719935 ], [ -2.969588622526671, 56.494391396320587 ], [ -2.969582630297099, 56.494408508895098 ], [ -2.969576413242172, 56.494422029483893 ], [ -2.969559315402885, 56.494450006414468 ], [ -2.969507410205858, 56.494520469928993 ], [ -2.969390814127129, 56.49465889124717 ], [ -2.969313388841408, 56.494742128418231 ], [ -2.969227861854515, 56.494828123186132 ], [ -2.969178662934723, 56.4948734164185 ], [ -2.969156383248811, 56.494892541920571 ], [ -2.969133988374651, 56.494907087197234 ], [ -2.969109985775264, 56.494921645018536 ], [ -2.96901241330864, 56.494981686213315 ], [ -2.968964316347076, 56.495007210573462 ], [ -2.968914613231699, 56.495032747447816 ], [ -2.968816808718355, 56.495078419822484 ], [ -2.968715611205105, 56.495122321718675 ], [ -2.968607873933519, 56.495167172981198 ], [ -2.968566108415417, 56.495183666131659 ], [ -2.96853223929299, 56.495194708859195 ], [ -2.968089472248889, 56.495346451333567 ], [ -2.968058770912123, 56.495355672399711 ], [ -2.968200997440727, 56.495965503228952 ], [ -2.968311652861341, 56.496545042459537 ], [ -2.968372324529577, 56.497270476441599 ], [ -2.968397687344768, 56.497566766468438 ], [ -2.968507601014042, 56.499903595754319 ], [ -2.968477380696519, 56.500247116891067 ], [ -2.968460439754616, 56.500281379883923 ], [ -2.967707638221808, 56.500321379614398 ], [ -2.966232526790923, 56.5003786755154 ], [ -2.961927485069864, 56.500631348431128 ], [ -2.959556778192734, 56.500289341967203 ], [ -2.959506221181482, 56.500281648525544 ], [ -2.95962432649413, 56.49987736310235 ], [ -2.959831640215856, 56.49920823749494 ], [ -2.959856708516071, 56.499108345620456 ], [ -2.9598145468382, 56.499045799307588 ], [ -2.959024204650391, 56.49881829196368 ], [ -2.958962811767604, 56.498832239047829 ], [ -2.954783874108097, 56.499706213452043 ], [ -2.95388277860563, 56.499724007846027 ], [ -2.953735861719715, 56.499761961323991 ], [ -2.95368168838998, 56.499738127018368 ], [ -2.950889545916249, 56.499816126461489 ], [ -2.95036192285339, 56.499760886391286 ], [ -2.949315272599572, 56.49967808724417 ], [ -2.947469541412913, 56.503440453164963 ], [ -2.94720361118714, 56.50398156777986 ], [ -2.946305924273477, 56.503688329733627 ], [ -2.946097441584357, 56.503600100839655 ], [ -2.945958777926032, 56.503513045951806 ], [ -2.945786431414974, 56.503375140959655 ], [ -2.944986905142208, 56.50264903481974 ], [ -2.943736814069706, 56.501507617824927 ], [ -2.94355966253513, 56.501304988264856 ], [ -2.943407783102204, 56.501078904255309 ], [ -2.943294581699385, 56.500905427796567 ], [ -2.943129470228472, 56.500599416076618 ] ] ] },"properties": {}
    }
  ]
}